runway_trough_mo,current_runway_mo,dscr,debt_to_revenue,operating_margin,revenue_cv,predictability_cv,trend_pct,expense_rev_corr,months_negative,seasonality_strength,log_avg_revenue,has_receivables,dso_days,default_prob_true,default
3.217214,6.48356,12.0,0.0,0.124156,0.037908,0.029951,3.353593,1.0,0.0,0.909555,11.187373,0.0,0.0,0.0336,0
2.583787,6.819466,12.0,0.0,0.155208,0.314698,0.066035,-9.314655,1.0,0.0,0.996497,10.902507,0.0,0.0,0.0648,0
1.989284,5.658618,2.693083,0.085762,0.230963,0.582634,0.035321,5.380051,1.0,0.0,0.999965,10.502248,0.0,0.0,0.0268,0
2.944104,2.944104,0.938478,0.15898,0.149199,0.114102,0.070858,-18.818888,1.0,0.0,0.537483,10.758435,0.0,0.0,0.1179,0
2.863282,5.126979,12.0,0.0,0.090751,0.306196,0.039465,-16.381932,1.0,0.0,0.99931,10.506868,0.0,0.0,0.1021,0
3.356881,9.063668,12.0,0.0,0.217151,0.610055,0.025742,2.659018,1.0,0.0,0.999967,10.911519,0.0,0.0,0.023,0
2.920821,18.106142,12.0,0.024402,0.401182,0.73955,0.021185,18.932951,1.0,0.0,0.993673,12.119693,0.0,0.0,0.022,0
6.187445,16.623137,8.250559,0.045775,0.377672,0.622461,0.046205,-15.914567,1.0,0.0,0.999138,11.106598,0.0,0.0,0.1082,0
1.925074,2.321347,0.704666,0.103231,0.072743,0.173454,0.020939,30.431296,1.0,0.0,0.964349,10.939605,0.0,0.0,0.6423,1
1.960582,21.522479,12.0,0.0,0.451314,0.94228,0.857688,3.718227,1.0,0.0,0.883297,11.865471,0.0,0.0,0.3215,0
1.574123,12.854759,12.0,0.0,0.328502,0.618683,0.717379,44.002838,1.0,0.0,0.96197,11.869798,0.0,0.0,0.2679,1
0.474662,3.260503,2.145206,0.097765,0.209726,0.606365,0.038229,15.925964,1.0,0.0,0.998665,9.89198,0.0,0.0,0.1839,1
2.18861,6.941393,2.443469,0.116885,0.285604,0.098381,0.02901,13.766284,1.0,0.0,0.933307,12.221963,0.0,0.0,0.0229,0
4.141057,7.791704,12.0,0.0,0.133193,1.094784,0.079412,7.757819,1.0,0.0,0.999691,10.174284,0.0,0.0,0.0261,0
0.796254,9.628154,12.0,0.0,0.277369,0.310932,0.040362,-8.963816,1.0,0.0,0.999303,10.874749,0.0,0.0,0.6174,0
1.012222,6.998578,12.0,0.0,0.203251,1.124804,0.030186,0.556791,1.0,0.0,0.999999,9.985576,0.0,0.0,0.11,0
1.738922,5.421583,12.0,0.0,0.132504,0.642954,0.076778,33.972746,1.0,0.0,0.996374,11.734264,0.0,0.0,0.0632,0
4.448739,28.480176,12.0,0.0,0.525039,0.616164,0.06904,-0.248758,1.0,0.0,0.999921,11.420493,0.0,0.0,0.0247,0
1.253098,5.384237,1.76475,0.13342,0.235453,0.320954,0.344722,19.761099,-0.434437,0.0,0.993577,10.882314,1.0,55.785714,0.0558,1
1.536505,7.390416,12.0,0.0,0.183027,0.733156,0.043399,-18.566564,1.0,0.0,0.990865,11.036926,0.0,0.0,0.2159,1
3.480134,12.396995,12.0,0.0,0.287757,0.592716,0.042575,12.60666,1.0,0.0,0.999847,11.826186,0.0,0.0,0.0235,0
2.452331,4.647183,2.084413,0.082938,0.172876,0.05859,0.036412,-8.905679,1.0,0.0,0.628036,10.49183,0.0,0.0,0.0597,0
4.633893,6.07336,1.466262,0.137618,0.201784,0.140746,0.041862,-21.303503,1.0,0.0,0.889068,10.739978,0.0,0.0,0.1836,0
1.485117,9.950857,2.73172,0.15166,0.414293,1.090818,0.054027,25.754599,1.0,0.0,0.998014,11.181101,0.0,0.0,0.049,0
3.948599,10.017605,12.0,0.0,0.204246,1.102639,0.023073,2.358446,1.0,0.0,0.999951,10.223499,0.0,0.0,0.0234,0
-1.458982,-1.458982,-0.572568,0.124257,-0.071145,0.759144,0.117053,-22.328421,1.0,10.0,0.982455,9.638313,0.0,0.0,0.41,1
1.767164,9.278707,12.0,0.0,0.24319,0.319095,0.095239,11.436242,1.0,0.0,0.995017,11.081336,0.0,0.0,0.0274,0
1.541672,1.656193,12.0,0.0,-0.020633,0.726872,0.691999,-5.877328,1.0,0.0,0.93596,10.607033,0.0,0.0,0.9056,1
4.678308,9.297662,12.0,0.0,0.170672,0.136214,0.059862,-21.811988,1.0,0.0,0.778635,10.464898,0.0,0.0,0.1811,0
2.621193,8.275198,10.494967,0.019496,0.204605,0.855228,0.932023,-2.935808,1.0,0.0,0.905872,11.673177,0.0,0.0,0.3405,1
-0.870533,-0.600665,12.0,0.0,-0.048762,0.622134,0.033604,-16.763708,1.0,8.0,0.998718,9.881056,0.0,0.0,0.9444,1
4.437788,10.031437,12.0,0.0,0.226705,0.665566,0.510634,-65.580274,1.0,0.0,0.859296,10.929667,0.0,0.0,0.4597,1
0.407558,6.751209,12.0,0.0,0.216109,0.302632,0.0517,-5.54917,1.0,0.0,0.991814,10.399874,0.0,0.0,0.6186,0
2.033582,6.88416,4.69582,0.045792,0.215029,1.08069,0.06335,20.714626,1.0,0.0,0.998921,10.693031,0.0,0.0,0.0257,0
1.763229,4.553266,12.0,0.0,0.103752,0.290275,0.076591,14.078949,1.0,0.0,0.995473,11.075796,0.0,0.0,0.0578,0
2.067899,15.609106,12.0,0.0,0.382007,0.609608,0.057147,33.119307,1.0,0.0,0.992784,9.875943,0.0,0.0,0.0792,0
-5.593461,-5.593461,-1.057135,0.166703,-0.176228,1.107672,0.042733,-10.729968,1.0,18.0,0.99913,10.500491,0.0,0.0,0.7787,1
3.373364,13.095752,3.398259,0.129146,0.438873,0.599635,0.043291,29.613087,1.0,0.0,0.996676,10.898483,0.0,0.0,0.0235,0
1.523241,16.357666,12.0,0.0,0.39176,0.334156,0.056975,-13.039523,1.0,0.0,0.995891,9.905906,0.0,0.0,0.7163,1
1.349118,9.706457,12.0,0.0,0.261228,0.336328,0.108557,29.469016,1.0,0.0,0.99207,10.982542,0.0,0.0,0.0374,0
4.843881,10.010565,12.0,0.0,0.17744,1.092697,0.067004,22.961388,1.0,0.0,0.998605,10.907591,0.0,0.0,0.024,0
4.028321,6.064001,1.884405,0.119173,0.22457,0.630209,0.027924,-21.976162,1.0,0.0,0.997907,11.566958,0.0,0.0,0.1124,0
1.290774,1.290774,12.0,0.0,-0.044797,1.082814,0.040566,11.203712,1.0,0.0,0.999663,11.104858,0.0,0.0,0.0264,0
1.398411,1.398411,12.0,0.0,-0.060579,0.134247,0.031386,-23.402729,1.0,0.0,0.999628,11.726594,0.0,0.0,0.3375,0
-1.260918,-1.011488,-0.093407,0.094573,-0.008834,0.595948,0.020116,-2.78099,1.0,9.0,0.999995,11.239156,0.0,0.0,0.2817,0
2.132469,8.8256,4.015804,0.058006,0.232942,0.449336,0.522105,23.24104,0.252509,0.0,0.710874,10.534604,1.0,54.672,0.0219,0
4.145307,5.336395,12.0,0.0,0.050624,0.051354,0.034121,-5.995107,1.0,0.0,0.532628,10.362494,0.0,0.0,0.0879,0
3.102969,10.257054,12.0,0.0,0.235869,0.298648,0.025961,-1.868795,1.0,0.0,0.999931,10.605447,0.0,0.0,0.0237,0
2.312179,7.34133,12.0,0.0,0.174728,0.33149,0.057426,25.716179,1.0,0.0,0.998606,11.124628,0.0,0.0,0.0427,0
0.576587,4.545693,12.0,0.0,0.147375,0.063467,0.060356,4.270557,1.0,0.0,0.298202,9.816797,0.0,0.0,0.1952,0
3.124057,6.629374,1.905378,0.153653,0.292767,0.595959,0.054086,10.511413,1.0,0.0,0.999598,10.556236,0.0,0.0,0.0233,0
2.442398,9.175236,12.0,0.0,0.224847,0.287723,0.046393,6.502488,1.0,0.0,0.999336,11.026253,0.0,0.0,0.0259,0
2.715532,3.923818,1.244484,0.119249,0.148403,0.608386,0.075513,14.904821,1.0,0.0,0.999359,11.14417,0.0,0.0,0.0526,0
1.050741,4.186448,3.623956,0.043886,0.15904,0.61036,0.775282,-6.874132,1.0,0.0,0.772741,10.872268,0.0,0.0,0.9599,0
0.706919,2.830853,12.0,0.0,0.059893,1.123879,0.047715,33.802587,1.0,0.0,0.996823,10.26207,0.0,0.0,0.0449,0
0.617143,2.623619,1.743961,0.108626,0.18944,0.024176,0.023355,-1.2116,1.0,0.0,0.949007,11.272037,0.0,0.0,0.158,0
1.617759,1.617759,12.0,0.0,-0.119674,0.367843,0.081943,-22.288886,1.0,0.0,0.993746,10.553976,0.0,0.0,0.4764,0
-2.190811,-2.190811,0.161367,0.160199,0.025851,1.146129,0.086763,17.373835,1.0,13.0,0.999039,10.78363,0.0,0.0,0.1288,0
1.111673,13.937684,12.0,0.0,0.357684,0.04473,0.048233,5.109822,1.0,0.0,0.94961,10.799612,0.0,0.0,0.1141,0
1.459659,11.193297,3.534392,0.115811,0.409321,0.147168,0.050032,23.279167,1.0,0.0,0.975994,11.611089,0.0,0.0,0.0315,0
0.233469,12.255557,6.862573,0.051284,0.351943,0.475165,0.47601,40.663843,0.327872,0.0,0.923591,11.200375,1.0,55.664122,0.0224,0
0.431833,2.74387,4.822667,0.023368,0.112694,0.061961,0.044539,7.739478,1.0,0.0,0.741807,11.788706,0.0,0.0,0.2373,0
0.184941,0.264985,0.9028,0.239283,0.216025,0.689055,0.053577,-40.900634,1.0,0.0,0.989914,9.872005,0.0,0.0,0.9952,1
2.436631,2.436631,12.0,0.0,-0.030509,0.250437,0.051077,-43.390422,1.0,0.0,0.894239,10.264598,0.0,0.0,0.5589,1
3.125648,22.225576,12.0,0.0,0.45347,0.353559,0.091256,-23.877094,1.0,0.0,0.992997,10.62764,0.0,0.0,0.1492,0
4.295928,14.160628,12.0,0.0,0.298426,1.152606,0.050908,-3.849298,1.0,0.0,0.999959,10.253249,0.0,0.0,0.0392,0
1.641513,11.819305,4.380568,0.089206,0.390775,0.153714,0.045249,26.640365,1.0,0.0,0.975011,11.557468,0.0,0.0,0.027,0
1.157449,13.544469,12.0,0.0,0.344246,0.348605,0.063059,21.83677,1.0,0.0,0.994653,10.671569,0.0,0.0,0.0558,0
1.996319,3.592371,1.532808,0.122319,0.187491,0.040679,0.037362,-3.100568,1.0,0.0,0.794082,10.802917,0.0,0.0,0.0358,0
1.880554,11.379072,4.648509,0.079916,0.371491,0.65585,0.599101,19.166874,1.0,0.0,0.946837,10.319362,0.0,0.0,0.2345,0
4.03436,6.21949,1.638462,0.182278,0.298656,0.605914,0.047423,-18.088165,1.0,0.0,0.999114,10.135634,0.0,0.0,0.0981,0
0.752481,0.752481,0.452705,0.136286,0.061697,0.090172,0.060586,-11.146747,1.0,0.0,0.972025,11.159976,0.0,0.0,0.2115,0
0.085778,1.711039,1.99462,0.063464,0.126587,0.090745,0.051692,12.414857,1.0,0.0,0.931129,10.988193,0.0,0.0,0.4769,0
3.885733,5.811796,12.0,0.0,0.110221,0.620448,0.104004,-17.951955,1.0,0.0,0.998384,11.484805,0.0,0.0,0.1042,0
2.305835,6.957633,3.712942,0.061995,0.230183,0.095942,0.121578,-7.059559,1.0,0.0,0.922864,11.256642,0.0,0.0,0.0444,0
3.21877,4.991259,2.178028,0.057293,0.124785,1.081097,0.06512,-8.575033,1.0,0.0,0.999648,9.735537,0.0,0.0,0.064,0
0.521877,8.383814,7.166121,0.040123,0.287524,0.769606,0.819011,57.778676,1.0,0.0,0.581574,11.534415,0.0,0.0,0.523,1
2.191993,14.37577,6.330097,0.064508,0.408341,0.071133,0.030459,11.705546,1.0,0.0,0.744838,11.620908,0.0,0.0,0.022,0
4.404106,8.801756,1.771517,0.214022,0.379143,0.381206,0.033084,-33.280832,1.0,0.0,0.986607,10.988013,0.0,0.0,0.3025,1
2.411308,20.031321,4.773573,0.11439,0.546048,0.090032,0.01808,15.199903,1.0,0.0,0.928711,10.870157,0.0,0.0,0.0218,0
1.821872,10.53768,5.250758,0.066167,0.347427,0.173512,0.061453,-26.721885,1.0,0.0,0.537641,9.889613,0.0,0.0,0.8701,1
3.545683,5.216924,1.547144,0.123212,0.190627,0.096262,0.089831,12.342869,1.0,0.0,0.884166,11.459134,0.0,0.0,0.0424,0
2.091887,2.457928,12.0,0.0,0.017833,0.33227,0.038245,-20.919433,1.0,0.0,0.997308,10.489788,0.0,0.0,0.1946,1
4.322447,15.138824,12.0,0.028237,0.366666,0.615393,0.031117,-19.462215,1.0,0.0,0.998048,10.055709,0.0,0.0,0.0769,0
-1.236284,-1.236284,-0.394841,0.075036,-0.029627,0.065019,0.064013,-2.434026,1.0,13.0,0.937252,11.546341,0.0,0.0,0.7634,1
0.193726,3.543423,12.0,0.0,0.121421,1.071135,0.020182,27.237696,1.0,0.0,0.997995,10.868639,0.0,0.0,0.1889,0
-0.346868,8.694468,12.0,0.0,0.237102,0.449914,0.411262,18.171244,0.21607,2.0,0.976475,10.95032,1.0,55.544118,0.0457,0
2.262611,2.262611,0.411165,0.043384,0.017838,0.043264,0.05441,-1.357991,1.0,0.0,0.856639,11.013599,0.0,0.0,0.1882,0
1.239096,9.13692,12.0,0.0,0.238803,0.742857,0.042183,-3.367099,1.0,0.0,0.9993,10.25244,0.0,0.0,0.0546,0
2.59048,23.126221,12.0,0.0,0.471432,0.073889,0.04028,-9.219683,1.0,0.0,0.723289,11.114455,0.0,0.0,0.0956,0
3.262002,7.3038,12.0,0.0,0.153473,0.365846,0.064979,-25.30015,1.0,0.0,0.9958,11.486023,0.0,0.0,0.2132,1
3.710941,4.03737,12.0,0.0,0.007853,1.086086,0.052163,0.541395,1.0,0.0,0.999992,10.15351,0.0,0.0,0.0255,0
1.067862,14.056652,12.0,0.0,0.355666,1.121907,0.057063,1.008386,1.0,0.0,0.999996,10.86369,0.0,0.0,0.1283,0
2.705543,14.915111,9.409885,0.040701,0.382996,0.179243,0.02643,30.542125,1.0,0.0,0.720976,11.209662,0.0,0.0,0.0217,0
2.524206,7.488229,12.0,0.0,0.178528,0.073949,0.070766,-9.975039,1.0,0.0,0.670675,9.826461,0.0,0.0,0.0598,0
2.911013,20.143816,12.0,0.0,0.415109,0.718958,0.025927,1.900835,1.0,0.0,0.999648,10.728688,0.0,0.0,0.0221,1
2.925855,10.357839,3.169848,0.11992,0.380129,0.652248,0.825383,-29.731141,1.0,0.0,0.825779,11.090854,0.0,0.0,0.2991,0
0.823569,5.641512,4.465754,0.050466,0.225368,0.734672,0.912654,-5.877369,1.0,0.0,0.790131,10.965917,0.0,0.0,0.5838,1
-1.965146,-1.965146,0.152572,0.165166,0.0252,0.752133,0.084482,-24.97046,1.0,15.0,0.961998,10.430824,0.0,0.0,0.9663,1
0.563183,16.529873,12.0,0.0,0.386082,0.421024,0.433556,43.946216,0.318277,0.0,0.828941,12.289366,1.0,52.811594,0.0239,0
-0.159406,-0.158556,0.124341,0.050589,0.00629,0.058326,0.038841,8.94844,1.0,7.0,0.972929,10.816725,0.0,0.0,0.7159,1
0.796587,9.00827,6.557069,0.047933,0.314297,0.118277,0.080848,-15.713386,1.0,0.0,0.999348,10.797459,0.0,0.0,0.9628,1
2.831448,18.473107,12.0,0.0,0.403765,0.044153,0.057022,4.346398,1.0,0.0,0.923189,11.104002,0.0,0.0,0.024,0
0.438124,0.438124,0.895372,0.180454,0.161573,0.169097,0.057623,-27.609799,1.0,0.0,0.947725,9.85633,0.0,0.0,0.9703,1
2.084456,13.694431,12.0,0.0,0.321968,0.726306,0.034571,-10.817213,1.0,0.0,0.998316,10.977046,0.0,0.0,0.0815,0
2.038654,7.302503,3.338624,0.078983,0.263695,0.279149,0.060563,0.139843,1.0,0.0,0.999724,10.64345,0.0,0.0,0.0269,0
4.807968,13.445388,12.0,0.0,0.289403,0.624123,0.049942,-11.446046,1.0,0.0,0.999421,10.854837,0.0,0.0,0.0776,0
3.201005,3.840802,12.0,0.0,0.02366,0.090263,0.085503,10.329197,1.0,0.0,0.963643,11.356049,0.0,0.0,0.1116,0
2.080712,7.768805,12.0,0.0,0.223504,0.608888,0.010572,-12.532919,1.0,0.0,0.999369,10.369806,0.0,0.0,0.4205,0
0.315079,12.584297,12.0,0.0,0.337666,0.743789,0.124643,0.726226,1.0,0.0,0.980515,11.311978,0.0,0.0,0.193,1
2.463981,3.115079,1.28968,0.07698,0.09928,1.104502,0.019303,8.179748,1.0,0.0,0.999821,10.942324,0.0,0.0,0.0221,0
0.649741,14.253289,12.0,0.0,0.369908,0.317621,0.101715,5.16306,1.0,0.0,0.99532,11.353784,0.0,0.0,0.2209,1
-1.236754,3.610851,1.926765,0.118556,0.228429,0.395235,0.428718,17.258434,-0.169375,6.0,0.944704,11.634478,1.0,55.19084,0.162,0
0.676954,5.771503,3.294665,0.078099,0.257309,0.06016,0.063102,6.190746,1.0,0.0,0.475715,11.428874,0.0,0.0,0.1243,1
4.674725,9.60406,3.074186,0.092165,0.283334,0.605472,0.092552,14.620312,1.0,0.0,0.999316,10.880146,0.0,0.0,0.0263,0
-0.580948,-0.580948,0.165049,0.289895,0.047847,1.162049,0.072578,-24.398102,1.0,2.0,0.997109,11.029948,0.0,0.0,0.1404,0
4.203244,6.076149,1.595455,0.129122,0.206009,0.056642,0.032141,-7.876615,1.0,0.0,0.957309,11.049398,0.0,0.0,0.049,0
-2.77059,-2.77059,0.003437,0.180079,0.000619,1.105243,0.039308,-10.691407,1.0,13.0,0.999543,10.47852,0.0,0.0,0.5589,0
1.601819,7.369061,12.0,0.0,0.216079,0.591998,0.013969,12.044498,1.0,0.0,0.999323,11.566993,0.0,0.0,0.0845,0
1.593812,12.878436,5.830013,0.067622,0.394236,0.288298,0.060722,8.266661,1.0,0.0,0.997576,10.804781,0.0,0.0,0.0427,0
4.716528,14.845729,12.0,0.0,0.300268,1.078088,0.044814,33.406294,1.0,0.0,0.997012,10.340894,0.0,0.0,0.0238,0
1.802057,11.65778,12.0,0.0,0.299979,0.026663,0.025461,-1.24984,1.0,0.0,0.918474,11.054984,0.0,0.0,0.047,0
3.982083,25.725577,12.0,0.0,0.486537,0.345792,0.046437,-19.128816,1.0,0.0,0.999781,10.697687,0.0,0.0,0.126,0
1.18176,2.734756,1.35123,0.176308,0.238233,0.599174,0.028852,1.505947,1.0,0.0,0.999962,9.870919,0.0,0.0,0.0608,0
2.541738,2.977943,0.188683,0.07802,0.014721,0.729206,0.02718,0.493001,1.0,0.0,0.998241,10.155744,0.0,0.0,0.0483,0
3.844373,5.089521,1.559034,0.096508,0.150459,0.0992,0.036425,-17.786054,1.0,0.0,0.757894,11.976547,0.0,0.0,0.0896,0
1.886195,5.544034,1.603722,0.161189,0.258501,0.731168,0.098844,11.110376,1.0,0.0,0.987455,9.568785,0.0,0.0,0.0267,0
0.761227,5.464697,12.0,0.0,0.143273,0.718768,0.093722,-13.114646,1.0,0.0,0.999003,11.281501,0.0,0.0,0.398,0
1.297215,10.583838,12.0,0.0,0.288608,0.056891,0.061975,-0.476364,1.0,0.0,0.980218,11.778104,0.0,0.0,0.0812,0
3.645771,4.419693,12.0,0.0,0.029841,0.680029,0.773965,-19.073939,1.0,0.0,0.913603,11.001944,0.0,0.0,0.5879,0
-0.903565,-0.092413,0.533957,0.120473,0.064327,0.436626,0.531312,24.887334,-0.370631,18.0,0.737009,10.948218,1.0,57.347826,0.3214,0
4.036614,24.496274,12.0,0.0,0.483232,0.826198,0.823233,-47.177883,1.0,0.0,0.652039,10.720659,0.0,0.0,0.7518,1
5.204079,12.407132,12.0,0.0,0.257259,0.639142,0.034246,-23.185191,1.0,0.0,0.998158,9.854351,0.0,0.0,0.1355,1
0.276859,2.019773,2.245748,0.052169,0.117158,1.09502,0.115629,16.172033,1.0,0.0,0.999015,10.081146,0.0,0.0,0.1954,1
2.018622,9.436788,3.66153,0.071742,0.262684,0.396301,0.498404,-4.092276,0.01785,0.0,0.835029,10.054953,1.0,54.644928,0.3254,1
1.775779,3.833411,1.302158,0.189107,0.246248,1.073994,0.071493,35.733257,1.0,0.0,0.997042,10.102485,0.0,0.0,0.0263,0
3.514006,6.524881,1.552871,0.214085,0.332446,0.173158,0.100983,-24.096831,1.0,0.0,0.962604,10.548828,0.0,0.0,0.2776,1
1.846529,5.728684,2.154751,0.124833,0.268983,0.030273,0.031566,-0.245672,1.0,0.0,0.753891,10.732525,0.0,0.0,0.0227,0
5.59239,22.465318,5.645506,0.094533,0.533689,0.593963,0.042129,10.522425,1.0,0.0,0.999457,10.845904,0.0,0.0,0.0231,0
-4.998637,-4.998637,-2.832183,0.089937,-0.254717,0.500331,0.593052,-11.005447,0.190939,24.0,0.790866,10.535736,1.0,56.205882,0.9979,1
0.419867,3.694238,1.660659,0.124161,0.206189,0.796634,0.861675,62.77362,1.0,0.0,0.772887,10.895857,0.0,0.0,0.3923,0
1.411024,3.647205,1.70305,0.073137,0.124556,0.80988,0.844398,-16.196641,1.0,0.0,0.89627,10.866887,0.0,0.0,0.526,1
1.407724,5.791868,12.0,0.0,0.160828,0.022682,0.01859,-2.780909,1.0,0.0,0.989717,10.531333,0.0,0.0,0.0499,0
2.196146,7.605549,2.500178,0.126486,0.316237,0.299787,0.056876,-4.528343,1.0,0.0,0.999837,9.628632,0.0,0.0,0.0464,0
1.735863,13.150142,2.589268,0.195853,0.507116,0.735474,0.026697,-14.220704,1.0,0.0,0.991901,11.054124,0.0,0.0,0.0957,0
5.244545,15.304789,12.0,0.0,0.321624,0.605478,0.053983,-9.703764,1.0,0.0,0.999399,10.146812,0.0,0.0,0.0534,0
-3.719669,-3.719669,-0.815374,0.116319,-0.094843,0.733161,0.078946,-7.987265,1.0,24.0,0.996139,10.588575,0.0,0.0,0.971,1
2.268173,2.268173,0.948483,0.232835,0.22084,1.131548,0.019248,-0.733109,1.0,0.0,0.999993,10.129821,0.0,0.0,0.027,0
5.258507,18.502626,4.480559,0.109667,0.491369,0.600145,0.048348,-0.837176,1.0,0.0,0.9996,10.383029,0.0,0.0,0.0265,0
0.552257,1.002923,0.747138,0.062173,0.046452,0.755746,0.02697,-27.5903,1.0,0.0,0.973477,10.07296,0.0,0.0,0.9453,1
4.659358,8.439745,12.0,0.0,0.163365,0.608898,0.081384,2.481833,1.0,0.0,0.999673,10.529621,0.0,0.0,0.0265,0
2.215985,14.923755,12.0,0.0,0.354143,0.094446,0.078611,11.740212,1.0,0.0,0.942965,11.016407,0.0,0.0,0.0259,0
-1.548228,-1.200951,0.508274,0.218511,0.111063,0.725096,0.084989,-3.704851,1.0,14.0,0.99124,10.672969,0.0,0.0,0.3659,0
2.303749,7.975295,2.84135,0.106011,0.301215,0.124045,0.042473,19.313853,1.0,0.0,0.951033,10.571866,0.0,0.0,0.0255,0
4.161286,12.320162,12.0,0.0,0.273724,0.596374,0.070091,15.318712,1.0,0.0,0.998276,10.49924,0.0,0.0,0.0275,0
3.660606,7.433312,12.0,0.0,0.126367,0.824485,0.574503,-55.866934,1.0,0.0,0.951772,9.918798,0.0,0.0,0.8656,1
1.054457,21.194309,12.0,0.021286,0.482273,0.361819,0.027443,39.463461,1.0,0.0,0.995297,11.372735,0.0,0.0,0.0682,0
4.549594,8.636507,12.0,0.0,0.150846,0.312094,0.060729,-12.187882,1.0,0.0,0.995954,10.80274,0.0,0.0,0.0842,0
0.488287,4.353685,12.0,0.0,0.145091,0.050363,0.052028,-2.739565,1.0,0.0,0.947956,10.685157,0.0,0.0,0.3098,0
0.731089,0.731089,0.999773,0.031001,0.030994,0.169185,0.04866,-28.409349,1.0,0.0,0.953914,10.968955,0.0,0.0,0.9856,1
1.369897,6.070034,12.0,0.0,0.196562,0.625196,0.019719,-17.180538,1.0,0.0,0.998405,11.682503,0.0,0.0,0.9319,1
-4.219301,-4.219301,-0.770882,0.189283,-0.145915,0.352484,0.470447,9.896847,-0.162757,23.0,0.914273,10.574276,1.0,54.625,0.7025,1
3.866047,20.600413,12.0,0.0,0.420319,0.059903,0.054357,3.530843,1.0,0.0,0.830438,10.401029,0.0,0.0,0.0258,0
2.38152,15.605881,12.0,0.0,0.363761,0.061379,0.025071,9.216609,1.0,0.0,0.792055,11.271958,0.0,0.0,0.0219,0
3.40023,21.933907,12.0,0.0,0.446676,0.055037,0.065407,0.911084,1.0,0.0,0.643912,11.29207,0.0,0.0,0.0257,0
2.984723,5.416984,12.0,0.0,0.101588,0.176364,0.087877,-29.392918,1.0,0.0,0.922566,10.404235,0.0,0.0,0.2227,0
3.358901,17.428845,12.0,0.02375,0.399942,0.164816,0.094153,27.105147,1.0,0.0,0.989087,10.826588,0.0,0.0,0.0273,0
4.032742,12.51749,3.879143,0.094304,0.365818,0.053885,0.020709,-8.026285,1.0,0.0,0.924283,10.641539,0.0,0.0,0.048,0
4.244891,28.786156,12.0,0.0,0.515068,0.094266,0.106904,7.171208,1.0,0.0,0.966454,10.423323,0.0,0.0,0.0269,0
0.009975,0.009975,12.0,0.0,-0.053184,0.338566,0.066827,-22.550504,1.0,0.0,0.996929,10.237917,0.0,0.0,0.8579,1
1.591831,13.404636,12.0,0.017607,0.363295,0.678034,0.770973,-34.825351,1.0,0.0,0.892298,11.28988,0.0,0.0,0.4724,0
1.964753,2.94632,1.356677,0.120871,0.163982,0.079307,0.059706,-6.68442,1.0,0.0,0.932821,12.097342,0.0,0.0,0.0405,0
2.55413,10.275887,12.0,0.0,0.251382,0.322032,0.076831,-9.978035,1.0,0.0,0.982532,10.573862,0.0,0.0,0.0635,0
-1.830873,-1.830873,12.0,0.0,-0.183535,0.215443,0.055212,-36.323091,1.0,8.0,0.880117,10.484638,0.0,0.0,0.6855,1
-2.642424,-2.642424,-0.844395,0.195285,-0.164897,0.210375,0.061009,-31.515838,1.0,8.0,0.688921,10.537441,0.0,0.0,0.9024,1
1.51457,24.307427,12.0,0.0,0.487418,0.713393,0.034559,-3.517654,1.0,0.0,0.998624,9.76546,0.0,0.0,0.0733,1
1.902298,7.392097,2.390901,0.151681,0.362653,0.597728,0.051966,11.509289,1.0,0.0,0.998818,10.787677,0.0,0.0,0.0638,0
1.464334,10.277108,12.0,0.0,0.259671,0.727766,0.07911,4.900614,1.0,0.0,0.992466,11.271867,0.0,0.0,0.0275,0
3.975756,6.071207,2.477789,0.05201,0.128869,0.579049,0.069633,3.240074,1.0,0.0,0.99957,10.843991,0.0,0.0,0.0271,0
1.794892,3.069729,2.116296,0.046977,0.099416,0.042087,0.045209,-3.419895,1.0,0.0,0.945379,10.998751,0.0,0.0,0.042,0
0.326341,10.838056,12.0,0.0,0.294023,0.727589,0.048525,10.969795,1.0,0.0,0.993318,10.508831,0.0,0.0,0.0845,0
-0.873436,-0.833819,0.752211,0.235122,0.176862,0.709569,0.09426,-47.986888,1.0,5.0,0.988638,9.82355,0.0,0.0,0.9991,1
-0.452557,2.860409,12.0,0.0,0.045004,0.452709,0.517383,-15.298364,0.095688,1.0,0.798415,10.084174,1.0,55.12,0.2108,0
1.765224,13.250559,12.0,0.0,0.331109,0.141027,0.0643,21.21473,1.0,0.0,0.941224,11.134576,0.0,0.0,0.0286,0
0.212545,8.616533,12.0,0.0,0.236124,0.724563,0.05179,2.255123,1.0,0.0,0.998779,11.114457,0.0,0.0,0.0528,0
1.164651,30.322468,12.0,0.0,0.557178,0.113388,0.097108,15.890829,1.0,0.0,0.919214,11.102667,0.0,0.0,0.2337,1
1.649316,11.592849,12.0,0.0,0.301862,0.301192,0.057289,-11.70272,1.0,0.0,0.999361,11.178729,0.0,0.0,0.2602,0
0.543623,2.694632,12.0,0.0,0.084722,0.032635,0.023761,4.283788,1.0,0.0,0.962342,11.756825,0.0,0.0,0.2293,0
4.196465,16.314833,12.0,0.0,0.37374,0.992826,0.701041,-103.86433,1.0,0.0,0.904245,10.444492,0.0,0.0,0.7121,1
0.798773,3.431381,12.0,0.0,0.043809,0.419015,0.443463,16.049067,0.413428,0.0,0.554468,10.746914,1.0,53.383459,0.044,0
1.904827,3.19151,2.412948,0.037403,0.090251,0.306139,0.027933,-10.380952,1.0,0.0,0.999954,10.809114,0.0,0.0,0.0771,0
2.160814,15.253183,12.0,0.0,0.349819,0.731628,0.032219,11.997415,1.0,0.0,0.991757,10.143304,0.0,0.0,0.0218,0
1.364823,7.386717,2.77169,0.117421,0.325454,0.053777,0.065491,-3.245952,1.0,0.0,0.920145,11.03767,0.0,0.0,0.0733,0
2.346145,13.385191,10.354454,0.03458,0.358055,0.045115,0.050733,3.137878,1.0,0.0,0.937535,10.712457,0.0,0.0,0.0246,0
2.118264,7.436452,12.0,0.0,0.189609,0.06757,0.063104,-2.297303,1.0,0.0,0.992196,10.071572,0.0,0.0,0.0335,0
1.445154,7.911568,3.228319,0.097506,0.314782,0.296409,0.058469,3.895939,1.0,0.0,0.997926,10.769741,0.0,0.0,0.0401,0
-4.614894,-4.614894,-1.36544,0.125498,-0.171361,1.103694,0.022897,5.787256,1.0,17.0,0.999885,10.545862,0.0,0.0,0.2967,1
6.455919,25.870302,12.0,0.0,0.478877,0.635457,0.074466,-13.671723,1.0,0.0,0.998945,10.973441,0.0,0.0,0.0508,0
3.820848,6.925191,12.0,0.0,0.1347,0.619745,0.101894,10.378315,1.0,0.0,0.999667,11.675462,0.0,0.0,0.0324,0
1.848771,9.257157,3.414551,0.093738,0.320073,0.623367,0.898848,5.719113,1.0,0.0,0.870127,10.268894,0.0,0.0,0.1654,0
4.576279,6.301822,1.75583,0.100101,0.175761,0.221679,0.023136,-38.361208,1.0,0.0,0.829643,10.610788,0.0,0.0,0.3618,0
-0.341014,10.271894,12.0,0.0,0.295064,0.745669,0.098477,13.199352,1.0,3.0,0.97335,10.454592,0.0,0.0,0.2117,1
3.048414,3.730782,12.0,0.0,0.004728,1.091728,0.057186,21.188294,1.0,0.0,0.998796,10.485546,0.0,0.0,0.0343,0
3.794383,7.478911,2.22368,0.112922,0.251103,0.305582,0.071806,-10.386847,1.0,0.0,0.993247,11.04755,0.0,0.0,0.0612,0
2.351409,2.351409,0.70262,0.151133,0.106189,0.169153,0.037407,-28.872309,1.0,0.0,0.915682,9.968561,0.0,0.0,0.2155,0
4.007855,9.578202,12.0,0.0,0.19114,0.568164,0.670378,17.474777,1.0,0.0,0.849814,11.526918,0.0,0.0,0.354,0
1.448006,7.177693,12.0,0.0,0.198706,0.066422,0.057368,5.614328,1.0,0.0,0.822233,11.306669,0.0,0.0,0.0422,0
4.424653,14.997856,4.557821,0.096857,0.441456,0.6583,0.033416,-31.034997,1.0,0.0,0.994508,11.008338,0.0,0.0,0.1627,0
1.256759,8.293049,12.0,0.0,0.232049,0.086391,0.067125,11.354401,1.0,0.0,0.971354,11.590795,0.0,0.0,0.0588,0
0.317689,4.956063,3.053713,0.081406,0.24859,0.069897,0.076123,7.622729,1.0,0.0,0.753888,11.46853,0.0,0.0,0.2371,0
-0.307109,0.061329,0.673601,0.135554,0.091309,0.727541,0.032687,-14.27944,1.0,5.0,0.989587,10.5913,0.0,0.0,0.6919,1
3.447119,7.768794,2.978516,0.088255,0.262869,0.599006,0.053974,-0.853758,1.0,0.0,0.999945,10.398245,0.0,0.0,0.0258,0
2.815992,8.801191,12.0,0.0,0.17179,0.70229,0.097252,2.428558,1.0,0.0,0.989569,10.783526,0.0,0.0,0.0267,0
1.554947,10.588956,3.057093,0.136415,0.417034,0.732875,0.989016,-4.19861,1.0,0.0,0.706089,10.362429,0.0,0.0,0.7794,1
-0.656354,-0.490603,0.361927,0.18728,0.067782,0.444156,0.585783,11.504545,-0.053921,5.0,0.767828,11.116823,1.0,57.566667,0.1615,0
1.672179,7.937948,12.0,0.0,0.161267,0.390777,0.384576,38.927699,0.424452,0.0,0.985064,10.258956,1.0,57.42963,0.0221,0
3.684009,6.528677,3.278429,0.051443,0.168653,0.597086,0.117338,12.787897,1.0,0.0,0.999402,10.929099,0.0,0.0,0.0259,0
2.141515,4.26406,2.160172,0.072773,0.157203,0.075567,0.05713,-12.599802,1.0,0.0,0.895467,10.545988,0.0,0.0,0.0724,0
4.266332,17.693057,12.0,0.0,0.367204,0.08231,0.053616,8.585318,1.0,0.0,0.872841,11.410588,0.0,0.0,0.0274,0
0.973237,1.962558,1.711387,0.023645,0.040466,0.586506,0.084952,10.484849,1.0,0.0,0.99923,10.278672,0.0,0.0,0.0675,0
-2.001091,-1.799878,12.0,0.0,-0.116289,0.402215,0.555892,13.066819,-0.038446,24.0,0.976451,10.92885,1.0,56.310606,0.9782,1
1.211809,4.325803,1.980407,0.136979,0.271275,0.599401,0.033418,5.910633,1.0,0.0,0.999629,10.837057,0.0,0.0,0.1272,1
-0.092462,5.427256,12.0,0.0,0.149668,0.514938,0.626248,49.639004,0.471386,1.0,0.976899,11.289715,1.0,56.792593,0.0242,0
0.723557,1.818158,12.0,0.0,-0.006532,0.711499,0.030763,-4.212894,1.0,0.0,0.998927,10.491514,0.0,0.0,0.0553,0
2.153752,8.283069,12.0,0.0,0.226428,0.600969,0.053275,8.637397,1.0,0.0,0.999236,11.091841,0.0,0.0,0.048,0
2.665314,17.172267,12.0,0.0,0.397102,0.598749,0.062684,15.9672,1.0,0.0,0.99937,10.783796,0.0,0.0,0.0345,0
3.147663,3.147663,0.641683,0.110239,0.070739,0.097493,0.066727,-13.110654,1.0,0.0,0.998962,10.857965,0.0,0.0,0.1524,0
1.37417,12.380374,4.77185,0.089669,0.427888,0.587417,0.04149,22.102615,1.0,0.0,0.997119,11.079434,0.0,0.0,0.2245,1
4.236009,6.288823,1.484003,0.181121,0.268785,0.158267,0.125982,-22.220544,1.0,0.0,0.884302,11.712974,0.0,0.0,0.1645,0
2.484929,8.512423,2.866751,0.110338,0.31631,0.073511,0.050697,8.059485,1.0,0.0,0.912349,10.614193,0.0,0.0,0.0251,0
1.292449,1.300938,0.29252,0.118759,0.034739,0.115646,0.0666,18.569088,1.0,0.0,0.886249,11.646465,0.0,0.0,0.4877,0
3.610176,14.237003,12.0,0.0,0.316282,0.059886,0.068462,-3.175062,1.0,0.0,0.546674,10.60016,0.0,0.0,0.0377,0
-1.319215,-1.319215,-1.12275,0.0707,-0.079378,0.722745,0.032734,-4.874601,1.0,12.0,0.999646,10.425503,0.0,0.0,0.1968,1
3.593823,6.196727,12.0,0.0,0.098711,0.063117,0.062956,2.028387,1.0,0.0,0.998749,11.334074,0.0,0.0,0.046,0
1.767896,3.797657,1.881822,0.092554,0.174171,0.043896,0.051293,-1.941262,1.0,0.0,0.727998,10.268673,0.0,0.0,0.0316,0
1.118147,6.230807,8.349141,0.024083,0.20107,0.218636,0.061885,35.520084,1.0,0.0,0.826521,11.265605,0.0,0.0,0.0742,1
-3.764782,-3.764782,0.02936,0.257602,0.007563,1.134274,0.067941,-6.911933,1.0,16.0,0.999618,10.259751,0.0,0.0,0.1312,0
-0.207315,1.582388,1.379915,0.068544,0.094584,0.736301,0.056769,7.652321,1.0,4.0,0.996684,10.828297,0.0,0.0,0.0985,0
1.926198,13.711586,12.0,0.0,0.347648,0.611202,0.015467,29.866279,1.0,0.0,0.996045,10.945177,0.0,0.0,0.0559,0
-0.600301,-0.427685,0.005348,0.113783,0.000609,0.601871,0.071741,-12.206647,1.0,5.0,0.99837,9.979651,0.0,0.0,0.2242,0
1.28342,14.586874,12.0,0.0,0.363909,0.093613,0.089416,11.780451,1.0,0.0,0.671416,10.475673,0.0,0.0,0.0745,0
2.878654,20.274499,7.856181,0.063343,0.497633,0.366423,0.087083,-20.505889,1.0,0.0,0.99762,11.619127,0.0,0.0,0.1839,0
1.179123,4.727653,12.0,0.0,0.145079,0.589092,0.061353,19.582619,1.0,0.0,0.997687,10.868364,0.0,0.0,0.1278,0
0.467359,12.648446,9.800746,0.039015,0.382374,0.832695,0.744796,-44.799161,1.0,0.0,0.91546,12.314119,0.0,0.0,0.8761,1
0.33794,4.952014,2.305505,0.126062,0.290636,0.285683,0.062929,5.673726,1.0,0.0,0.997448,10.807231,0.0,0.0,0.1994,1
3.765833,23.993707,12.0,0.0,0.484456,0.616337,0.039085,-3.983969,1.0,0.0,0.999964,11.124213,0.0,0.0,0.0744,0
-0.0052,4.807414,1.967453,0.154527,0.304025,0.712785,0.049105,-5.010333,1.0,1.0,0.997995,10.761905,0.0,0.0,0.4787,0
1.800607,3.889897,1.767238,0.104069,0.183914,0.598587,0.033804,0.999904,1.0,0.0,0.999984,11.802781,0.0,0.0,0.0232,0
4.027118,17.40751,12.0,0.0,0.380435,0.619026,0.07504,15.846169,1.0,0.0,0.999191,11.621988,0.0,0.0,0.0255,0
2.711283,3.31349,1.182382,0.202245,0.239131,0.227946,0.026217,-37.892689,1.0,0.0,0.990633,9.728411,0.0,0.0,0.39,0
1.481162,8.905448,4.912812,0.061258,0.30095,0.116007,0.0943,19.567717,1.0,0.0,0.930931,10.762085,0.0,0.0,0.0325,0
2.739829,11.613745,12.0,0.0,0.277047,0.08488,0.089765,11.959384,1.0,0.0,0.725868,11.56024,0.0,0.0,0.0261,0
2.256541,13.388534,12.0,0.0,0.315362,0.805411,0.761971,18.823505,1.0,0.0,0.844367,10.881771,0.0,0.0,0.2894,0
3.087601,19.07056,11.57931,0.040072,0.464003,0.594416,0.038392,1.56841,1.0,0.0,0.999738,11.563055,0.0,0.0,0.0364,0
3.898786,17.727663,12.0,0.0,0.374194,0.291717,0.029039,4.692808,1.0,0.0,0.998942,10.684674,0.0,0.0,0.0233,0
1.495697,4.517046,12.0,0.0,0.117272,0.352958,0.096638,-17.392599,1.0,0.0,0.992069,11.160248,0.0,0.0,0.3213,0
1.927919,4.685361,12.0,0.0,0.049542,0.526699,0.442012,27.064791,0.224219,0.0,0.967296,11.392685,1.0,53.408759,0.0329,0
3.451098,16.856467,9.542399,0.042964,0.40998,0.102177,0.084136,15.249497,1.0,0.0,0.785677,10.996025,0.0,0.0,0.0251,0
1.475283,12.359828,12.0,0.0,0.325003,0.08755,0.052359,-13.71551,1.0,0.0,0.937631,10.916274,0.0,0.0,0.6109,1
1.387985,14.42858,3.215497,0.163761,0.526573,0.034495,0.021083,-3.770998,1.0,0.0,0.98774,10.328381,0.0,0.0,0.26,1
4.174502,9.084639,12.0,0.0,0.172099,1.079246,0.018393,-0.696077,1.0,0.0,0.999982,10.104118,0.0,0.0,0.0222,0
4.455627,5.705794,1.363652,0.152848,0.208432,0.109256,0.028058,-18.573303,1.0,0.0,0.652475,9.610131,0.0,0.0,0.1053,0
-0.480668,6.856136,12.0,0.0,0.209841,0.720171,0.041206,6.100235,1.0,3.0,0.999074,10.034344,0.0,0.0,0.1417,1
-1.140071,4.602228,2.600014,0.09628,0.250329,0.768125,0.032565,25.3752,1.0,8.0,0.976152,10.022582,0.0,0.0,0.1808,1
-1.032389,-0.343796,12.0,0.0,-0.023729,0.738629,0.042891,-30.110989,1.0,9.0,0.965821,10.323894,0.0,0.0,0.9999,1
2.782962,7.882728,4.066087,0.045648,0.18561,0.726409,0.042339,0.590728,1.0,0.0,0.99953,10.600815,0.0,0.0,0.0359,0
2.287228,9.719932,5.424052,0.054851,0.297515,0.303673,0.067915,-1.693192,1.0,0.0,0.998095,10.726057,0.0,0.0,0.0675,0
3.932088,12.558343,12.0,0.0,0.271265,0.093107,0.099135,-8.979217,1.0,0.0,0.971907,10.375263,0.0,0.0,0.0505,0
0.828677,8.388449,6.446644,0.047098,0.303622,0.624598,0.015635,37.313539,1.0,0.0,0.993573,10.993933,0.0,0.0,0.2064,0
2.470859,4.132249,1.494435,0.112242,0.167739,0.59263,0.025037,13.693008,1.0,0.0,0.998687,11.179903,0.0,0.0,0.0235,0
-0.894302,0.344894,0.63157,0.081856,0.051698,0.727589,0.070011,15.151698,1.0,9.0,0.991048,11.196102,0.0,0.0,0.2439,0
2.573372,8.934128,2.346134,0.17436,0.409072,0.604151,0.067238,-3.156113,1.0,0.0,0.999904,10.934672,0.0,0.0,0.0474,0
2.196212,2.196212,0.818187,0.155798,0.127472,0.104597,0.089406,-12.991669,1.0,0.0,0.880274,11.008659,0.0,0.0,0.0866,0
3.388842,9.045071,12.0,0.0,0.198655,0.062083,0.068713,-4.275026,1.0,0.0,0.755552,11.51258,0.0,0.0,0.0406,0
2.753,7.88984,4.064252,0.058936,0.239529,0.095291,0.066523,12.585773,1.0,0.0,0.915177,11.622508,0.0,0.0,0.0253,0
-1.157694,0.665161,12.0,0.0,0.021558,0.768393,0.080127,-6.246348,1.0,10.0,0.99684,10.47798,0.0,0.0,0.8057,0
1.513987,12.385698,6.223769,0.061884,0.385155,0.354843,0.024076,-24.280076,1.0,0.0,0.997024,10.579778,0.0,0.0,0.9509,1
3.868407,5.084196,2.102454,0.071847,0.151055,0.644754,0.088216,-26.88776,1.0,0.0,0.995052,9.902685,0.0,0.0,0.144,0
1.591923,1.732887,12.0,0.0,-0.107883,0.373344,0.41397,6.410085,-0.123469,0.0,0.951972,9.851431,1.0,54.7,0.1332,0
2.298863,11.167517,12.0,0.0,0.234119,0.369758,0.395248,14.769526,-0.304425,0.0,0.947349,10.544979,1.0,55.414286,0.0457,0
5.767225,8.067036,12.0,0.0,0.12447,0.64158,0.096133,-26.025405,1.0,0.0,0.994144,10.085386,0.0,0.0,0.1401,0
-3.405546,-3.405546,-1.094735,0.123787,-0.135514,1.100492,0.04334,5.802697,1.0,16.0,0.999829,10.338591,0.0,0.0,0.1496,0
3.37868,10.784151,12.0,0.0,0.242166,0.067204,0.085292,-0.786599,1.0,0.0,0.622357,11.920553,0.0,0.0,0.0269,0
2.743892,5.595371,12.0,0.0,0.10701,1.091703,0.049708,-13.285356,1.0,0.0,0.999184,10.288408,0.0,0.0,0.0818,0
0.892244,7.497744,9.378977,0.026593,0.249419,0.060996,0.046962,-5.9314,1.0,0.0,0.917403,10.621976,0.0,0.0,0.388,1
-4.020413,-4.020413,-0.383177,0.163073,-0.062486,1.104771,0.019548,9.108238,1.0,19.0,0.999735,10.415452,0.0,0.0,0.2785,0
3.442037,9.834519,3.370801,0.102871,0.346757,0.625688,0.056441,-17.505936,1.0,0.0,0.99883,10.187548,0.0,0.0,0.0857,0
0.835867,4.724677,2.116828,0.127225,0.269313,0.10521,0.03968,18.197269,1.0,0.0,0.888253,10.128239,0.0,0.0,0.0784,0
1.978785,6.42555,2.033131,0.157132,0.319469,0.319221,0.035337,-11.983922,1.0,0.0,0.997568,10.575082,0.0,0.0,0.0688,0
2.357288,2.357288,0.719595,0.207782,0.149519,1.094975,0.143367,-12.368193,1.0,0.0,0.998959,10.538155,0.0,0.0,0.0743,0
2.698876,13.732335,4.656707,0.087554,0.407716,0.142244,0.031622,23.718018,1.0,0.0,0.923302,11.134492,0.0,0.0,0.0232,0
-0.841204,-0.841204,-0.12806,0.170419,-0.021824,0.046883,0.024653,-7.855215,1.0,5.0,0.966106,10.189944,0.0,0.0,0.4066,0
0.930259,0.930259,12.0,0.0,0.009468,0.234706,0.033986,-39.717786,1.0,0.0,0.585297,9.555566,0.0,0.0,0.9982,1
3.291421,13.685147,12.0,0.0,0.32019,0.615631,0.057803,23.886355,1.0,0.0,0.996846,10.938333,0.0,0.0,0.0246,0
2.138522,4.146055,1.587175,0.135205,0.214593,0.829682,0.913574,-19.28705,1.0,0.0,0.851365,10.380715,0.0,0.0,0.7639,1
4.753126,24.197401,12.0,0.021863,0.488103,0.610538,0.050196,24.421573,1.0,0.0,0.996746,11.306512,0.0,0.0,0.0274,0
3.46075,13.235029,3.320975,0.126606,0.420456,0.57271,0.680075,-11.915729,1.0,0.0,0.63098,11.366942,0.0,0.0,0.1874,1
0.273518,10.323221,12.0,0.0,0.292506,0.722124,0.039969,-0.583581,1.0,0.0,0.999435,11.520173,0.0,0.0,0.168,0
1.399462,6.698449,12.0,0.0,0.163145,0.796784,0.871089,59.608831,1.0,0.0,0.69529,10.705549,0.0,0.0,0.2897,0
2.578761,9.573265,12.0,0.0,0.20771,0.755407,0.043992,-32.627419,1.0,0.0,0.967536,10.420555,0.0,0.0,0.4563,0
-1.784799,-1.562604,0.226065,0.158185,0.03576,0.621631,0.033605,-11.736482,1.0,10.0,0.999508,10.074473,0.0,0.0,0.5046,0
2.333154,9.214505,2.012418,0.223246,0.449264,1.128593,0.078596,-11.276263,1.0,0.0,0.999224,10.216105,0.0,0.0,0.0461,0
0.891698,6.958299,2.253769,0.127832,0.288104,0.401132,0.522012,18.899857,-0.470647,0.0,0.843219,10.437144,1.0,56.354331,0.0264,0
0.200739,9.31574,5.743815,0.058052,0.333442,0.627241,0.738246,25.834102,1.0,0.0,0.989706,11.574245,0.0,0.0,0.6899,1
1.83629,4.827533,2.023084,0.111998,0.226581,0.279673,0.087186,1.238419,1.0,0.0,0.997884,10.729662,0.0,0.0,0.0263,0
0.589362,8.797766,12.0,0.0,0.246021,0.722058,0.027226,-9.100393,1.0,0.0,0.998196,10.412933,0.0,0.0,0.5622,1
3.70082,16.031135,7.025856,0.057705,0.405428,0.28894,0.041778,1.346145,1.0,0.0,0.997373,11.078957,0.0,0.0,0.0228,0
-2.26523,-2.26523,12.0,0.0,-0.129357,0.748156,0.025051,-27.770641,1.0,18.0,0.981063,10.328531,0.0,0.0,0.9995,1
1.188111,16.0011,12.0,0.0,0.391658,0.050654,0.053602,3.893741,1.0,0.0,0.850195,10.962056,0.0,0.0,0.1242,0
4.14571,4.764356,2.683611,0.033462,0.089799,0.68418,0.036127,-39.961856,1.0,0.0,0.992652,9.855333,0.0,0.0,0.3316,0
2.365225,14.572888,12.0,0.029796,0.376977,0.046312,0.047789,-2.719162,1.0,0.0,0.994309,10.360645,0.0,0.0,0.0397,0
4.211758,9.296176,2.259963,0.146266,0.330556,0.149884,0.084689,-22.204685,1.0,0.0,0.913089,10.793579,0.0,0.0,0.1707,1
-0.79645,-0.597867,-0.260232,0.13468,-0.035048,0.616308,0.062045,-5.42121,1.0,5.0,0.999739,10.116294,0.0,0.0,0.2741,0
2.310642,9.779328,5.325023,0.060361,0.321426,0.596814,0.072866,13.56959,1.0,0.0,0.998857,11.247617,0.0,0.0,0.0432,0
3.750389,27.048233,11.784298,0.046654,0.549783,0.031393,0.043189,-1.458451,1.0,0.0,0.828974,10.830631,0.0,0.0,0.0299,0
4.324384,9.454314,12.0,0.0,0.185649,0.11008,0.041636,-19.674377,1.0,0.0,0.744204,10.5333,0.0,0.0,0.1184,0
0.578593,6.346061,3.027975,0.099961,0.302681,0.635073,0.028058,43.241371,1.0,0.0,0.991684,11.105976,0.0,0.0,0.1681,0
2.119445,6.04494,3.142638,0.052986,0.166517,0.730333,0.021681,-6.144409,1.0,0.0,0.998589,10.672687,0.0,0.0,0.0452,0
-2.109149,-2.109149,0.215345,0.18497,0.039832,0.72466,0.03519,2.316487,1.0,18.0,0.998059,11.494403,0.0,0.0,0.2312,0
2.749099,2.749099,0.828142,0.163335,0.135264,0.109812,0.039791,-16.989537,1.0,0.0,0.9807,11.273294,0.0,0.0,0.1098,1
-1.088372,0.290644,0.911137,0.087193,0.079445,0.727664,0.027382,-1.275263,1.0,12.0,0.99956,10.641097,0.0,0.0,0.2591,0
1.602744,4.476538,1.880512,0.129104,0.242781,0.338518,0.021148,-24.795215,1.0,0.0,0.995911,10.372887,0.0,0.0,0.5342,1
-0.994332,-0.994332,-1.228471,0.059729,-0.073375,0.349897,0.045177,-22.670441,1.0,5.0,0.996162,10.662562,0.0,0.0,0.6688,1
3.107593,13.603519,8.708171,0.038086,0.331662,0.731795,0.082997,-3.254243,1.0,0.0,0.996967,11.369399,0.0,0.0,0.037,0
1.399105,15.330618,3.831026,0.134033,0.513485,0.65381,0.594552,18.815039,1.0,0.0,0.834171,10.926904,0.0,0.0,0.9815,1
3.790879,3.790879,12.0,0.0,-0.016125,0.075268,0.021825,-12.290806,1.0,0.0,0.94943,11.172149,0.0,0.0,0.1636,0
0.493677,12.859941,12.0,0.0,0.34651,1.079991,0.03308,21.90028,1.0,0.0,0.998239,9.940993,0.0,0.0,0.2401,1
1.130689,13.878474,12.0,0.0,0.335032,0.728909,0.073561,11.622034,1.0,0.0,0.992053,11.657588,0.0,0.0,0.026,0
2.621163,28.535054,12.0,0.0,0.52823,0.301346,0.058088,-4.669669,1.0,0.0,0.995622,11.074285,0.0,0.0,0.0319,0
2.612682,6.142034,7.319869,0.02166,0.158547,0.089297,0.090495,-5.130742,1.0,0.0,0.996567,10.675537,0.0,0.0,0.0441,0
3.298594,11.045896,12.0,0.0,0.254412,0.340296,0.067404,-20.498984,1.0,0.0,0.994665,10.761461,0.0,0.0,0.185,0
2.962724,3.849283,12.0,0.0,0.016015,1.069707,0.024263,17.076061,1.0,0.0,0.999158,10.818964,0.0,0.0,0.0216,0
0.163267,2.287066,1.3563,0.099165,0.134497,0.734601,0.059711,9.438938,1.0,0.0,0.998963,12.251249,0.0,0.0,0.0415,0
3.899278,4.867767,1.202262,0.17015,0.204565,1.129128,0.063835,14.799348,1.0,0.0,0.999588,11.365692,0.0,0.0,0.0257,0
3.456231,16.120906,12.0,0.0,0.378264,0.613909,0.080992,-12.674248,1.0,0.0,0.999578,10.890977,0.0,0.0,0.072,0
-0.049297,-0.049297,0.121787,0.134846,0.016423,1.085418,0.034416,4.570174,1.0,1.0,0.999943,10.712352,0.0,0.0,0.023,0
0.438118,0.438118,0.609418,0.191574,0.116749,0.172111,0.054866,-27.632001,1.0,0.0,0.537941,10.775599,0.0,0.0,0.215,0
2.552595,2.947915,12.0,0.0,0.017615,0.655933,0.049623,-28.85968,1.0,0.0,0.994832,10.576712,0.0,0.0,0.1529,0
0.34681,0.34681,0.728669,0.183153,0.133458,0.590799,0.637688,-3.257155,1.0,0.0,0.899422,10.18458,0.0,0.0,0.9696,1
2.22148,6.104869,2.158186,0.122509,0.264397,0.079037,0.032087,11.858246,1.0,0.0,0.896015,11.494434,0.0,0.0,0.0221,0
2.568749,9.122389,12.0,0.0,0.181196,0.415881,0.497735,13.658477,-0.238373,0.0,0.971262,11.223012,1.0,54.363636,0.0293,0
0.88777,0.985899,0.583884,0.112458,0.065663,0.129839,0.024661,21.681479,1.0,0.0,0.998874,11.528258,0.0,0.0,0.3464,0
3.422347,11.210622,12.0,0.0,0.251108,0.097105,0.04853,14.989003,1.0,0.0,0.60528,10.676738,0.0,0.0,0.0224,0
1.558957,8.059521,12.0,0.0,0.220131,0.283611,0.054072,-1.559956,1.0,0.0,0.995256,11.075827,0.0,0.0,0.1232,1
0.109593,26.566928,12.0,0.0,0.523382,0.76201,0.046296,26.496785,1.0,0.0,0.984539,11.403481,0.0,0.0,0.188,0
2.651365,15.940044,3.811693,0.129236,0.492607,0.103221,0.046198,18.259165,1.0,0.0,0.986971,11.471133,0.0,0.0,0.0224,0
2.769033,9.413449,12.0,0.0,0.241117,0.61416,0.053385,-6.097124,1.0,0.0,0.999874,10.463067,0.0,0.0,0.0439,0
0.76801,1.523538,1.333359,0.081824,0.109101,0.295271,0.037608,4.714149,1.0,0.0,0.998672,10.863955,0.0,0.0,0.1912,1
3.056366,7.257595,12.0,0.0,0.153835,0.04874,0.029889,6.578565,1.0,0.0,0.798593,10.445487,0.0,0.0,0.0283,0
1.868576,4.613364,4.655928,0.029434,0.137044,0.064394,0.073119,-5.166957,1.0,0.0,0.973617,11.189958,0.0,0.0,0.0433,0
2.643818,5.630369,1.662473,0.122343,0.203391,0.765631,0.066159,21.152457,1.0,0.0,0.982388,10.859403,0.0,0.0,0.033,0
3.749304,3.749304,12.0,0.0,-0.009589,0.305527,0.051467,2.258679,1.0,0.0,0.999817,11.817955,0.0,0.0,0.1098,0
3.917254,15.226713,6.840693,0.056316,0.38524,0.264558,0.098393,0.62565,1.0,0.0,0.996162,11.009905,0.0,0.0,0.0268,0
0.812946,7.512157,3.954225,0.075694,0.299312,0.06562,0.072928,3.395954,1.0,0.0,0.724759,11.613529,0.0,0.0,0.1163,0
1.352081,4.283626,12.0,0.0,0.040962,0.439321,0.512551,54.391597,0.58366,0.0,0.996409,10.871759,1.0,54.467626,0.0761,0
-1.165479,1.682963,12.0,0.0,0.035602,0.48283,0.695107,20.568491,-0.002544,9.0,0.856609,11.165811,1.0,55.776923,0.1338,1
1.609577,10.683472,12.0,0.0,0.281199,0.102456,0.050006,15.484371,1.0,0.0,0.964763,10.899781,0.0,0.0,0.035,0
3.346828,5.43314,2.561799,0.05367,0.137492,0.025886,0.028343,-3.861503,1.0,0.0,0.846341,11.135716,0.0,0.0,0.0361,0
1.790697,10.15715,12.0,0.0,0.263749,0.146615,0.047159,24.808499,1.0,0.0,0.954367,10.467654,0.0,0.0,0.024,0
1.487086,9.804006,12.0,0.0,0.27998,0.583715,0.041537,-3.32399,1.0,0.0,0.999867,12.101724,0.0,0.0,0.1538,0
2.400738,10.15064,12.0,0.0,0.19644,0.368711,0.425309,3.640882,-0.120903,0.0,0.985124,11.517652,1.0,56.69697,0.1463,0
3.314088,5.010389,3.112184,0.030669,0.095447,0.6132,0.059108,7.00531,1.0,0.0,0.998313,11.071552,0.0,0.0,0.0341,0
1.448814,4.977063,3.090075,0.062722,0.193814,0.621396,0.024969,36.667081,1.0,0.0,0.995269,11.362985,0.0,0.0,0.028,0
1.540501,1.540501,-0.873478,0.046579,-0.040686,0.694772,0.091814,-11.712393,1.0,0.0,0.999679,10.628555,0.0,0.0,0.1859,0
3.622175,14.571728,12.0,0.0,0.322122,0.049596,0.059733,0.229891,1.0,0.0,0.769614,9.421465,0.0,0.0,0.0363,0
-1.385305,-1.063458,-1.286028,0.030395,-0.039089,0.585693,0.060381,-3.526529,1.0,13.0,0.999943,9.923604,0.0,0.0,0.6293,0
2.856649,14.804262,12.0,0.0,0.337478,0.173696,0.054515,31.039107,1.0,0.0,0.875652,11.251167,0.0,0.0,0.0256,0
1.550465,10.473461,3.613761,0.113571,0.410417,0.674158,0.802262,30.057349,1.0,0.0,0.853531,11.729486,0.0,0.0,0.7745,1
0.833622,3.884165,12.0,0.0,0.068062,0.446773,0.36083,14.865507,0.35758,0.0,0.990278,11.149578,1.0,52.578947,0.0298,0
1.761398,1.761398,-0.052822,0.102282,-0.005403,0.184138,0.073049,-31.211805,1.0,0.0,0.81095,9.954934,0.0,0.0,0.3421,1
4.033722,15.488605,4.411017,0.097007,0.427898,0.295889,0.023888,-1.432048,1.0,0.0,0.9999,11.036276,0.0,0.0,0.0223,1
1.378063,6.33968,2.632587,0.120592,0.317468,0.592373,0.04618,2.227364,1.0,0.0,0.999924,10.528628,0.0,0.0,0.1425,0
2.153042,10.07435,5.791611,0.057571,0.333431,0.614028,0.041235,-5.351414,1.0,0.0,0.999985,10.409818,0.0,0.0,0.2417,0
1.390928,5.524851,2.092808,0.165156,0.34564,0.613026,0.060078,1.646296,1.0,0.0,0.999918,11.905179,0.0,0.0,0.1938,1
-0.794054,4.232479,1.972651,0.126262,0.249071,0.407591,0.381144,39.734799,0.428955,7.0,0.903606,11.224331,1.0,56.906977,0.0659,0
2.424403,6.18,12.0,0.0,0.119628,0.742431,0.033979,-13.35039,1.0,0.0,0.994821,11.812205,0.0,0.0,0.1115,0
2.726195,9.109237,2.796753,0.107229,0.299894,0.734974,0.05823,17.954491,1.0,0.0,0.99445,11.260747,0.0,0.0,0.026,0
2.249736,12.949657,12.0,0.0,0.316022,0.071017,0.046241,10.973228,1.0,0.0,0.689742,11.441758,0.0,0.0,0.0243,1
0.319829,0.825102,12.0,0.0,-0.050065,0.593908,0.031693,10.59339,1.0,0.0,0.99919,11.385526,0.0,0.0,0.0964,0
3.412518,15.436809,12.0,0.0,0.364909,0.63306,0.107457,6.163604,1.0,0.0,0.999521,10.200957,0.0,0.0,0.0271,0
2.51399,22.373682,12.0,0.035401,0.493156,0.644993,0.702053,53.00109,1.0,0.0,0.597881,11.857374,0.0,0.0,0.2896,1
0.057668,1.11086,1.274864,0.137136,0.17483,1.088967,0.045806,16.569724,1.0,0.0,0.999156,10.712645,0.0,0.0,0.2246,0
1.857032,4.139363,1.841595,0.124523,0.229322,0.607634,0.045859,-6.361314,1.0,0.0,0.999439,11.23735,0.0,0.0,0.0805,0
2.563431,5.616626,12.0,0.0,0.11511,0.119363,0.046277,19.436745,1.0,0.0,0.533094,10.504344,0.0,0.0,0.06,0
4.085414,31.791124,12.0,0.0,0.5438,0.130361,0.036184,20.73881,1.0,0.0,0.860499,10.90086,0.0,0.0,0.0228,0
-0.596739,7.47931,12.0,0.0,0.233998,0.735583,0.032971,12.543081,1.0,5.0,0.99109,10.117581,0.0,0.0,0.2033,0
3.439988,6.430251,1.612944,0.199568,0.321892,0.203898,0.108451,-29.101372,1.0,0.0,0.952404,11.150095,0.0,0.0,0.2248,0
0.957247,6.218411,2.516323,0.089925,0.226281,0.437359,0.41227,42.177174,0.657896,0.0,0.970198,11.520167,1.0,56.761905,0.0228,0
1.886364,3.541545,12.0,0.0,0.026965,0.711051,0.059468,3.076135,1.0,0.0,0.999041,10.889486,0.0,0.0,0.0426,0
2.669356,3.998664,1.348172,0.191244,0.25783,0.599391,0.058758,-9.57326,1.0,0.0,0.999188,11.242481,0.0,0.0,0.0412,0
3.292104,10.670993,3.536931,0.088294,0.312292,0.726925,0.126957,-0.515927,1.0,0.0,0.982805,10.617315,0.0,0.0,0.0269,0
-2.060348,-2.060348,12.0,0.0,-0.257734,1.134243,0.076726,-12.090183,1.0,6.0,0.999533,10.06761,0.0,0.0,0.1953,0
3.975342,11.762214,2.752502,0.14412,0.39669,0.298265,0.069685,-1.024671,1.0,0.0,0.998851,10.643477,0.0,0.0,0.0402,0
4.436162,20.368725,12.0,0.0,0.423995,0.616078,0.068237,12.269376,1.0,0.0,0.999178,11.414767,0.0,0.0,0.0253,0
2.172099,6.811685,2.728732,0.111679,0.304742,0.76609,1.145308,-24.456261,1.0,0.0,0.829076,10.731517,0.0,0.0,0.4138,0
2.153176,7.105981,2.257478,0.13299,0.300223,0.768769,0.533276,8.326035,1.0,0.0,0.957148,10.812522,0.0,0.0,0.3452,0
-3.189442,-3.189442,0.030662,0.16551,0.005075,1.0694,0.022225,10.422315,1.0,21.0,0.999611,10.651946,0.0,0.0,0.2751,1
5.611054,13.220121,12.0,0.0,0.277044,0.664243,0.05866,-27.851553,1.0,0.0,0.997229,10.550839,0.0,0.0,0.2341,0
0.427779,9.264811,3.66809,0.103496,0.379633,0.284391,0.044244,-1.650805,1.0,0.0,0.999456,11.0426,0.0,0.0,0.4271,0
1.135353,1.791091,12.0,0.0,-0.041243,0.710904,0.050743,-8.253372,1.0,0.0,0.999966,10.62406,0.0,0.0,0.0696,0
-1.719081,-1.719081,12.0,0.0,-0.150787,0.725274,0.052025,-3.454902,1.0,13.0,0.999287,11.68924,0.0,0.0,0.2261,0
1.794054,3.22906,12.0,0.0,0.05527,1.109064,0.029753,2.572786,1.0,0.0,0.99998,9.79543,0.0,0.0,0.0314,0
2.462272,3.342258,12.0,0.0,0.02916,0.597358,0.043701,-4.028759,1.0,0.0,0.999795,11.06741,0.0,0.0,0.0503,0
1.598521,17.988262,12.0,0.0,0.416109,0.729814,0.808797,34.963873,1.0,0.0,0.842088,10.896378,0.0,0.0,0.6033,1
1.980723,3.660611,1.803876,0.083671,0.150932,0.60928,0.043002,3.655568,1.0,0.0,0.999884,10.362476,0.0,0.0,0.0231,1
0.149766,3.361835,12.0,0.0,0.085879,0.74169,0.041168,6.139081,1.0,0.0,0.999101,10.929148,0.0,0.0,0.0705,0
2.702087,6.909325,12.0,0.0,0.15271,0.321166,0.036132,4.787408,1.0,0.0,0.998949,11.449696,0.0,0.0,0.0259,0
0.772053,1.499798,1.380803,0.091431,0.126248,0.349536,0.036138,-25.542825,1.0,0.0,0.988964,11.43746,0.0,0.0,0.9738,1
2.961577,12.990941,12.0,0.0,0.299968,0.120307,0.034205,21.54882,1.0,0.0,0.671312,11.411953,0.0,0.0,0.0227,0
3.362016,15.338865,12.0,0.0,0.340889,0.092146,0.044757,13.517811,1.0,0.0,0.877859,10.95725,0.0,0.0,0.0251,0
1.706486,18.218193,7.35186,0.065454,0.481212,0.124645,0.05899,19.610239,1.0,0.0,0.933298,10.309397,0.0,0.0,0.0442,0
0.969265,17.979802,12.0,0.029977,0.441454,0.737426,0.067139,-10.424001,1.0,0.0,0.986532,10.250299,0.0,0.0,0.3346,0
3.64766,8.408893,3.266194,0.078122,0.255163,0.567063,0.756712,-5.506523,1.0,0.0,0.686203,11.127737,0.0,0.0,0.1667,0
1.524742,1.710391,12.0,0.0,0.005832,1.103795,0.008777,-10.922127,1.0,0.0,0.999573,10.572323,0.0,0.0,0.2156,0
4.183584,22.524756,12.0,0.0,0.432915,0.734614,0.077356,-4.173068,1.0,0.0,0.999007,10.900103,0.0,0.0,0.0552,0
3.024259,15.948351,12.0,0.0,0.35584,0.294416,0.043086,18.070238,1.0,0.0,0.99907,10.980135,0.0,0.0,0.0227,0
1.480912,3.225861,1.671507,0.095443,0.159533,0.141173,0.021625,23.853452,1.0,0.0,0.740213,11.231238,0.0,0.0,0.0939,0
2.359567,2.359567,0.528199,0.157938,0.083423,0.12401,0.057241,-18.416553,1.0,0.0,0.979593,11.353012,0.0,0.0,0.2096,0
0.632697,7.855788,2.828265,0.129838,0.367218,0.056901,0.033368,7.765175,1.0,0.0,0.91663,11.045653,0.0,0.0,0.1427,1
4.627664,22.702494,12.0,0.02511,0.47303,0.630368,0.057843,34.830838,1.0,0.0,0.994282,10.910562,0.0,0.0,0.0237,0
1.699083,15.941636,12.0,0.032547,0.418105,0.086993,0.104881,-10.614668,1.0,0.0,0.881382,10.423821,0.0,0.0,0.4686,1
3.84113,13.950766,12.0,0.0,0.302495,0.295614,0.101737,11.227724,1.0,0.0,0.999911,10.941426,0.0,0.0,0.0254,0
2.737244,14.784318,12.0,0.0,0.345917,0.08359,0.088889,-11.608421,1.0,0.0,0.892648,11.114027,0.0,0.0,0.0587,0
4.22355,4.289914,1.234744,0.033822,0.041761,0.153603,0.028104,-27.000334,1.0,0.0,0.959113,10.93344,0.0,0.0,0.2153,0
1.782104,9.538976,2.563832,0.160124,0.410531,0.308829,0.045191,-1.980839,1.0,0.0,0.999505,11.149057,0.0,0.0,0.0407,0
1.540529,4.874955,2.105091,0.112627,0.23709,0.315622,0.051759,-11.149004,1.0,0.0,0.997965,12.157055,0.0,0.0,0.1342,0
4.234888,9.244186,12.0,0.0,0.181896,0.081907,0.058455,-11.977419,1.0,0.0,0.95189,11.112252,0.0,0.0,0.0611,1
2.386821,2.660381,0.628185,0.131749,0.082763,1.066684,0.052159,34.358048,1.0,0.0,0.996617,11.323164,0.0,0.0,0.0347,0
-0.383486,-0.383486,-3.32452,0.023228,-0.077222,0.108124,0.108851,-8.587481,1.0,4.0,0.930544,11.4708,0.0,0.0,0.6399,0
4.45626,26.881357,12.0,0.0,0.494689,0.053742,0.023371,-8.127528,1.0,0.0,0.821579,11.60832,0.0,0.0,0.0508,0
1.079709,3.242368,1.651694,0.123227,0.203533,1.080271,0.014938,13.750825,1.0,0.0,0.999398,10.379694,0.0,0.0,0.0622,0
1.40115,28.274507,12.0,0.0,0.539768,0.078155,0.052211,-8.670429,1.0,0.0,0.999472,11.869128,0.0,0.0,0.8956,1
4.343118,13.725093,12.0,0.0,0.289394,0.038548,0.051502,1.817646,1.0,0.0,0.705535,11.151128,0.0,0.0,0.0238,0
2.398999,11.726529,12.0,0.0,0.320266,0.664482,0.088065,-37.86033,1.0,0.0,0.990434,10.523747,0.0,0.0,0.996,1
3.73112,8.672214,12.0,0.0,0.176377,0.309425,0.069449,-8.235002,1.0,0.0,0.997077,10.684099,0.0,0.0,0.0508,0
3.280337,15.499188,4.885054,0.088848,0.434029,0.124146,0.110433,17.719211,1.0,0.0,0.711064,11.497435,0.0,0.0,0.0269,0
0.412901,7.702687,12.0,0.0,0.240321,0.076922,0.087995,-1.282523,1.0,0.0,0.981522,9.957277,0.0,0.0,0.2475,0
-1.835913,-1.835913,0.116488,0.212579,0.024763,0.197455,0.066306,-34.136061,1.0,7.0,0.915914,10.874288,0.0,0.0,0.4427,0
3.088345,3.088345,0.492642,0.170413,0.083953,1.102606,0.037007,3.225708,1.0,0.0,0.999973,10.982435,0.0,0.0,0.0255,0
1.295724,1.295724,12.0,0.0,-0.080552,0.302105,0.117772,-7.966203,1.0,0.0,0.990359,10.900551,0.0,0.0,0.2482,1
4.760167,12.460714,5.119166,0.061973,0.317252,0.16954,0.032716,-28.821773,1.0,0.0,0.877647,10.588959,0.0,0.0,0.2326,0
2.836682,5.586391,1.688547,0.206194,0.348169,0.670387,0.029595,-39.011111,1.0,0.0,0.992453,10.062092,0.0,0.0,0.7064,1
0.14761,3.722969,2.650836,0.069005,0.18292,0.958362,1.283717,64.36354,1.0,0.0,0.731487,10.861977,0.0,0.0,0.919,1
1.601839,4.01302,12.0,0.0,0.115405,0.609192,0.035382,-10.916016,1.0,0.0,0.999009,11.367291,0.0,0.0,0.2258,1
1.390297,16.796698,12.0,0.0,0.391602,0.512362,0.509127,19.352065,1.0,0.0,0.93365,11.4535,0.0,0.0,0.1896,0
3.000801,5.940674,2.207274,0.092196,0.203501,0.285521,0.042838,4.111505,1.0,0.0,0.999754,10.420685,0.0,0.0,0.0254,0
2.725554,2.725554,0.763875,0.137505,0.105037,0.331002,0.036639,-15.498841,1.0,0.0,0.997129,11.900962,0.0,0.0,0.1968,0
4.666607,22.144948,12.0,0.0,0.433751,0.104654,0.050018,-18.02543,1.0,0.0,0.861153,9.963101,0.0,0.0,0.0998,0
4.593477,19.182931,4.339192,0.119839,0.520003,0.595731,0.013858,19.076532,1.0,0.0,0.998486,11.286617,0.0,0.0,0.022,0
4.342186,4.496097,12.0,0.0,-0.005124,1.074822,0.035401,6.680122,1.0,0.0,0.999885,11.404674,0.0,0.0,0.0308,0
3.853382,11.142507,12.0,0.0,0.236607,1.100291,0.064155,9.768714,1.0,0.0,0.999503,11.255818,0.0,0.0,0.0242,0
3.377407,15.483553,12.0,0.0,0.365234,0.626006,0.077811,-14.925754,1.0,0.0,0.998418,11.772957,0.0,0.0,0.12,0
0.205292,0.212907,12.0,0.0,-0.049659,1.117382,0.061647,17.957431,1.0,0.0,0.999066,11.130779,0.0,0.0,0.1177,0
1.158473,5.038763,12.0,0.0,0.128714,0.99136,1.196624,47.002665,1.0,0.0,0.989191,10.71498,0.0,0.0,0.8064,1
2.259588,17.313979,12.0,0.0,0.395567,0.039092,0.039122,-0.811305,1.0,0.0,0.768456,10.789137,0.0,0.0,0.0323,0
1.708877,10.577127,9.560027,0.032184,0.307684,0.29259,0.076218,11.813535,1.0,0.0,0.99856,10.907516,0.0,0.0,0.0265,0
0.634406,1.448497,12.0,0.0,0.018272,0.607504,0.018507,3.601517,1.0,0.0,0.999998,11.107069,0.0,0.0,0.1514,1
4.057297,6.803228,12.0,0.0,0.100753,1.113013,0.036686,15.265524,1.0,0.0,0.999389,10.653751,0.0,0.0,0.024,0
2.997871,9.507332,2.871415,0.116959,0.335838,0.304343,0.078571,1.056135,1.0,0.0,0.998672,11.699072,0.0,0.0,0.0259,0
1.512,1.650592,12.0,0.0,0.006781,0.305827,0.05222,-13.595517,1.0,0.0,0.996741,10.761035,0.0,0.0,0.3798,1
3.062793,3.098846,1.125571,0.05236,0.058935,0.163979,0.061498,-24.679656,1.0,0.0,0.983752,10.419343,0.0,0.0,0.2198,0
-0.296603,4.357268,2.312353,0.085344,0.197346,0.387741,0.465706,47.006673,0.573455,3.0,0.939634,11.764482,1.0,55.286822,0.0302,0
3.869477,12.152164,12.0,0.0,0.277204,0.601742,0.05682,-0.642352,1.0,0.0,0.999808,10.59961,0.0,0.0,0.0278,0
3.037368,9.217296,5.557156,0.046261,0.257082,0.040044,0.028008,5.349569,1.0,0.0,0.988077,10.534914,0.0,0.0,0.0216,1
0.492625,6.346679,5.290541,0.047815,0.252965,0.079089,0.08412,6.805323,1.0,0.0,0.921041,10.965189,0.0,0.0,0.2261,0
4.012764,8.770385,2.317105,0.140439,0.325412,0.608474,0.039071,15.766961,1.0,0.0,0.999264,9.685061,0.0,0.0,0.0226,0
0.568213,9.853075,12.0,0.017039,0.299791,0.163828,0.03871,26.897671,1.0,0.0,0.998163,11.38077,0.0,0.0,0.1512,1
-1.692263,-1.692263,-0.303146,0.252354,-0.0765,1.149023,0.044496,-9.501569,1.0,4.0,0.999597,11.009612,0.0,0.0,0.0856,0
3.988643,5.510754,12.0,0.0,0.05616,0.60279,0.030331,-1.136444,1.0,0.0,0.999935,10.049201,0.0,0.0,0.0391,0
2.409792,3.077621,1.794049,0.033447,0.060006,0.303052,0.099183,-1.761975,1.0,0.0,0.996689,12.057087,0.0,0.0,0.0795,0
1.33406,19.778823,12.0,0.0,0.439988,0.326633,0.035781,34.747576,1.0,0.0,0.995158,11.347328,0.0,0.0,0.0454,0
1.450632,10.246774,4.488573,0.082455,0.370105,0.589081,0.051408,14.412979,1.0,0.0,0.998965,11.427502,0.0,0.0,0.1239,0
3.979452,11.337971,12.0,0.0,0.255939,0.607446,0.060687,16.012823,1.0,0.0,0.998837,10.657907,0.0,0.0,0.0259,0
1.652006,7.403184,12.0,0.0,0.200028,0.505424,0.56256,-40.56131,1.0,0.0,0.71579,10.837244,0.0,0.0,0.4609,0
0.977036,11.099758,12.0,0.0,0.306282,0.083604,0.049656,-11.267713,1.0,0.0,0.947203,11.019147,0.0,0.0,0.7354,1
2.062415,11.802512,12.0,0.0,0.29421,0.117159,0.097024,12.118671,1.0,0.0,0.970043,11.206171,0.0,0.0,0.0269,0
-0.742268,2.650609,3.373148,0.023139,0.078051,0.447317,0.550144,20.811424,-0.051011,4.0,0.468217,11.81287,1.0,55.884615,0.0476,0
-0.730563,-0.730563,-0.799368,0.086731,-0.06933,0.222993,0.027752,-37.364065,1.0,3.0,0.948752,10.293903,0.0,0.0,0.5341,1
5.33491,13.399454,12.0,0.0,0.295811,0.676917,0.079483,-37.156467,1.0,0.0,0.987894,10.367578,0.0,0.0,0.2281,0
5.654478,10.68079,12.0,0.0,0.200234,0.630641,0.038086,-18.439742,1.0,0.0,0.998234,10.800279,0.0,0.0,0.0811,0
1.714202,9.336377,12.0,0.0,0.244605,1.124495,0.058219,2.365758,1.0,0.0,0.999972,9.494254,0.0,0.0,0.048,0
3.435158,7.368675,12.0,0.0,0.143643,0.301682,0.035179,3.115615,1.0,0.0,0.999684,10.985257,0.0,0.0,0.0296,0
2.531836,4.524068,12.0,0.0,0.081565,0.053075,0.046697,-4.543318,1.0,0.0,0.750049,10.601592,0.0,0.0,0.0549,0
1.681817,17.190807,10.337948,0.042585,0.440238,0.332994,0.096766,32.391831,1.0,0.0,0.999404,10.818683,0.0,0.0,0.0266,0
1.683709,2.508107,1.37473,0.044045,0.060549,0.148573,0.051564,24.270148,1.0,0.0,0.865834,11.593185,0.0,0.0,0.4546,1
0.826691,13.624169,12.0,0.0,0.343084,0.719174,0.033569,-10.822898,1.0,0.0,0.998218,10.261767,0.0,0.0,0.6002,1
0.214088,15.439958,3.937262,0.12409,0.488574,0.425624,0.387085,44.000946,0.654674,0.0,0.971821,11.284386,1.0,55.828358,0.0244,1
1.74596,6.173503,12.0,0.0,0.18138,0.612675,0.048672,-19.283319,1.0,0.0,0.997535,10.876394,0.0,0.0,0.8068,1
4.401433,10.716256,3.253853,0.103677,0.337349,0.605793,0.043937,12.735141,1.0,0.0,0.999487,11.090429,0.0,0.0,0.0231,0
2.791497,4.302767,12.0,0.0,0.061389,0.310475,0.034611,-13.877842,1.0,0.0,0.998569,10.898308,0.0,0.0,0.1063,0
1.914575,1.914575,0.666933,0.083737,0.055847,0.292595,0.045595,5.640127,1.0,0.0,0.99958,10.445147,0.0,0.0,0.1712,1
2.369924,5.335165,1.839733,0.139902,0.257382,0.110964,0.036783,-16.446337,1.0,0.0,0.857614,10.33715,0.0,0.0,0.1126,0
0.599225,14.063385,12.0,0.0,0.365174,1.120441,0.024028,4.706168,1.0,0.0,0.999934,10.184058,0.0,0.0,0.1909,1
3.636988,16.152676,12.0,0.0,0.350512,0.118814,0.089622,15.461451,1.0,0.0,0.786109,11.848872,0.0,0.0,0.0266,0
0.875836,8.900234,12.0,0.0,0.258347,0.315969,0.022896,-7.987513,1.0,0.0,0.999836,10.662215,0.0,0.0,0.6224,0
1.590691,7.73106,12.0,0.0,0.206257,0.301588,0.052065,16.761926,1.0,0.0,0.992504,11.923097,0.0,0.0,0.025,0
-0.761443,0.499343,0.806296,0.109397,0.088206,0.47108,0.530305,16.182209,-0.258343,8.0,0.807991,10.420433,1.0,54.93985,0.6786,1
1.825694,4.330531,2.078134,0.085799,0.178302,0.317492,0.021916,29.207676,1.0,0.0,0.994719,11.294525,0.0,0.0,0.0611,0
4.112453,16.820632,12.0,0.0,0.356013,0.056867,0.060071,2.745716,1.0,0.0,0.984724,10.505975,0.0,0.0,0.0265,0
1.449231,4.314189,1.866319,0.125993,0.235142,0.817725,0.900791,-20.635016,1.0,0.0,0.641166,10.210873,0.0,0.0,0.9529,1
1.711014,9.976867,12.0,0.0,0.286561,0.645024,0.099586,-24.553027,1.0,0.0,0.995624,11.175799,0.0,0.0,0.9757,1
3.601189,6.029508,12.0,0.0,0.129748,0.880407,1.157013,-4.830911,1.0,0.0,0.89978,10.985795,0.0,0.0,0.6619,1
1.827632,12.016635,4.069045,0.098525,0.400903,0.276256,0.114001,11.063912,1.0,0.0,0.9988,11.395069,0.0,0.0,0.0272,0
0.013069,1.770049,0.978542,0.14747,0.144305,0.395238,0.430128,18.521463,0.152797,0.0,0.839632,10.240442,1.0,54.359375,0.0251,0
2.698459,12.872325,3.297791,0.134933,0.444982,0.099449,0.017539,-16.574482,1.0,0.0,0.76415,10.072932,0.0,0.0,0.0956,0
3.571507,9.761757,2.43549,0.149492,0.364087,0.054304,0.065126,-5.334634,1.0,0.0,0.733603,11.107853,0.0,0.0,0.0331,0
-5.360938,-5.360938,-0.987112,0.241866,-0.238749,1.122141,0.019062,-9.522496,1.0,16.0,0.99962,10.784062,0.0,0.0,0.3487,1
1.836899,16.041898,12.0,0.0,0.381576,0.057677,0.041741,8.201522,1.0,0.0,0.917717,10.691169,0.0,0.0,0.0361,0
1.253429,1.276774,12.0,0.0,-0.096381,0.730855,0.033814,-6.068413,1.0,0.0,0.997613,11.109668,0.0,0.0,0.1415,1
2.008755,2.198279,-0.976429,0.037541,-0.036656,0.617079,0.02008,-14.46392,1.0,0.0,0.999199,10.344182,0.0,0.0,0.1442,0
2.875832,9.304372,12.0,0.0,0.217975,0.029522,0.036483,1.127858,1.0,0.0,0.841495,10.806535,0.0,0.0,0.0228,0
1.328242,4.182562,12.0,0.0,0.072125,0.734558,0.05583,-15.154886,1.0,0.0,0.997952,10.928284,0.0,0.0,0.0929,1
3.418532,30.731044,12.0,0.0,0.532813,0.716414,0.064768,2.06284,1.0,0.0,0.995607,10.846519,0.0,0.0,0.0256,0
1.135863,1.291979,1.051335,0.151197,0.158959,0.061712,0.030759,-10.27989,1.0,0.0,0.995427,10.153007,0.0,0.0,0.2906,0
1.506517,5.012415,2.46279,0.070982,0.174815,0.72366,0.085476,16.442613,1.0,0.0,0.98732,10.925449,0.0,0.0,0.0249,0
0.366595,5.263669,12.0,0.0,0.173173,0.115158,0.064574,15.732503,1.0,0.0,0.820328,11.859389,0.0,0.0,0.2474,0
1.668456,10.475938,8.429831,0.032595,0.274771,0.409263,0.532263,26.762513,0.304909,0.0,0.48553,11.622738,1.0,53.977099,0.022,0
1.826377,5.951908,1.963752,0.15818,0.310626,0.297533,0.056752,-11.028794,1.0,0.0,0.999851,11.560836,0.0,0.0,0.0799,0
0.966586,6.59832,12.0,0.0,0.191893,0.306991,0.028581,22.02339,1.0,0.0,0.998274,11.521103,0.0,0.0,0.0721,0
3.287303,8.902285,12.0,0.0,0.193708,0.302356,0.050256,1.968037,1.0,0.0,0.998928,11.054573,0.0,0.0,0.0257,0
0.203316,0.203316,0.101324,0.134174,0.013595,1.129319,0.017656,-8.361678,1.0,0.0,0.999747,10.14611,0.0,0.0,0.0481,0
4.270857,8.868002,6.732246,0.03217,0.216576,0.607022,0.057861,9.10335,1.0,0.0,0.999836,11.418057,0.0,0.0,0.0235,0
2.522869,10.18472,6.957488,0.040999,0.28525,0.312067,0.054492,24.863383,1.0,0.0,0.9981,10.844469,0.0,0.0,0.0238,0
1.643999,1.718509,0.449201,0.197765,0.088836,0.703861,0.044883,-11.813526,1.0,0.0,0.997046,10.501038,0.0,0.0,0.107,1
2.280192,15.799155,12.0,0.0,0.366242,0.3159,0.033983,27.341526,1.0,0.0,0.995963,11.418473,0.0,0.0,0.0217,0
-0.186974,2.651642,12.0,0.0,0.052715,0.396309,0.44326,23.869611,0.060081,2.0,0.88815,10.661202,1.0,54.136691,0.0533,0
3.569903,18.465042,12.0,0.0,0.387024,0.52068,0.381968,17.175178,1.0,0.0,0.949371,10.582975,0.0,0.0,0.2401,1
1.272213,1.463876,0.730322,0.17206,0.125659,0.650829,0.026918,-33.003447,1.0,0.0,0.993719,10.945522,0.0,0.0,0.1736,1
2.23613,18.349515,8.238056,0.056923,0.468938,0.307385,0.054493,-9.089125,1.0,0.0,0.999634,10.381964,0.0,0.0,0.1319,0
2.069304,24.908721,12.0,0.0,0.498722,0.056343,0.049693,-6.887182,1.0,0.0,0.973858,10.72206,0.0,0.0,0.2097,1
1.769833,6.979984,12.0,0.0,0.184064,0.045064,0.054711,1.681806,1.0,0.0,0.737892,10.816585,0.0,0.0,0.027,0
1.148559,1.238623,12.0,0.0,-0.00049,0.298331,0.054043,-2.040473,1.0,0.0,0.998663,10.165317,0.0,0.0,0.3171,0
1.355716,3.147739,1.369836,0.165728,0.22702,0.598509,0.05265,15.085638,1.0,0.0,0.999184,10.016555,0.0,0.0,0.029,0
3.061086,5.109729,1.578814,0.141028,0.222657,0.328965,0.039221,-7.387068,1.0,0.0,0.998286,10.203767,0.0,0.0,0.0436,0
3.389453,4.384969,1.018583,0.198151,0.201834,1.034101,0.073763,23.68921,1.0,0.0,0.997917,11.367123,0.0,0.0,0.0258,0
-0.767592,-0.055301,0.802842,0.15754,0.12648,0.619455,0.774003,21.706342,1.0,17.0,0.761989,10.769061,0.0,0.0,0.9871,1
1.742063,17.085805,8.938342,0.0503,0.449597,0.59194,0.661615,3.569349,1.0,0.0,0.948276,10.818967,0.0,0.0,0.2831,1
3.489702,25.113474,12.0,0.0,0.484606,0.048985,0.037576,5.400531,1.0,0.0,0.829895,10.798177,0.0,0.0,0.025,0
-0.407888,3.929771,1.963026,0.102501,0.201212,0.495039,0.542551,2.393544,-0.024848,2.0,0.878942,11.012782,1.0,55.267176,0.0785,0
2.136127,6.533526,12.0,0.0,0.182682,0.63007,0.026286,-23.467231,1.0,0.0,0.996902,10.026806,0.0,0.0,0.6372,0
3.623622,17.603306,12.0,0.0,0.376307,0.335635,0.080534,-9.690004,1.0,0.0,0.993279,10.2298,0.0,0.0,0.079,0
4.144859,13.797659,12.0,0.0,0.297443,0.053555,0.050127,-3.870111,1.0,0.0,0.860913,11.749873,0.0,0.0,0.0356,0
0.022748,8.163478,7.1583,0.037875,0.271118,0.72514,0.023723,-3.940262,1.0,0.0,0.99894,10.806119,0.0,0.0,0.152,0
3.289547,6.996314,4.474406,0.039163,0.175232,0.12128,0.040065,19.550349,1.0,0.0,0.966855,11.144976,0.0,0.0,0.0344,0
-1.397155,-1.397155,12.0,0.0,-0.088472,0.720579,0.049335,-13.297738,1.0,18.0,0.997385,10.022026,0.0,0.0,0.9729,1
0.557525,20.987339,12.0,0.0,0.458353,0.720617,0.044509,-3.929967,1.0,0.0,0.998288,10.641291,0.0,0.0,0.4222,1
0.511428,9.728137,3.516357,0.105284,0.370217,0.734186,0.046058,5.769055,1.0,0.0,0.99894,10.558019,0.0,0.0,0.0643,0
3.253689,15.254913,3.502266,0.135605,0.474924,0.27741,0.0544,3.671021,1.0,0.0,0.991396,10.776805,0.0,0.0,0.0244,0
2.896,12.460445,6.373611,0.057,0.363297,0.772487,0.881966,11.073077,1.0,0.0,0.925965,11.052002,0.0,0.0,0.3897,1
1.436569,4.360554,12.0,0.0,0.111399,0.317631,0.049328,-7.280924,1.0,0.0,0.999096,11.033417,0.0,0.0,0.1253,0
0.576666,4.763779,3.767917,0.056077,0.211295,0.115057,0.066969,-15.319058,1.0,0.0,0.59748,10.509154,0.0,0.0,0.9821,1
4.682492,18.291759,12.0,0.0,0.373266,1.121619,0.085136,-22.503688,1.0,0.0,0.998844,10.795355,0.0,0.0,0.2373,1
1.133091,5.965837,12.0,0.0,0.178012,0.361796,0.518442,-1.116707,1.0,0.0,0.78998,11.532362,0.0,0.0,0.5711,1
2.341022,11.686482,9.527332,0.035654,0.339688,0.586454,0.021354,6.352521,1.0,0.0,0.999725,11.212081,0.0,0.0,0.0459,0
-4.21312,-4.21312,12.0,0.0,-0.240593,1.080271,0.059158,4.737932,1.0,19.0,0.999917,10.463337,0.0,0.0,0.4529,0
1.73327,8.887832,12.0,0.0,0.261676,0.636784,0.054703,-21.954976,1.0,0.0,0.997655,10.670883,0.0,0.0,0.9894,1
-2.285867,-1.617521,0.156614,0.125166,0.019603,0.743373,0.041245,18.775322,1.0,23.0,0.981486,10.883927,0.0,0.0,0.6297,1
0.630307,8.069636,12.0,0.0,0.242028,0.076702,0.044049,12.260985,1.0,0.0,0.872876,11.789496,0.0,0.0,0.1394,0
1.254662,3.71083,12.0,0.0,0.12716,0.624573,0.068992,-15.66124,1.0,0.0,0.998895,10.636959,0.0,0.0,0.9369,0
4.77413,16.196282,12.0,0.0,0.335465,0.092135,0.04345,-15.299598,1.0,0.0,0.951572,10.015928,0.0,0.0,0.0871,0
1.368259,11.382663,12.0,0.0,0.30255,0.053618,0.04125,7.305925,1.0,0.0,0.856023,10.923424,0.0,0.0,0.0558,0
1.51936,5.563136,1.997487,0.084218,0.168224,0.476199,0.622526,29.350495,0.264048,0.0,0.84904,11.263696,1.0,54.409449,0.0226,0
3.940982,4.145188,1.806015,0.042707,0.07713,0.902496,1.150291,-58.971429,1.0,0.0,0.76921,11.390288,0.0,0.0,0.5788,1
3.314455,13.75213,12.0,0.0,0.309755,0.311167,0.045995,13.863045,1.0,0.0,0.99759,11.063793,0.0,0.0,0.0231,0
3.77342,17.760138,12.0,0.0,0.37709,0.298811,0.030668,-4.524744,1.0,0.0,0.99993,11.043816,0.0,0.0,0.027,0
4.138154,8.605497,2.367287,0.121575,0.287803,0.373184,0.05677,-22.92549,1.0,0.0,0.995086,10.150869,0.0,0.0,0.2294,1
-0.699766,-0.686079,0.779702,0.166335,0.129692,1.077003,0.019605,12.997778,1.0,12.0,0.999474,9.824704,0.0,0.0,0.2057,1
2.297634,3.698726,12.0,0.0,0.056423,0.056009,0.062007,1.371935,1.0,0.0,0.935465,11.465639,0.0,0.0,0.0586,0
3.297435,7.721056,4.024772,0.054471,0.219233,0.098385,0.053155,-12.152346,1.0,0.0,0.898257,10.760426,0.0,0.0,0.0927,1
0.543858,15.462588,7.473522,0.058123,0.434383,0.768634,0.016916,27.696639,1.0,0.0,0.981558,10.89209,0.0,0.0,0.0489,0
1.913547,1.913547,12.0,0.0,-0.105973,0.362172,0.04262,-29.350471,1.0,0.0,0.993044,10.696036,0.0,0.0,0.5156,1
2.208632,12.366955,12.0,0.0,0.322342,0.593009,0.057385,7.803802,1.0,0.0,0.999522,10.098998,0.0,0.0,0.0724,1
0.370913,5.865651,12.0,0.0,0.191208,0.06822,0.030457,10.231013,1.0,0.0,0.819423,11.537889,0.0,0.0,0.2013,1
-4.50092,-4.50092,12.0,0.0,-0.277744,0.460828,0.422843,-14.201761,0.217252,24.0,0.964472,11.388465,1.0,53.404762,0.9985,1
2.393305,22.068269,12.0,0.0,0.451898,0.858553,0.702135,46.441576,1.0,0.0,0.839519,11.391367,0.0,0.0,0.3966,0
1.79255,9.417537,12.0,0.0,0.249989,0.337899,0.049734,-19.605533,1.0,0.0,0.987733,11.066108,0.0,0.0,0.4037,0
-4.03785,-4.03785,-0.877401,0.209708,-0.183998,1.053782,0.059514,5.89044,1.0,15.0,0.99993,10.427011,0.0,0.0,0.2154,0
1.110438,15.765643,5.537014,0.085076,0.471065,0.305982,0.069387,9.382069,1.0,0.0,0.994261,11.068488,0.0,0.0,0.1016,1
-0.795145,7.639262,12.0,0.0,0.219296,0.419021,0.594816,7.019616,-0.148892,3.0,0.886172,10.361653,1.0,53.620155,0.7403,1
0.801622,14.578522,12.0,0.025364,0.39951,0.324133,0.134575,-12.292789,1.0,0.0,0.992015,10.545809,0.0,0.0,0.9466,1
4.144175,5.49093,1.538998,0.104345,0.160587,0.075184,0.04174,-11.328687,1.0,0.0,0.899206,10.675282,0.0,0.0,0.0645,0
0.624552,8.632859,3.487169,0.092581,0.322844,0.722256,0.03738,2.713069,1.0,0.0,0.99967,11.702554,0.0,0.0,0.0385,0
2.31908,2.373115,0.999587,0.142489,0.14243,0.337512,0.098606,-13.035386,1.0,0.0,0.994442,10.465986,0.0,0.0,0.0936,1
0.579919,4.570532,3.606298,0.056213,0.202722,0.324242,0.065777,1.315765,1.0,0.0,0.997494,10.250243,0.0,0.0,0.1569,0
0.588749,0.588749,0.419774,0.125836,0.052823,0.103979,0.065381,-13.009515,1.0,0.0,0.921041,10.746687,0.0,0.0,0.1925,0
4.389474,16.639447,4.682068,0.099462,0.465688,0.620155,0.765097,-4.019877,1.0,0.0,0.872588,10.133221,0.0,0.0,0.1733,0
-3.528989,-3.528989,-0.169722,0.183222,-0.031097,0.361853,0.385211,-5.077281,-0.090298,24.0,0.936861,10.728022,1.0,55.124031,0.9834,1
1.314522,8.854414,12.0,0.0,0.218307,0.774537,0.039854,30.422034,1.0,0.0,0.975477,11.181293,0.0,0.0,0.0246,0
-8.162491,-8.162491,-1.357599,0.308292,-0.418537,1.177664,0.035808,-30.507789,1.0,17.0,0.995861,9.877775,0.0,0.0,0.8949,1
1.887397,1.887397,0.434314,0.142017,0.06168,0.336581,0.088055,-23.977392,1.0,0.0,0.98572,11.257126,0.0,0.0,0.2005,1
1.608383,8.758472,3.262939,0.112934,0.368498,0.600589,0.067313,-20.027994,1.0,0.0,0.996648,10.741625,0.0,0.0,0.851,1
1.771318,10.784169,12.0,0.0,0.277562,0.31067,0.076201,14.32052,1.0,0.0,0.999269,11.096088,0.0,0.0,0.0258,0
2.937888,4.560828,1.278411,0.164134,0.209831,0.596563,0.026269,10.478335,1.0,0.0,0.999632,10.157368,0.0,0.0,0.0263,1
0.894673,6.164188,2.875039,0.096513,0.277477,0.172358,0.041336,27.98223,1.0,0.0,0.965315,11.22213,0.0,0.0,0.0741,0
3.372921,11.181989,3.6939,0.092646,0.342224,0.288176,0.027703,11.645694,1.0,0.0,0.999217,10.758809,0.0,0.0,0.0216,0
0.300754,0.300754,0.51797,0.079405,0.041129,0.087807,0.058165,-13.280086,1.0,0.0,0.953999,10.053697,0.0,0.0,0.562,0
1.506376,5.652056,2.079949,0.163558,0.340193,0.613404,0.06878,-19.446026,1.0,0.0,0.998874,10.344681,0.0,0.0,0.9075,1
3.849171,17.443848,12.0,0.0,0.387237,0.605549,0.035331,7.216802,1.0,0.0,0.999658,11.64046,0.0,0.0,0.0218,0
0.738514,5.65,12.0,0.0,0.167865,0.728033,0.788865,-5.653919,1.0,0.0,0.485154,10.919698,0.0,0.0,0.7801,1
-0.652494,-0.474318,0.070329,0.087524,0.006155,0.608416,0.081845,-11.992699,1.0,5.0,0.998603,10.957765,0.0,0.0,0.3606,1
2.877381,4.250408,2.153215,0.047112,0.101443,0.300433,0.04878,0.484875,1.0,0.0,0.999575,10.738095,0.0,0.0,0.035,0
2.822521,12.756033,12.0,0.0,0.302007,0.040078,0.049697,-3.469434,1.0,0.0,0.699114,11.490239,0.0,0.0,0.0384,0
-0.282878,6.653509,12.0,0.0,0.203451,0.716017,0.111889,8.557742,1.0,3.0,0.9984,10.758718,0.0,0.0,0.1421,0
2.258789,6.036433,1.529446,0.18733,0.286512,0.740028,0.049726,-11.471626,1.0,0.0,0.998947,10.413473,0.0,0.0,0.0853,0
1.671696,9.795288,12.0,0.0,0.264707,0.105896,0.038352,-17.728088,1.0,0.0,0.902966,11.051214,0.0,0.0,0.5123,1
-0.058667,4.201978,12.0,0.0,0.104938,0.451435,0.585877,28.437546,0.186231,1.0,0.92804,11.393034,1.0,55.244444,0.033,0
2.00929,21.749431,12.0,0.0,0.450342,0.746508,0.065719,-11.723052,1.0,0.0,0.992351,10.425454,0.0,0.0,0.1,0
1.579119,11.039939,4.775174,0.070745,0.337822,0.729815,0.032572,12.087461,1.0,0.0,0.997362,10.858246,0.0,0.0,0.0224,0
-0.392247,1.189879,0.97876,0.153947,0.150678,0.751734,0.087583,11.125585,1.0,3.0,0.978233,11.311228,0.0,0.0,0.077,0
2.485524,3.909717,1.362226,0.135872,0.185089,1.112452,0.060954,14.000893,1.0,0.0,0.999446,10.655708,0.0,0.0,0.0269,0
2.804199,12.799633,4.119082,0.095893,0.394992,0.138485,0.085828,18.997127,1.0,0.0,0.840363,11.829384,0.0,0.0,0.0274,0
1.86853,4.831028,1.510242,0.165763,0.250342,0.722018,0.055009,-3.258396,1.0,0.0,0.998821,10.959675,0.0,0.0,0.0315,0
1.708207,9.597163,4.889921,0.061914,0.302753,0.667681,0.918843,9.587565,1.0,0.0,0.746122,10.663849,0.0,0.0,0.2094,0
-0.303569,0.119952,12.0,0.0,-0.001019,1.089994,0.048813,11.995514,1.0,5.0,0.999421,9.567273,0.0,0.0,0.23,1
5.379332,10.138085,12.0,0.0,0.197319,0.598246,0.088952,-9.170807,1.0,0.0,0.998432,10.277792,0.0,0.0,0.0475,0
3.917944,6.913693,12.0,0.0,0.114397,0.032114,0.031741,4.508417,1.0,0.0,0.926906,10.493717,0.0,0.0,0.037,0
2.419566,7.09073,3.472554,0.067927,0.235882,0.042668,0.035958,3.880673,1.0,0.0,0.975511,10.920369,0.0,0.0,0.0234,0
0.681617,0.867972,12.0,0.0,-0.010263,0.572835,0.413662,0.852184,1.0,0.0,0.994658,11.587477,0.0,0.0,0.9784,1
-1.091843,17.822241,12.0,0.0,0.423877,0.352003,0.412725,29.742344,0.468548,3.0,0.771686,10.53424,1.0,55.923611,0.2002,0
1.88131,24.362212,12.0,0.020403,0.513775,0.309624,0.04677,-1.825129,1.0,0.0,0.999867,11.221611,0.0,0.0,0.0828,0
0.279628,9.550351,3.519833,0.111413,0.392156,0.689961,0.604741,22.519272,1.0,0.0,0.942468,11.184841,0.0,0.0,0.8546,1
0.423438,0.423438,-0.16153,0.065935,-0.010651,0.284029,0.038939,2.419011,1.0,0.0,0.998072,10.466553,0.0,0.0,0.423,0
1.266111,9.692889,12.0,0.0,0.264668,0.284284,0.057218,22.493206,1.0,0.0,0.998279,11.828289,0.0,0.0,0.0473,0
3.562082,20.053759,10.43351,0.044207,0.461231,0.322167,0.097891,-6.023303,1.0,0.0,0.998169,11.288986,0.0,0.0,0.0383,0
4.174494,22.678322,12.0,0.037412,0.481895,0.069878,0.075816,7.124871,1.0,0.0,0.909838,10.671932,0.0,0.0,0.0272,0
1.309408,4.857168,5.203525,0.031698,0.16494,0.094789,0.06596,12.012231,1.0,0.0,0.974725,10.648318,0.0,0.0,0.0501,0
5.687958,15.472992,12.0,0.0,0.303965,0.192316,0.031857,-32.466556,1.0,0.0,0.885413,10.841816,0.0,0.0,0.2808,0
1.203864,2.484858,3.012013,0.027634,0.083233,0.085274,0.041123,-10.914753,1.0,0.0,0.955042,10.362266,0.0,0.0,0.3542,0
1.163356,3.039577,2.347075,0.055858,0.131102,0.046323,0.050395,-0.124909,1.0,0.0,0.843538,10.516931,0.0,0.0,0.0763,0
4.351089,11.030293,2.082762,0.205245,0.427476,1.132321,0.017585,-9.958913,1.0,0.0,0.9997,9.908827,0.0,0.0,0.0528,0
4.586654,10.159367,7.906404,0.030053,0.237609,0.589602,0.068498,20.311193,1.0,0.0,0.99841,11.170056,0.0,0.0,0.0244,0
3.449327,15.621218,3.838045,0.123881,0.475459,0.505369,0.753984,-22.956727,1.0,0.0,0.780586,11.521515,0.0,0.0,0.2687,0
0.854329,9.707455,12.0,0.0,0.276334,0.091187,0.043853,14.600633,1.0,0.0,0.869841,11.896615,0.0,0.0,0.1122,0
2.17731,14.864831,8.923068,0.046601,0.415823,0.59394,0.013561,7.832732,1.0,0.0,0.999734,11.132098,0.0,0.0,0.0786,0
0.954317,1.097998,0.558593,0.077358,0.043212,0.11651,0.050077,19.838536,1.0,0.0,0.815959,10.990988,0.0,0.0,0.3636,0
1.264796,4.851687,2.642431,0.062175,0.164293,0.716509,0.056575,12.138733,1.0,0.0,0.997796,11.186453,0.0,0.0,0.0256,0
2.021956,3.748997,1.603567,0.151617,0.243128,0.622074,0.076424,-21.686,1.0,0.0,0.996896,11.295596,0.0,0.0,0.2833,0
0.888113,5.422518,12.0,0.0,0.160863,0.168483,0.099875,25.708162,1.0,0.0,0.69093,10.247009,0.0,0.0,0.1374,0
0.453576,12.423404,5.88084,0.069359,0.407889,0.319873,0.055284,11.146782,1.0,0.0,0.999477,11.254473,0.0,0.0,0.2282,0
2.0188,17.440476,6.374159,0.074191,0.472908,0.130344,0.057029,22.015426,1.0,0.0,0.974987,11.326921,0.0,0.0,0.0264,1
0.770931,0.770931,-0.091081,0.084443,-0.007691,0.619597,0.793295,-51.203278,1.0,0.0,0.866102,11.060925,0.0,0.0,0.9861,1
1.763866,6.888208,3.610263,0.06897,0.249001,0.093653,0.029405,16.430794,1.0,0.0,0.914237,11.751498,0.0,0.0,0.0234,0
-3.639853,-3.639853,-1.138759,0.116887,-0.133106,0.782982,0.049211,-38.330575,1.0,15.0,0.976548,10.404926,0.0,0.0,0.9973,1
1.063744,11.701951,4.263112,0.097088,0.413897,0.059758,0.044523,-4.475618,1.0,0.0,0.782608,11.309284,0.0,0.0,0.3075,0
0.894865,15.019224,4.969464,0.09322,0.463256,0.685001,0.776181,42.171511,1.0,0.0,0.957323,11.25896,0.0,0.0,0.4632,0
1.732368,11.633899,12.0,0.0,0.281468,0.716745,0.025854,-9.455103,1.0,0.0,0.998812,11.253276,0.0,0.0,0.0677,0
2.372514,9.050884,12.0,0.0,0.220643,0.316038,0.047179,22.299814,1.0,0.0,0.995112,10.668813,0.0,0.0,0.0277,0
2.405358,11.827526,4.820982,0.07928,0.382206,0.61828,0.080766,18.361787,1.0,0.0,0.998206,10.64156,0.0,0.0,0.0391,0
3.45666,7.154136,2.795419,0.076359,0.213455,0.042261,0.023762,6.121695,1.0,0.0,0.992228,11.16666,0.0,0.0,0.0217,0
-2.490261,-2.490261,0.017406,0.191846,0.003339,0.395528,0.400761,-8.744433,-0.018386,23.0,0.957595,9.908981,1.0,53.844595,0.7436,1
1.422742,10.105918,12.0,0.0,0.272358,0.483044,0.537385,-25.894806,1.0,0.0,0.896976,11.787867,0.0,0.0,0.2318,0
0.402957,2.589068,1.268955,0.139236,0.176684,0.718039,0.023553,4.205811,1.0,0.0,0.999465,11.234742,0.0,0.0,0.0243,0
2.470844,11.372302,3.541692,0.107796,0.381781,0.209566,0.080416,34.824956,1.0,0.0,0.843601,11.209915,0.0,0.0,0.027,0
3.275889,10.14245,12.0,0.0,0.242585,0.595031,0.032961,10.832769,1.0,0.0,0.999413,11.445454,0.0,0.0,0.0226,0
2.836934,14.106653,12.0,0.0,0.343392,0.598043,0.107244,-3.208825,1.0,0.0,0.999832,11.61592,0.0,0.0,0.0318,0
2.836651,10.063131,4.517996,0.067595,0.305395,0.325505,0.064637,-4.230507,1.0,0.0,0.998422,11.0581,0.0,0.0,0.0369,0
3.180356,4.863948,2.385479,0.037219,0.088785,0.588044,0.027077,12.094767,1.0,0.0,0.99925,11.376671,0.0,0.0,0.0364,0
-2.979124,-2.979124,12.0,0.0,-0.155167,1.140646,0.034375,-17.382622,1.0,16.0,0.998749,10.080689,0.0,0.0,0.9735,1
2.59601,8.784425,2.447213,0.16044,0.392631,0.598521,0.022005,-1.429344,1.0,0.0,0.999955,10.955757,0.0,0.0,0.0346,0
0.59843,0.59843,-2.351998,0.04469,-0.105111,0.50104,0.49042,4.792367,-0.012913,0.0,0.975084,10.922506,1.0,54.905109,0.4681,1
2.275989,3.926012,1.735696,0.09601,0.166644,0.07096,0.069874,-8.871802,1.0,0.0,0.857774,10.35707,0.0,0.0,0.0482,1
2.139844,10.202631,12.0,0.0,0.260119,0.072738,0.06939,-6.301046,1.0,0.0,0.734658,10.991113,0.0,0.0,0.0357,0
0.022839,12.457077,4.944719,0.082262,0.406764,0.381411,0.300522,39.737818,0.615476,0.0,0.994223,10.96304,1.0,56.072464,0.0513,0
1.984479,7.770697,3.439819,0.059664,0.205232,0.408847,0.437979,17.396254,-0.36138,0.0,0.831345,11.884303,1.0,55.014493,0.0221,0
2.375497,15.057365,8.801324,0.04746,0.417712,0.5983,0.031105,10.46834,1.0,0.0,0.99977,11.510552,0.0,0.0,0.0674,0
0.948463,7.943676,2.185599,0.139214,0.304266,0.435762,0.503953,1.483808,-0.164921,0.0,0.902167,10.02415,1.0,55.524823,0.1338,0
3.64845,18.510767,12.0,0.0,0.405472,0.603629,0.050335,16.475552,1.0,0.0,0.998957,11.713538,0.0,0.0,0.0243,0
4.915188,18.117908,12.0,0.0,0.376333,0.590099,0.905682,-21.812526,1.0,0.0,0.785654,11.408217,0.0,0.0,0.1737,0
1.198119,4.240774,1.531556,0.158032,0.242035,0.728887,0.024651,-12.173656,1.0,0.0,0.996493,9.577838,0.0,0.0,0.0867,0
4.55379,8.012566,12.0,0.0,0.134335,0.094175,0.074614,-13.431071,1.0,0.0,0.948745,11.011929,0.0,0.0,0.0742,0
0.48736,17.310157,12.0,0.0,0.396224,0.385786,0.444286,21.649931,-0.471516,0.0,0.855298,10.38101,1.0,53.37037,0.0533,0
4.842113,7.89482,12.0,0.0,0.113507,1.106242,0.036437,-4.882449,1.0,0.0,0.999855,10.330843,0.0,0.0,0.0307,1
3.314431,9.081747,12.0,0.0,0.198107,0.332629,0.083464,8.513612,1.0,0.0,0.998714,11.275799,0.0,0.0,0.0263,0
2.632474,4.841955,2.611396,0.053149,0.138793,0.052915,0.045741,5.059438,1.0,0.0,0.889344,10.971306,0.0,0.0,0.0312,0
0.096273,8.546428,2.348955,0.174903,0.41084,0.726768,0.054528,6.138519,1.0,0.0,0.99815,10.726778,0.0,0.0,0.0624,0
3.671771,11.867757,3.923539,0.088339,0.346602,0.119209,0.041588,18.021693,1.0,0.0,0.925871,11.020286,0.0,0.0,0.0244,0
1.42007,4.611492,12.0,0.0,0.12214,0.316428,0.052568,-13.019804,1.0,0.0,0.994622,10.204444,0.0,0.0,0.3602,0
-1.224023,-1.224023,0.286894,0.182451,0.052344,1.079687,0.053636,18.905324,1.0,11.0,0.998881,11.221663,0.0,0.0,0.0519,0
1.230682,14.076237,12.0,0.0,0.32505,0.436181,0.46486,27.475686,0.450854,0.0,0.88687,12.221731,1.0,54.623188,0.0233,0
0.649221,10.707428,3.353482,0.128487,0.430879,0.297269,0.031786,3.007026,1.0,0.0,0.998903,10.915468,0.0,0.0,0.164,0
3.196369,9.121763,12.0,0.0,0.203864,0.29433,0.052723,-4.260621,1.0,0.0,0.996867,10.824777,0.0,0.0,0.032,0
3.662321,4.190892,1.158619,0.168084,0.194745,0.140955,0.012537,-24.372212,1.0,0.0,0.903467,9.987594,0.0,0.0,0.1804,0
3.666326,13.41489,12.0,0.0,0.297261,0.065557,0.068136,7.212897,1.0,0.0,0.953599,10.746081,0.0,0.0,0.0257,0
1.17628,2.91717,2.993527,0.034411,0.103011,0.602931,0.019728,-0.304781,1.0,0.0,0.99999,10.764291,0.0,0.0,0.055,0
1.192229,4.309663,2.239969,0.093374,0.209155,0.296507,0.036158,17.86685,1.0,0.0,0.999015,11.457632,0.0,0.0,0.0424,0
-0.226816,-0.226816,0.459549,0.270216,0.124177,1.121817,0.097027,6.283236,1.0,2.0,0.999617,10.565144,0.0,0.0,0.0418,0
3.44262,15.48889,12.0,0.0,0.342855,0.038387,0.036326,3.441957,1.0,0.0,0.966005,9.961472,0.0,0.0,0.0233,0
2.7055,6.937442,2.461606,0.102775,0.252992,0.303652,0.044354,7.188092,1.0,0.0,0.995659,10.768674,0.0,0.0,0.0261,0
2.14431,9.936899,3.317503,0.109084,0.361885,0.311101,0.078912,-12.819296,1.0,0.0,0.997711,11.004772,0.0,0.0,0.0806,0
2.953159,4.220919,12.0,0.0,0.002505,1.122095,0.040931,36.583467,1.0,0.0,0.996342,10.973171,0.0,0.0,0.0465,0
4.377349,10.20365,12.0,0.0,0.218312,0.59455,0.019006,4.118708,1.0,0.0,0.999941,10.18626,0.0,0.0,0.0217,0
3.962186,23.710565,12.0,0.0,0.448993,0.714509,0.040818,-6.690115,1.0,0.0,0.996863,11.114619,0.0,0.0,0.0666,0
1.213756,5.656862,2.952125,0.085544,0.252535,0.621033,0.053335,20.728659,1.0,0.0,0.997586,10.68057,0.0,0.0,0.0865,0
2.630691,8.702655,2.821324,0.100492,0.283519,0.685159,0.840115,38.182454,1.0,0.0,0.661831,11.191547,0.0,0.0,0.3908,0
4.399347,13.668912,12.0,0.0,0.291704,0.129956,0.058344,-21.019334,1.0,0.0,0.881601,10.829207,0.0,0.0,0.1124,0
-1.856916,-1.856916,0.249897,0.207968,0.051971,1.117229,0.045673,6.447721,1.0,10.0,0.999874,10.917044,0.0,0.0,0.0433,0
-1.541148,7.296863,6.732216,0.040235,0.270873,0.499345,0.545166,48.113086,0.582259,6.0,0.618069,10.583789,1.0,55.89781,0.2097,0
1.432255,3.931427,12.0,0.0,0.099202,0.084383,0.106188,-6.838753,1.0,0.0,0.871315,10.82555,0.0,0.0,0.2307,0
1.690704,12.133138,5.118482,0.070323,0.359948,0.73739,0.120187,3.288336,1.0,0.0,0.987734,10.593505,0.0,0.0,0.0266,0
0.469345,0.469345,0.510256,0.085507,0.04363,0.216152,0.077447,-36.399286,1.0,0.0,0.467219,11.124216,0.0,0.0,0.8376,1
3.69959,21.162973,12.0,0.030582,0.458122,0.700192,0.704511,19.859071,1.0,0.0,0.89282,11.531715,0.0,0.0,0.1938,0
0.01397,6.040832,3.554002,0.061889,0.219954,0.487256,0.442568,28.380298,0.198923,0.0,0.953266,11.457395,1.0,57.409722,0.0238,0
5.256951,18.562687,12.0,0.0,0.383397,0.620742,0.04328,-4.255361,1.0,0.0,0.999662,10.295088,0.0,0.0,0.0287,0
2.790423,3.463704,1.025683,0.070843,0.072662,0.615961,0.05988,5.916152,1.0,0.0,0.999753,11.121994,0.0,0.0,0.0398,0
1.929013,4.443972,12.0,0.0,0.097899,0.045692,0.031756,5.326287,1.0,0.0,0.950869,10.669939,0.0,0.0,0.045,0
1.384377,1.384377,12.0,0.0,-0.140209,0.370309,0.051847,-30.103023,1.0,0.0,0.984678,10.591564,0.0,0.0,0.5711,1
2.009603,3.237228,1.44486,0.111429,0.161,0.060141,0.075555,4.127361,1.0,0.0,0.934179,10.320811,0.0,0.0,0.032,0
-2.528353,-2.528353,-0.119516,0.247386,-0.029566,1.099911,0.033305,0.958066,1.0,10.0,0.999987,10.584242,0.0,0.0,0.0601,0
3.94452,6.921777,12.0,0.0,0.089449,0.723484,0.047383,-11.344344,1.0,0.0,0.996198,10.913706,0.0,0.0,0.1014,0
2.493543,17.271076,12.0,0.0,0.397573,0.607288,0.079494,33.479027,1.0,0.0,0.994386,11.803704,0.0,0.0,0.027,0
3.870188,12.048587,7.894743,0.038795,0.306277,0.147185,0.043271,-26.053281,1.0,0.0,0.834902,11.178481,0.0,0.0,0.1982,1
-0.226742,-0.226742,0.464481,0.209904,0.097497,1.093956,0.10128,0.223792,1.0,2.0,0.999917,11.684086,0.0,0.0,0.0602,0
3.32175,6.955805,1.754461,0.153174,0.268737,0.8385,0.741048,-37.418922,1.0,0.0,0.999077,11.11487,0.0,0.0,0.3843,0
-1.339637,6.63768,5.716507,0.043418,0.248199,0.437341,0.565986,-5.757377,-0.158267,3.0,0.960098,10.67768,1.0,56.304348,0.931,1
5.008745,15.019585,12.0,0.0,0.325788,0.611793,0.03203,-10.581415,1.0,0.0,0.99922,10.962763,0.0,0.0,0.0457,0
-0.082224,7.981284,2.646367,0.131942,0.349168,0.423126,0.31649,42.535609,0.605935,1.0,0.900984,10.832843,1.0,53.656934,0.0286,0
-2.960073,-2.960073,12.0,0.0,-0.189746,0.298647,0.114508,-50.662502,1.0,13.0,0.815265,10.552751,0.0,0.0,0.9996,1
1.107201,6.6292,12.0,0.0,0.212277,0.615674,0.061171,-6.378022,1.0,0.0,0.999926,10.91591,0.0,0.0,0.5286,1
3.391394,5.370962,1.767198,0.128234,0.226616,0.802456,0.828215,-82.733591,1.0,0.0,0.956069,10.245898,0.0,0.0,0.6583,1
1.48288,3.09019,12.0,0.0,0.064356,0.278652,0.036459,-7.739896,1.0,0.0,0.992836,10.893853,0.0,0.0,0.1115,0
0.627415,0.627415,-0.218973,0.077884,-0.017054,0.743421,0.028834,-28.184694,1.0,0.0,0.981143,10.269838,0.0,0.0,0.3335,0
-2.239387,-2.239387,12.0,0.0,-0.109684,0.727606,0.068474,-3.861866,1.0,24.0,0.992283,10.724456,0.0,0.0,0.8872,1
2.847441,4.993901,1.514683,0.17059,0.25839,0.098041,0.049866,-14.575446,1.0,0.0,0.773237,10.73676,0.0,0.0,0.0971,0
2.676382,10.613896,12.0,0.0,0.279431,0.622065,0.03934,-14.695186,1.0,0.0,0.999524,10.800746,0.0,0.0,0.4093,0
0.833689,0.873558,12.0,0.0,-0.076015,0.65042,0.063497,-34.228314,1.0,0.0,0.996004,10.81403,0.0,0.0,0.3356,0
2.015468,3.552234,1.382852,0.171785,0.237554,0.114122,0.050799,-17.10274,1.0,0.0,0.991899,11.32995,0.0,0.0,0.1298,0
-6.41374,-6.41374,-3.691751,0.139206,-0.513914,1.124222,0.123454,-31.222995,1.0,15.0,0.996428,10.059,0.0,0.0,0.9197,1
2.437193,19.915964,7.171486,0.067169,0.481704,0.665193,0.848494,45.23224,1.0,0.0,0.713421,10.504657,0.0,0.0,0.7689,1
4.344169,9.972903,12.0,0.0,0.21242,0.619079,0.070233,18.472249,1.0,0.0,0.998169,11.66819,0.0,0.0,0.0244,0
1.423023,9.444745,12.0,0.0,0.230202,0.716055,0.046708,-4.526007,1.0,0.0,0.998702,10.368613,0.0,0.0,0.0404,0
-1.954193,-1.954193,-0.513804,0.110396,-0.056722,1.094877,0.054177,6.535283,1.0,11.0,0.999868,10.018302,0.0,0.0,0.0567,0
1.827688,2.055616,12.0,0.0,-0.065954,0.584306,0.06677,-15.755381,1.0,0.0,0.994962,10.635423,0.0,0.0,0.1689,0
0.061401,0.061401,0.075224,0.132882,0.009996,0.137227,0.034779,-22.725901,1.0,0.0,0.873308,10.653762,0.0,0.0,0.3029,0
2.562964,8.36435,2.852159,0.109951,0.313599,0.597789,0.053383,39.720065,1.0,0.0,0.995653,10.788709,0.0,0.0,0.0253,1
1.699959,1.699959,0.284904,0.107721,0.03069,0.031709,0.027642,1.715487,1.0,0.0,0.961816,10.710814,0.0,0.0,0.2038,0
4.779273,8.796831,12.0,0.0,0.165026,0.588446,0.038687,6.77837,1.0,0.0,0.999712,10.38682,0.0,0.0,0.0224,0
-0.858599,3.18035,12.0,0.0,0.1095,0.733602,0.058269,10.603662,1.0,5.0,0.993339,11.16283,0.0,0.0,0.2452,0
1.988627,23.11356,12.0,0.0,0.452283,0.447648,0.517276,33.899594,0.418672,0.0,0.751298,11.196044,1.0,54.059701,0.0216,0
2.598426,5.315793,12.0,0.0,0.133611,0.620093,0.053836,-15.071334,1.0,0.0,0.99855,10.894894,0.0,0.0,0.1018,0
1.468371,5.358973,12.0,0.0,0.155027,0.604208,0.090574,28.573442,1.0,0.0,0.996207,11.08845,0.0,0.0,0.08,0
-2.015529,-2.015529,12.0,0.0,-0.144537,1.099618,0.084827,8.2194,1.0,13.0,0.999652,10.566366,0.0,0.0,0.192,0
1.283587,3.266623,12.0,0.0,0.112017,0.635469,0.073003,-12.983628,1.0,0.0,0.998463,10.115849,0.0,0.0,0.9711,1
1.509122,22.135769,12.0,0.0,0.470198,0.109079,0.029818,18.309983,1.0,0.0,0.807044,10.679169,0.0,0.0,0.0662,0
4.147893,5.827313,1.405423,0.23244,0.326676,0.656652,0.690912,-69.095703,1.0,0.0,0.895293,9.967153,0.0,0.0,0.7865,1
1.859273,7.026071,12.0,0.0,0.178706,0.331289,0.051158,34.276601,1.0,0.0,0.992162,11.200087,0.0,0.0,0.0473,0
-2.246487,-2.246487,-0.325757,0.296299,-0.096521,1.169221,0.089791,-26.597707,1.0,5.0,0.997433,10.658672,0.0,0.0,0.2574,0
1.953333,1.953333,0.612251,0.143001,0.087552,1.118321,0.022055,-7.69959,1.0,0.0,0.999752,10.280982,0.0,0.0,0.0409,0
4.221337,16.484417,12.0,0.0,0.347562,0.018012,0.018921,0.443613,1.0,0.0,0.773152,11.681621,0.0,0.0,0.0218,0
1.806134,4.019795,1.330607,0.087066,0.115851,0.335245,0.242499,30.891729,0.584314,0.0,0.944017,10.603534,1.0,53.23913,0.0407,0
2.562608,9.91823,6.300454,0.045197,0.284762,0.116911,0.042674,19.85589,1.0,0.0,0.927683,10.940616,0.0,0.0,0.0241,0
2.394447,11.605629,12.0,0.0,0.298916,0.590054,0.044992,10.985726,1.0,0.0,0.999428,11.114228,0.0,0.0,0.0321,0
0.463565,5.796512,2.479109,0.095381,0.23646,0.400611,0.502792,34.392755,0.178291,0.0,0.898378,11.008231,1.0,56.624,0.0236,0
2.815104,20.851169,12.0,0.0,0.438116,0.296962,0.05127,5.516243,1.0,0.0,0.999573,10.099685,0.0,0.0,0.0255,0
-1.477715,-1.477715,0.238655,0.122138,0.029149,0.076532,0.114794,3.959404,1.0,18.0,0.888372,10.965174,0.0,0.0,0.6522,0
0.947478,3.555216,12.0,0.0,0.063836,0.72623,0.050676,0.676482,1.0,0.0,0.998226,11.310235,0.0,0.0,0.0309,0
0.889661,0.889661,0.960812,0.104229,0.100145,0.351669,0.086454,-21.853642,1.0,0.0,0.993425,11.186553,0.0,0.0,0.8055,1
0.92413,7.597052,3.381477,0.091889,0.310721,0.904779,0.819986,28.066436,1.0,0.0,0.874688,11.030485,0.0,0.0,0.5708,0
4.975699,4.975699,12.0,0.0,-0.013683,1.137036,0.080601,-28.95074,1.0,0.0,0.996084,10.920059,0.0,0.0,0.2047,0
3.347693,28.854789,12.0,0.0,0.52727,0.086865,0.023896,-14.553524,1.0,0.0,0.832145,10.502052,0.0,0.0,0.0837,0
1.006162,4.536623,1.837358,0.159188,0.292486,0.051239,0.047317,-6.238379,1.0,0.0,0.699811,11.357387,0.0,0.0,0.1953,0
1.04793,3.241112,12.0,0.0,0.084599,0.111286,0.059204,16.306905,1.0,0.0,0.759414,10.950293,0.0,0.0,0.1504,0
2.162311,13.413574,3.166223,0.148091,0.468888,1.09138,0.06959,32.515722,1.0,0.0,0.997042,11.366373,0.0,0.0,0.0245,0
4.451631,7.351144,12.0,0.0,0.132617,0.602819,0.057303,-2.992785,1.0,0.0,0.999943,10.251964,0.0,0.0,0.0278,0
5.683974,21.781727,12.0,0.0,0.42653,0.596988,0.107388,10.28575,1.0,0.0,0.997986,10.419601,0.0,0.0,0.0274,1
2.500833,3.94913,12.0,0.0,0.06199,0.080568,0.044255,-12.96059,1.0,0.0,0.962392,10.488185,0.0,0.0,0.0966,1
1.799718,10.400716,5.882039,0.051207,0.301204,0.741718,0.056506,8.150008,1.0,0.0,0.998453,11.264761,0.0,0.0,0.0262,0
2.843626,5.890509,12.0,0.0,0.112496,1.075038,0.05125,14.671388,1.0,0.0,0.998993,10.810579,0.0,0.0,0.0258,0
0.119723,2.12191,1.098397,0.116995,0.128507,0.377435,0.486893,21.856717,0.279989,0.0,0.831437,10.803909,1.0,57.748252,0.0267,0
3.364502,6.649958,2.587896,0.061962,0.16035,0.726946,0.038748,-10.946204,1.0,0.0,0.99399,10.391543,0.0,0.0,0.1114,0
1.017273,7.370007,12.0,0.0,0.211349,0.31428,0.037265,33.33149,1.0,0.0,0.994731,11.610316,0.0,0.0,0.0623,0
1.254968,8.690694,5.261246,0.057207,0.300981,0.281439,0.093597,-2.992599,1.0,0.0,0.996767,11.473945,0.0,0.0,0.0824,0
3.024854,22.183153,12.0,0.030478,0.495589,0.60666,0.032854,21.19053,1.0,0.0,0.997278,11.032794,0.0,0.0,0.0337,0
1.645546,3.852049,12.0,0.0,0.025705,0.426261,0.505539,28.903055,0.397454,0.0,0.809102,11.069935,1.0,54.04,0.0635,0
1.443799,6.03014,1.918458,0.182398,0.349922,0.312271,0.041617,-19.374517,1.0,0.0,0.998638,9.859751,0.0,0.0,0.5254,1
0.635446,9.304205,2.81419,0.147068,0.413876,1.033803,0.0938,20.991342,1.0,0.0,0.999062,11.9166,0.0,0.0,0.1523,1
2.488824,7.975534,7.813067,0.027579,0.215473,0.142088,0.083179,24.321748,1.0,0.0,0.709831,10.716962,0.0,0.0,0.0333,0
2.652583,11.917701,12.0,0.0,0.282658,0.292136,0.037503,10.405089,1.0,0.0,0.998782,11.470021,0.0,0.0,0.0229,0
1.484289,7.827866,5.614609,0.046726,0.262346,0.087048,0.06322,10.407579,1.0,0.0,0.890645,10.965463,0.0,0.0,0.0383,0
3.46205,10.991848,3.253143,0.112752,0.3668,0.652298,0.098466,48.452119,1.0,0.0,0.991616,12.05135,0.0,0.0,0.0266,0
-0.116504,-0.116213,0.727303,0.09144,0.066504,1.107774,0.073033,-0.135681,1.0,2.0,0.999993,10.13805,0.0,0.0,0.1531,0
0.74977,4.355266,12.0,0.0,0.136275,0.338186,0.033217,-18.040306,1.0,0.0,0.997018,11.311788,0.0,0.0,0.9507,1
2.145234,11.745257,12.0,0.0,0.295572,1.146142,0.065986,-26.916371,1.0,0.0,0.997188,10.251032,0.0,0.0,0.6397,1
5.810919,18.517342,9.677727,0.043964,0.425468,0.62426,0.026877,-18.176322,1.0,0.0,0.998112,11.405175,0.0,0.0,0.0775,0
1.298614,11.259894,12.0,0.0,0.29991,0.139502,0.033195,23.955244,1.0,0.0,0.872326,10.989949,0.0,0.0,0.0432,0
2.94575,13.833577,9.426642,0.037786,0.356198,0.147674,0.08447,26.299203,1.0,0.0,0.946978,11.880702,0.0,0.0,0.027,0
1.248755,19.551853,12.0,0.0,0.441729,0.079242,0.054909,11.316544,1.0,0.0,0.664928,11.136521,0.0,0.0,0.1083,0
-0.476527,4.012537,4.502554,0.028724,0.129333,0.47091,0.388496,32.474246,0.453146,2.0,0.961159,11.083673,1.0,54.728682,0.0329,0
1.836996,6.520409,12.0,0.0,0.135722,0.741637,0.026865,21.812421,1.0,0.0,0.988234,10.577574,0.0,0.0,0.0322,0
-3.711785,-3.583648,-0.417075,0.141351,-0.058954,0.619396,0.044345,-3.106507,1.0,19.0,0.999263,10.630406,0.0,0.0,0.9284,1
1.474665,5.254465,2.717967,0.081641,0.221898,0.056611,0.066121,0.867058,1.0,0.0,0.534667,11.123773,0.0,0.0,0.051,0
1.923945,11.681,12.0,0.0,0.300264,0.343532,0.042982,-26.440701,1.0,0.0,0.989641,9.954964,0.0,0.0,0.7182,1
2.131247,8.01328,2.737886,0.118667,0.324898,0.051179,0.03504,-7.87183,1.0,0.0,0.925531,10.334324,0.0,0.0,0.0416,0
1.204457,8.543093,12.0,0.0,0.21067,0.766284,0.085665,14.430712,1.0,0.0,0.995206,10.785538,0.0,0.0,0.0271,0
2.662235,19.460586,12.0,0.0,0.424163,0.087079,0.015567,-14.911578,1.0,0.0,0.878574,10.808759,0.0,0.0,0.0861,1
1.722928,10.052614,3.015983,0.107158,0.323186,0.453208,0.603555,5.82652,-0.086182,0.0,0.657763,10.630193,1.0,56.518797,0.0816,0
3.407059,3.52929,0.626195,0.095803,0.059992,0.667231,0.038523,-35.200341,1.0,0.0,0.993922,9.944543,0.0,0.0,0.2214,0
3.083388,20.528257,11.24276,0.041878,0.470829,0.10082,0.086181,6.668176,1.0,0.0,0.875156,10.799165,0.0,0.0,0.0258,0
2.166794,10.047854,12.0,0.0,0.2568,0.053347,0.025511,-9.219018,1.0,0.0,0.767101,11.46916,0.0,0.0,0.0501,0
-0.069638,0.126313,0.09704,0.055281,0.005364,0.72536,0.027875,-15.577937,1.0,1.0,0.99595,11.037964,0.0,0.0,0.6668,1
2.103195,8.102085,12.0,0.0,0.202348,0.301474,0.035041,15.17264,1.0,0.0,0.999797,11.42177,0.0,0.0,0.0251,0
1.864943,6.568457,12.0,0.0,0.193156,0.59958,0.049819,-9.345413,1.0,0.0,0.999503,11.346883,0.0,0.0,0.5356,1
-5.2731,-5.2731,-2.085504,0.140924,-0.293898,1.156495,0.066392,6.29014,1.0,16.0,0.999936,11.13545,0.0,0.0,0.6345,1
0.576248,12.401851,5.845825,0.069203,0.404547,0.323621,0.070969,19.32179,1.0,0.0,0.990653,11.689395,0.0,0.0,0.1858,0
2.606387,20.492756,12.0,0.0,0.43546,0.098624,0.029242,16.88475,1.0,0.0,0.998768,11.699509,0.0,0.0,0.0225,0
1.511801,4.692291,5.485003,0.032241,0.176841,0.601773,0.03815,-8.589549,1.0,0.0,0.999321,10.658933,0.0,0.0,0.3477,1
2.608827,9.078125,2.390512,0.159287,0.380778,0.075261,0.08508,-5.473972,1.0,0.0,0.392607,11.490349,0.0,0.0,0.0556,0
3.492934,8.694293,4.386885,0.056399,0.247418,0.607216,0.014171,24.651405,1.0,0.0,0.997271,10.490036,0.0,0.0,0.0216,0
2.043296,2.538447,1.216802,0.047968,0.058368,0.627781,0.058393,-9.398513,1.0,0.0,0.999805,10.717004,0.0,0.0,0.0907,0
1.579513,20.333565,12.0,0.031087,0.479795,0.062873,0.052509,5.499117,1.0,0.0,0.917946,10.720403,0.0,0.0,0.0854,0
2.560992,6.937742,2.031013,0.183403,0.372494,0.607313,0.072483,-19.316682,1.0,0.0,0.998394,10.209736,0.0,0.0,0.3658,1
3.066116,4.369004,1.940156,0.061628,0.119569,0.383329,0.046717,-30.533599,1.0,0.0,0.99396,10.040933,0.0,0.0,0.2537,0
0.606409,1.978817,0.776493,0.10061,0.078123,0.370199,0.420525,24.914091,0.201588,0.0,0.881245,10.270139,1.0,55.029412,0.0256,0
1.927846,3.401168,0.906913,0.121839,0.110497,0.337785,0.373958,18.39847,0.266836,0.0,0.646415,10.57996,1.0,54.797203,0.0336,0
2.754683,11.056258,3.084082,0.14299,0.440994,0.673274,0.404974,-25.081669,1.0,0.0,0.96951,10.201141,0.0,0.0,0.9723,1
0.929379,8.205137,12.0,0.0,0.240569,0.294303,0.08164,-13.025873,1.0,0.0,0.99715,11.255888,0.0,0.0,0.67,1
2.738963,10.379617,12.0,0.0,0.248094,0.327081,0.063918,-11.269483,1.0,0.0,0.985573,10.595378,0.0,0.0,0.0756,0
3.310243,22.501307,12.0,0.0,0.457117,0.121255,0.034144,-21.069131,1.0,0.0,0.814659,11.285264,0.0,0.0,0.1156,0
0.841674,2.463084,12.0,0.0,0.06463,0.302262,0.036108,-7.993459,1.0,0.0,0.998395,11.278669,0.0,0.0,0.434,1
3.851877,4.06315,12.0,0.0,0.010377,0.046522,0.043999,-6.406347,1.0,0.0,0.504575,10.916216,0.0,0.0,0.1234,0
4.112791,14.062947,12.0,0.0,0.299699,0.293136,0.05222,3.109072,1.0,0.0,0.999057,10.970384,0.0,0.0,0.0233,0
-1.126176,16.094049,12.0,0.0,0.394324,0.400467,0.391338,10.242788,-0.275673,2.0,0.875683,10.698115,1.0,56.215385,0.3182,0
2.954226,16.514181,12.0,0.0,0.367219,0.125312,0.064233,20.328726,1.0,0.0,0.646031,10.972142,0.0,0.0,0.026,0
2.615643,9.490154,2.978839,0.122681,0.365446,0.596902,0.030016,19.038457,1.0,0.0,0.998161,10.854123,0.0,0.0,0.0219,0
-1.002578,2.425475,1.666219,0.115429,0.19233,0.366029,0.322025,26.239409,0.362475,10.0,0.808326,11.647209,1.0,52.958333,0.1559,0
3.043391,13.104422,5.391268,0.068319,0.368328,0.150628,0.058538,22.792662,1.0,0.0,0.998372,11.862746,0.0,0.0,0.0255,0
0.6475,2.725994,3.258712,0.036111,0.117674,0.085237,0.060929,11.514855,1.0,0.0,0.919716,10.841035,0.0,0.0,0.2017,0
4.127825,21.21295,12.0,0.0,0.412358,0.729848,0.020731,-0.63934,1.0,0.0,0.99971,10.155025,0.0,0.0,0.0269,0
1.313822,3.945215,2.701746,0.074669,0.201736,0.640132,0.038374,-26.685256,1.0,0.0,0.996568,11.783367,0.0,0.0,0.9847,1
2.332284,12.428433,3.416361,0.122831,0.419637,0.721508,0.692951,7.479584,1.0,0.0,0.616566,11.540974,0.0,0.0,0.1703,1
1.928423,2.061051,12.0,0.0,0.008058,0.115163,0.056211,-17.994032,1.0,0.0,0.591666,11.113276,0.0,0.0,0.2186,0
1.530493,17.971382,9.686536,0.047876,0.463748,0.078879,0.07557,11.193393,1.0,0.0,0.941811,11.049074,0.0,0.0,0.0725,0
-1.181137,-1.181137,0.499788,0.160426,0.080179,1.130757,0.030001,-7.68592,1.0,7.0,0.999809,11.030364,0.0,0.0,0.4373,0
0.500415,11.233496,8.433929,0.042521,0.358618,0.279175,0.031049,4.766126,1.0,0.0,0.99917,11.165521,0.0,0.0,0.2068,0
2.67318,6.771428,12.0,0.0,0.16331,0.588616,0.068189,8.191774,1.0,0.0,0.999881,10.55046,0.0,0.0,0.0254,0
2.315761,2.315761,12.0,0.0,-0.001238,0.175208,0.050682,-30.559543,1.0,0.0,0.728595,10.609448,0.0,0.0,0.324,0
0.775963,1.930959,1.465443,0.107567,0.157634,0.063098,0.032839,-9.617153,1.0,0.0,0.905943,12.348391,0.0,0.0,0.5623,1
2.572076,7.305566,12.0,0.0,0.171894,0.054892,0.078275,0.429633,1.0,0.0,0.774331,10.674659,0.0,0.0,0.0314,0
1.82456,1.82456,0.570166,0.063578,0.03625,0.06674,0.030517,-10.229688,1.0,0.0,0.906926,9.75261,0.0,0.0,0.1174,0
2.885543,2.885543,0.598121,0.029363,0.017562,0.251134,0.070546,-39.18944,1.0,0.0,0.856572,9.851982,0.0,0.0,0.4896,1
1.563882,11.501697,12.0,0.0,0.302957,0.092463,0.044271,-13.876747,1.0,0.0,0.806028,10.313577,0.0,0.0,0.3954,0
0.947148,17.24149,12.0,0.0,0.40369,0.741434,0.950598,14.914622,1.0,0.0,0.827147,10.714788,0.0,0.0,0.5901,0
3.474302,21.819697,12.0,0.017729,0.459341,0.111544,0.066357,18.677262,1.0,0.0,0.958828,10.803253,0.0,0.0,0.0254,0
3.705993,4.871257,1.346514,0.145434,0.195829,0.337496,0.03122,-20.955306,1.0,0.0,0.995795,11.069028,0.0,0.0,0.1574,0
1.361306,12.274178,3.457806,0.131108,0.453347,0.040841,0.019415,-5.246127,1.0,0.0,0.630442,11.186047,0.0,0.0,0.1916,0
-1.453839,-1.453839,12.0,0.0,-0.22277,1.155037,0.037212,-25.216085,1.0,4.0,0.997366,10.261683,0.0,0.0,0.3107,0
2.440822,3.575603,1.202085,0.071936,0.086473,0.605791,0.040523,20.294807,1.0,0.0,0.998094,10.425286,0.0,0.0,0.0759,0
4.216485,10.101522,3.935011,0.070948,0.279181,0.127093,0.057776,-20.558493,1.0,0.0,0.629818,10.49675,0.0,0.0,0.1573,0
4.900427,11.440653,4.358728,0.071243,0.310529,0.611195,0.047441,20.01627,1.0,0.0,0.99799,10.689272,0.0,0.0,0.0236,0
1.688259,11.418384,12.0,0.0,0.298098,0.036108,0.048584,0.711388,1.0,0.0,0.929947,10.783992,0.0,0.0,0.0419,0
3.097476,14.939439,12.0,0.0,0.323425,0.722876,0.038747,-17.512527,1.0,0.0,0.992814,10.493341,0.0,0.0,0.171,0
3.340889,14.578402,5.138985,0.080826,0.415361,0.398836,0.098434,-41.584355,1.0,0.0,0.989473,10.184617,0.0,0.0,0.473,0
4.895745,13.870148,12.0,0.0,0.278904,1.115707,0.046395,-16.996082,1.0,0.0,0.998895,8.827877,0.0,0.0,0.1006,0
2.881093,15.88248,12.0,0.020473,0.377481,0.159953,0.031039,27.762928,1.0,0.0,0.742643,10.903315,0.0,0.0,0.0222,0
1.690223,5.16218,12.0,0.0,0.127691,0.318028,0.076389,19.856809,1.0,0.0,0.990894,10.625768,0.0,0.0,0.0535,1
3.355386,3.357636,0.709014,0.213505,0.151378,1.08092,0.026012,17.950541,1.0,0.0,0.998843,9.884629,0.0,0.0,0.0284,0
1.307678,11.76423,12.0,0.0,0.310363,0.114819,0.029785,17.416872,1.0,0.0,0.925951,11.890111,0.0,0.0,0.0462,0
2.526239,10.945968,8.93964,0.034952,0.312458,0.613981,0.056041,35.023896,1.0,0.0,0.993737,11.088111,0.0,0.0,0.0247,0
0.454915,0.454915,12.0,0.0,-0.131403,0.613158,0.862603,20.562297,1.0,0.0,0.930419,10.385203,0.0,0.0,0.8533,1
2.130394,9.024099,3.422749,0.092262,0.315791,0.150082,0.085215,24.168114,1.0,0.0,0.980649,11.239335,0.0,0.0,0.0274,0
4.637343,16.253467,12.0,0.0,0.349875,0.597833,0.025357,17.224915,1.0,0.0,0.998298,10.840273,0.0,0.0,0.0216,0
-1.498287,-0.116053,0.852821,0.114578,0.097714,0.749506,0.046842,22.156658,1.0,17.0,0.985224,11.480099,0.0,0.0,0.5076,0
0.494688,5.795251,12.0,0.0,0.183661,0.167783,0.029028,27.839414,1.0,0.0,0.901818,11.384863,0.0,0.0,0.2032,0
1.107661,1.133959,0.364565,0.101842,0.037128,1.085165,0.020907,20.010151,1.0,0.0,0.998817,11.262141,0.0,0.0,0.0224,0
1.627679,4.43708,1.538145,0.135617,0.208599,0.743768,0.05469,20.321273,1.0,0.0,0.982699,11.561887,0.0,0.0,0.0329,0
0.147729,0.147729,0.060648,0.129525,0.007855,0.350733,0.032038,-24.20957,1.0,0.0,0.995351,10.749345,0.0,0.0,0.3625,1
-0.007726,4.82847,1.869542,0.124266,0.232321,0.482092,0.591615,11.588371,0.170435,1.0,0.929087,10.339447,1.0,54.838235,0.0723,0
-0.195022,-0.195022,12.0,0.0,-0.060928,0.312948,0.024206,-11.445213,1.0,2.0,0.997447,10.685117,0.0,0.0,0.519,1
1.333096,5.828767,7.237037,0.028127,0.203556,0.589532,0.039107,7.556077,1.0,0.0,0.999573,10.469585,0.0,0.0,0.1033,0
3.223508,3.223508,0.555143,0.10055,0.055819,0.189683,0.025584,-32.449449,1.0,0.0,0.69889,10.740949,0.0,0.0,0.3011,0
3.190426,9.735663,8.005893,0.031109,0.249052,0.312854,0.055774,24.318161,1.0,0.0,0.997483,11.40194,0.0,0.0,0.0275,0
4.290521,15.731784,3.305248,0.142837,0.472112,1.096436,0.054052,2.91922,1.0,0.0,0.999975,10.603288,0.0,0.0,0.0234,0
1.1174,4.549421,1.494729,0.101048,0.151039,0.453373,0.566824,33.533102,0.179924,0.0,0.89234,10.905168,1.0,56.674242,0.024,0
4.24765,16.346545,12.0,0.0,0.344797,0.031431,0.036998,3.883962,1.0,0.0,0.756511,11.136099,0.0,0.0,0.0225,0
-0.748311,3.915328,1.879403,0.134468,0.25272,0.72695,0.029421,13.448399,1.0,4.0,0.996826,10.882717,0.0,0.0,0.0952,0
1.188188,10.629763,12.0,0.0,0.288325,1.07321,0.057236,6.690071,1.0,0.0,0.999689,11.260651,0.0,0.0,0.106,0
3.822611,3.930326,12.0,0.0,0.007361,0.055602,0.026314,-7.777288,1.0,0.0,0.983112,10.655518,0.0,0.0,0.1135,0
2.723731,4.192519,12.0,0.0,0.055249,0.601518,0.076715,5.873089,1.0,0.0,0.999886,10.481437,0.0,0.0,0.0471,0
2.988535,12.607371,12.0,0.0,0.277719,0.722237,0.017875,-4.781369,1.0,0.0,0.999418,10.659549,0.0,0.0,0.036,0
1.685914,1.945034,0.780714,0.102906,0.08034,0.125255,0.077126,17.041588,1.0,0.0,0.878615,11.090597,0.0,0.0,0.3072,0
0.145329,0.145329,0.522562,0.138191,0.072213,0.117277,0.032122,-20.434727,1.0,0.0,0.976928,10.61929,0.0,0.0,0.269,0
3.502877,6.282791,12.0,0.0,0.135234,0.645762,0.04125,-29.231587,1.0,0.0,0.995171,11.590797,0.0,0.0,0.1888,0
3.252069,17.350113,12.0,0.019471,0.396482,0.309751,0.05872,8.807907,1.0,0.0,0.995712,11.762499,0.0,0.0,0.0239,0
3.002214,3.629684,1.399756,0.080514,0.1127,0.124026,0.106821,-18.98798,1.0,0.0,0.695488,10.675171,0.0,0.0,0.1629,0
0.987996,6.472954,2.125324,0.125922,0.267625,0.44689,0.544521,29.26269,0.130499,0.0,0.854763,10.944295,1.0,54.70073,0.0259,0
3.278756,13.981874,4.205116,0.101851,0.428296,0.608623,0.02678,30.181276,1.0,0.0,0.99579,9.890108,0.0,0.0,0.0222,0
0.938298,10.946761,6.697582,0.053385,0.357552,0.071033,0.065904,-7.986569,1.0,0.0,0.971796,10.91743,0.0,0.0,0.6803,1
2.900097,6.100367,12.0,0.0,0.126004,0.12407,0.037986,-20.962455,1.0,0.0,0.795999,10.171022,0.0,0.0,0.1246,1
2.318407,11.134613,12.0,0.0,0.298546,0.624742,0.047236,-8.268486,1.0,0.0,0.999821,11.279772,0.0,0.0,0.2307,0
-1.843297,-1.843297,0.203261,0.227043,0.046149,1.083164,0.054681,3.101584,1.0,8.0,0.999964,10.441595,0.0,0.0,0.0284,0
0.896036,1.833267,12.0,0.0,0.030368,0.589262,0.075583,1.867873,1.0,0.0,0.999648,10.679509,0.0,0.0,0.1236,0
1.833011,24.447469,11.69577,0.045812,0.535805,0.34831,0.077119,49.048587,1.0,0.0,0.991729,12.134761,0.0,0.0,0.026,0
1.770459,11.162897,12.0,0.0,0.305838,0.598655,0.021761,12.105803,1.0,0.0,0.998969,11.954063,0.0,0.0,0.1184,0
-0.418286,9.502025,12.0,0.0,0.257104,0.418364,0.617633,27.856366,-0.236548,1.0,0.967034,11.058431,1.0,55.741259,0.0457,0
3.411369,12.354482,12.0,0.0,0.27741,0.13975,0.046896,23.070167,1.0,0.0,0.894379,11.04962,0.0,0.0,0.0237,0
0.848979,7.049803,4.363287,0.066011,0.288027,0.614868,0.056533,30.904937,1.0,0.0,0.995943,11.207271,0.0,0.0,0.2098,0
0.94505,5.266375,1.885418,0.151182,0.285042,0.724821,0.037279,3.978949,1.0,0.0,0.997983,10.977363,0.0,0.0,0.0319,0
1.09831,8.371325,12.0,0.0,0.239641,0.780237,0.972941,-8.561339,1.0,0.0,0.760921,10.787892,0.0,0.0,0.6671,1
1.16169,9.998738,12.0,0.0,0.266166,0.920982,0.906058,4.278453,1.0,0.0,0.9495,11.164666,0.0,0.0,0.3815,1
3.08547,15.281146,12.0,0.0,0.327013,0.754521,0.072809,13.791158,1.0,0.0,0.9918,10.632161,0.0,0.0,0.0256,0
0.610215,7.18743,3.508339,0.090189,0.316414,0.097317,0.048069,-14.247969,1.0,0.0,0.977886,10.944481,0.0,0.0,0.9467,0
3.247796,13.024047,3.498483,0.127191,0.444975,0.597716,0.0327,-2.055183,1.0,0.0,0.999943,11.400954,0.0,0.0,0.0331,1
0.192097,6.054751,3.080241,0.072743,0.224065,0.439121,0.479246,29.339377,0.29869,0.0,0.963302,10.831893,1.0,55.255639,0.0264,1
1.260983,3.572016,12.0,0.0,0.058639,0.724499,0.038548,-12.414465,1.0,0.0,0.991059,10.725337,0.0,0.0,0.0965,0
1.808972,9.037249,4.800502,0.057857,0.277744,0.737252,0.114134,6.68219,1.0,0.0,0.985867,10.645576,0.0,0.0,0.0263,0
1.779509,7.332228,8.46908,0.030505,0.258347,0.672986,0.020875,-39.325701,1.0,0.0,0.991021,10.838756,0.0,0.0,0.9993,1
3.101098,12.272438,12.0,0.0,0.288116,0.071276,0.052499,-4.387913,1.0,0.0,0.946662,10.179287,0.0,0.0,0.0546,0
1.467548,8.885601,3.336138,0.112619,0.375713,0.620023,0.071763,-8.736731,1.0,0.0,0.999304,11.064483,0.0,0.0,0.3603,0
3.315585,9.036629,4.566452,0.05523,0.252203,1.110951,0.030645,-7.194958,1.0,0.0,0.999849,10.608708,0.0,0.0,0.0543,0
1.548396,10.039342,5.575162,0.054172,0.30202,0.722638,0.067744,-1.44069,1.0,0.0,0.995658,10.777906,0.0,0.0,0.0583,0
1.976502,3.666809,2.951384,0.034683,0.102363,0.063585,0.03364,7.876254,1.0,0.0,0.740126,11.773116,0.0,0.0,0.0428,0
2.964751,6.694147,2.314819,0.126593,0.293039,0.61886,0.045568,-5.112423,1.0,0.0,0.999896,10.80054,0.0,0.0,0.0552,0
0.701686,7.967647,12.0,0.0,0.238498,0.340432,0.098674,-9.61072,1.0,0.0,0.995263,10.560103,0.0,0.0,0.8879,1
2.217852,6.201674,2.290864,0.114711,0.262787,0.059459,0.052323,-8.35686,1.0,0.0,0.935643,11.743439,0.0,0.0,0.0419,0
0.879392,0.879392,-0.522876,0.057155,-0.029885,0.353019,0.053355,-28.739038,1.0,0.0,0.987759,10.787131,0.0,0.0,0.3738,0
2.08087,5.237232,12.0,0.0,0.119574,0.065717,0.044883,8.168926,1.0,0.0,0.959818,10.375933,0.0,0.0,0.0433,0
2.295385,2.295385,12.0,0.0,-0.108419,1.159092,0.033427,-6.413543,1.0,0.0,0.999832,10.682756,0.0,0.0,0.0422,0
1.989368,5.60489,12.0,0.0,0.133677,0.742315,0.931226,17.068417,1.0,0.0,0.828471,11.311437,0.0,0.0,0.3514,0
0.432884,0.497619,1.286419,0.028757,0.036994,0.129038,0.053761,-22.176563,1.0,0.0,0.99161,10.730782,0.0,0.0,0.9931,1
-1.981533,-1.981533,12.0,0.0,-0.160223,1.105939,0.040629,-2.538136,1.0,11.0,0.999959,9.942429,0.0,0.0,0.1412,0
2.037784,14.182222,5.407806,0.073225,0.395988,0.744312,0.036744,20.289786,1.0,0.0,0.982639,10.845545,0.0,0.0,0.0225,0
2.191612,7.70052,3.621837,0.074078,0.268297,0.080379,0.074755,5.939372,1.0,0.0,0.955897,10.615094,0.0,0.0,0.0259,0
3.949643,14.976995,12.0,0.0,0.327607,0.123219,0.04558,-20.612123,1.0,0.0,0.800659,10.41936,0.0,0.0,0.1159,0
2.450039,15.218611,3.499008,0.143435,0.50188,0.100479,0.037112,-15.414427,1.0,0.0,0.89787,10.579302,0.0,0.0,0.0962,1
1.145994,8.031498,12.0,0.0,0.224012,1.062621,0.036115,19.497211,1.0,0.0,0.998353,10.151562,0.0,0.0,0.07,0
1.673239,7.852,12.0,0.0,0.219347,0.61968,0.053319,28.443531,1.0,0.0,0.997638,11.282605,0.0,0.0,0.0436,0
-0.823084,-0.823084,0.513497,0.227495,0.116818,1.108581,0.050403,-3.645399,1.0,3.0,0.999988,10.188446,0.0,0.0,0.0911,0
2.18652,9.478969,12.0,0.0,0.254679,0.595293,0.025448,16.375796,1.0,0.0,0.998307,11.397629,0.0,0.0,0.0357,0
4.043441,9.556782,12.0,0.0,0.192292,0.073489,0.063512,-6.858066,1.0,0.0,0.955363,10.608307,0.0,0.0,0.0426,1
1.245618,24.165507,12.0,0.0,0.487389,0.718427,0.035782,1.931694,1.0,0.0,0.999119,11.521079,0.0,0.0,0.0469,0
0.492377,8.05536,12.0,0.0,0.245061,0.303242,0.031978,0.552524,1.0,0.0,0.999893,10.881103,0.0,0.0,0.1742,0
2.509064,4.211167,12.0,0.0,0.065588,0.755249,0.944552,-23.63212,1.0,0.0,0.956852,10.430667,0.0,0.0,0.4401,0
2.318525,5.029947,12.0,0.0,0.111412,0.144333,0.051541,-24.499846,1.0,0.0,0.619729,10.681672,0.0,0.0,0.1749,0
2.282524,8.882455,3.873005,0.081716,0.316487,0.598387,0.042648,16.904169,1.0,0.0,0.998682,10.392805,0.0,0.0,0.0273,0
2.560464,4.450749,1.695266,0.105646,0.179098,0.292305,0.018574,-1.266797,1.0,0.0,0.999707,11.386286,0.0,0.0,0.0255,0
1.957692,5.856962,2.034417,0.137341,0.279408,0.099231,0.084591,13.458402,1.0,0.0,0.879157,11.169985,0.0,0.0,0.0262,0
2.357926,18.246642,12.0,0.0,0.413801,0.178698,0.034865,-29.670975,1.0,0.0,0.596032,10.393807,0.0,0.0,0.7969,0
2.717611,11.703232,12.0,0.023364,0.302999,0.096977,0.073858,12.57831,1.0,0.0,0.903892,11.059308,0.0,0.0,0.0263,0
-0.140113,-0.140113,12.0,0.0,-0.256626,1.131455,0.052943,-18.32758,1.0,1.0,0.998849,10.430415,0.0,0.0,0.1627,0
0.857182,5.363619,2.060329,0.089921,0.185266,0.432548,0.413453,23.772384,-0.153693,0.0,0.975962,10.889717,1.0,57.338843,0.0275,0
2.866212,6.750647,3.51892,0.056648,0.199338,0.070017,0.028438,12.499667,1.0,0.0,0.859084,11.608896,0.0,0.0,0.0216,0
2.127771,14.331231,12.0,0.029446,0.381727,0.645057,0.060835,49.824775,1.0,0.0,0.986565,11.685997,0.0,0.0,0.0281,0
1.406022,19.010069,5.576449,0.094483,0.526879,0.043883,0.029947,5.803839,1.0,0.0,0.930793,11.164751,0.0,0.0,0.0892,1
2.188159,3.065214,1.277879,0.115368,0.147426,1.154314,0.086028,-14.757026,1.0,0.0,0.999001,10.680876,0.0,0.0,0.0605,0
0.997756,9.779803,12.0,0.0,0.274334,0.072015,0.027287,11.610994,1.0,0.0,0.683628,11.074965,0.0,0.0,0.0848,0
4.405813,10.031327,4.169277,0.0671,0.279759,0.600135,0.061966,17.279348,1.0,0.0,0.998614,10.86867,0.0,0.0,0.0257,0
2.300194,3.825605,12.0,0.0,0.064021,0.04717,0.039658,2.080635,1.0,0.0,0.948244,11.423061,0.0,0.0,0.0607,0
1.19056,5.671844,2.553111,0.069258,0.176824,0.34002,0.394713,2.254446,-0.119728,0.0,0.958092,9.900534,1.0,55.100775,0.0786,0
1.506856,23.471622,12.0,0.0,0.487985,0.038873,0.04603,4.890768,1.0,0.0,0.783106,9.581387,0.0,0.0,0.1084,0
1.802772,7.153299,4.074554,0.059768,0.243527,1.075735,0.043079,17.134996,1.0,0.0,0.999321,10.818575,0.0,0.0,0.033,0
3.151944,10.775626,12.0,0.0,0.264145,0.598171,0.026293,8.157479,1.0,0.0,0.999564,10.728899,0.0,0.0,0.0217,0
4.568894,4.568894,12.0,0.0,-0.000707,0.34354,0.042766,-25.270292,1.0,0.0,0.990576,10.480056,0.0,0.0,0.2993,1
2.500876,8.115304,12.0,0.0,0.195232,0.064619,0.05066,7.061021,1.0,0.0,0.930205,11.779324,0.0,0.0,0.0243,0
3.156817,16.963936,12.0,0.0,0.374264,0.31972,0.015116,-11.192582,1.0,0.0,0.998713,11.370367,0.0,0.0,0.0659,0
2.706618,5.117745,1.824726,0.147813,0.269718,0.615512,0.081768,-18.023976,1.0,0.0,0.998588,10.556511,0.0,0.0,0.1405,0
4.425464,12.388661,12.0,0.0,0.260852,0.166076,0.041668,-28.327234,1.0,0.0,0.961262,11.1826,0.0,0.0,0.2432,0
3.160716,6.461946,1.724701,0.212141,0.36588,0.617496,0.066739,-24.06036,1.0,0.0,0.998125,10.315491,0.0,0.0,0.1544,0
0.507857,0.507857,0.042716,0.143661,0.006137,0.09574,0.074222,-12.016424,1.0,0.0,0.965644,10.862374,0.0,0.0,0.3534,1
4.442588,7.9811,1.843237,0.162149,0.298879,0.081348,0.013963,-14.061829,1.0,0.0,0.971201,10.267,0.0,0.0,0.0707,0
0.060409,1.764836,12.0,0.0,0.059857,0.321168,0.063497,21.676855,1.0,0.0,0.998215,9.714252,0.0,0.0,0.4817,0
2.52386,3.661577,1.105217,0.03779,0.041766,0.733966,0.078496,-0.319883,1.0,0.0,0.994347,10.56027,0.0,0.0,0.0504,0
2.575624,10.183477,5.478877,0.054435,0.298245,0.33225,0.031199,31.45353,1.0,0.0,0.996691,11.603633,0.0,0.0,0.0227,0
0.058642,0.058642,0.535401,0.169459,0.090729,0.064851,0.038798,-9.606853,1.0,0.0,0.896878,10.461789,0.0,0.0,0.1332,0
3.75018,3.75018,0.970079,0.16108,0.15626,0.126967,0.072708,-18.760878,1.0,0.0,0.835294,11.159608,0.0,0.0,0.1775,0
1.135894,4.674822,3.427069,0.054167,0.185634,0.293397,0.019473,4.400807,1.0,0.0,0.999825,10.344513,0.0,0.0,0.0523,0
0.940507,2.007347,0.980437,0.15318,0.150183,0.732422,1.061635,34.973197,1.0,0.0,0.849656,11.330723,0.0,0.0,0.5194,1
6.566168,20.313471,12.0,0.035362,0.43001,0.592887,0.079463,-20.586449,1.0,0.0,0.999462,10.781369,0.0,0.0,0.1439,0
2.287157,2.900064,0.825869,0.106229,0.087731,0.206539,0.094799,31.244796,1.0,0.0,0.772155,12.498429,0.0,0.0,0.4443,0
-2.657361,-2.387883,-0.169647,0.127617,-0.02165,0.598074,0.039971,6.405876,1.0,18.0,0.99989,10.757424,0.0,0.0,0.6197,1
3.348269,9.274397,12.0,0.0,0.228284,0.611059,0.031324,-3.085929,1.0,0.0,0.999982,10.987665,0.0,0.0,0.0305,0
1.531023,2.398611,1.102529,0.101429,0.111828,0.598783,0.730687,16.454683,1.0,0.0,0.72394,10.846608,0.0,0.0,0.4581,1
4.727679,16.44092,4.601258,0.093988,0.432461,0.330346,0.026182,-16.109441,1.0,0.0,0.995101,10.426078,0.0,0.0,0.1056,0
-0.628938,2.660285,1.760389,0.09697,0.170705,0.74207,0.049856,9.424507,1.0,5.0,0.998102,10.656334,0.0,0.0,0.1015,0
2.024513,8.87056,2.989906,0.113017,0.33791,0.136293,0.060048,21.29163,1.0,0.0,0.927513,11.375818,0.0,0.0,0.0242,0
4.088454,7.215359,1.860831,0.146199,0.272051,0.598059,0.066495,6.056483,1.0,0.0,0.999902,10.923186,0.0,0.0,0.0268,0
0.235329,9.462586,12.0,0.0,0.238183,0.399638,0.492414,10.817983,0.017787,0.0,0.818973,10.016234,1.0,54.631206,0.0854,0
1.223339,8.688019,12.0,0.0,0.257121,0.601225,0.053387,14.109067,1.0,0.0,0.998458,10.466524,0.0,0.0,0.1506,0
0.886165,1.706792,1.212143,0.084091,0.10193,0.135109,0.017045,22.826126,1.0,0.0,0.963989,10.787779,0.0,0.0,0.2846,0
-4.787541,-4.787541,-1.117967,0.130556,-0.145957,1.031174,0.041624,5.05562,1.0,19.0,0.999964,11.004087,0.0,0.0,0.486,1
0.306269,0.566096,12.0,0.0,-0.033605,0.632646,0.091708,-26.977704,1.0,0.0,0.998705,10.888677,0.0,0.0,0.7823,0
1.508693,1.508693,-0.071676,0.066868,-0.004793,0.092988,0.113473,-1.338278,1.0,0.0,0.918502,10.982778,0.0,0.0,0.3819,1
-0.885266,1.629935,2.903112,0.030257,0.08784,0.751531,0.026055,23.38798,1.0,11.0,0.988156,10.779635,0.0,0.0,0.4664,1
3.268255,9.0554,12.0,0.0,0.181649,0.726071,0.025672,-12.471845,1.0,0.0,0.998615,9.621373,0.0,0.0,0.0897,0
1.710588,16.026696,10.635909,0.039888,0.424247,0.82144,0.988059,49.116474,1.0,0.0,0.872055,11.977441,0.0,0.0,0.4676,1
0.455624,3.249511,2.846569,0.059537,0.169477,0.064539,0.043493,-8.429065,1.0,0.0,0.981916,10.930469,0.0,0.0,0.6219,1
-1.368255,-1.368255,-0.857418,0.11063,-0.094856,0.71505,0.026532,-5.909567,1.0,11.0,0.998346,10.467307,0.0,0.0,0.237,0
1.806795,3.428719,1.905889,0.072752,0.138657,0.308958,0.026125,-11.592717,1.0,0.0,0.99942,11.913631,0.0,0.0,0.0589,0
5.34699,18.550968,12.0,0.0,0.383971,0.599578,0.040307,-2.499859,1.0,0.0,0.999814,11.335033,0.0,0.0,0.0267,0
-1.37632,1.627478,12.0,0.0,0.038857,0.441877,0.530526,23.104759,-0.016932,7.0,0.987689,10.622182,1.0,52.352941,0.3485,0
2.083756,7.90776,2.105016,0.140686,0.296146,0.438288,0.589579,22.44248,-0.010357,0.0,0.572102,10.981265,1.0,55.042857,0.043,0
2.970421,3.883363,1.420772,0.091471,0.129959,0.02,0.026971,-1.545197,1.0,0.0,0.85155,11.132686,0.0,0.0,0.0365,0
1.108453,2.551855,3.438453,0.031983,0.10997,0.62782,0.090832,-11.231644,1.0,0.0,0.999766,11.255095,0.0,0.0,0.7975,1
1.885218,3.493046,0.99827,0.135851,0.135616,0.416388,0.517255,5.371845,-0.019928,0.0,0.983238,10.915847,1.0,58.879699,0.1245,0
3.396487,21.27956,6.141225,0.084616,0.519643,0.091062,0.025835,14.916008,1.0,0.0,0.929739,11.601687,0.0,0.0,0.0216,0
2.63871,6.26933,2.490652,0.093124,0.23194,0.149355,0.044293,-23.781153,1.0,0.0,0.959856,10.776202,0.0,0.0,0.1626,0
0.647108,15.083671,12.0,0.0,0.367032,0.729328,0.06012,1.921206,1.0,0.0,0.996824,11.155584,0.0,0.0,0.0565,0
1.283338,5.778607,12.0,0.0,0.188464,0.62303,0.020716,-18.951949,1.0,0.0,0.998662,10.800321,0.0,0.0,0.9478,1
2.522371,2.522371,-0.245936,0.039862,-0.009803,1.177718,0.163038,-20.380696,1.0,0.0,0.997741,10.803171,0.0,0.0,0.0964,0
2.991599,4.386914,1.96852,0.057903,0.113983,0.041626,0.048252,1.124772,1.0,0.0,0.821328,11.031086,0.0,0.0,0.0368,0
4.256253,6.549858,3.523962,0.036286,0.12787,0.322521,0.026708,-14.120254,1.0,0.0,0.999255,10.416375,0.0,0.0,0.0857,0
1.703632,3.19182,3.281914,0.033951,0.111424,0.598401,0.044482,-5.956428,1.0,0.0,0.999747,11.232867,0.0,0.0,0.1374,0
0.973842,1.501246,1.15096,0.109464,0.125988,0.09273,0.077132,11.606604,1.0,0.0,0.92835,10.868659,0.0,0.0,0.168,0
-0.324229,4.48278,2.266244,0.097328,0.22057,0.44916,0.472031,42.600054,0.414093,3.0,0.668573,11.477547,1.0,55.301587,0.0371,0
-1.121798,-1.121798,0.446547,0.117512,0.052475,0.074999,0.041285,12.053936,1.0,21.0,0.759942,11.322744,0.0,0.0,0.7162,1
1.597131,12.439446,7.307394,0.052746,0.385437,0.599096,0.039115,11.33636,1.0,0.0,0.99947,10.789602,0.0,0.0,0.1298,1
3.059888,19.466121,8.722782,0.054064,0.471589,0.045677,0.046151,-3.143825,1.0,0.0,0.831973,10.285252,0.0,0.0,0.0305,0
-0.090915,-0.051732,0.912475,0.191533,0.174769,1.061001,0.098906,4.721463,1.0,4.0,0.99985,10.688069,0.0,0.0,0.1929,0
3.037856,10.158241,2.999447,0.12821,0.38456,0.609039,0.05302,-1.156535,1.0,0.0,0.99977,10.539094,0.0,0.0,0.0281,0
2.00962,2.306522,0.388206,0.127028,0.049313,0.485259,0.475244,11.729231,-0.129427,0.0,0.962099,10.201954,1.0,53.897059,0.1302,0
4.945299,5.514695,12.0,0.0,0.064019,0.692958,0.078765,-30.401199,1.0,0.0,0.994232,10.436436,0.0,0.0,0.1905,0
3.827814,14.001604,3.955434,0.102895,0.406993,0.28962,0.098888,1.709303,1.0,0.0,0.996685,11.426057,0.0,0.0,0.0268,0
3.689521,19.662675,12.0,0.029199,0.467814,0.934113,0.99897,-3.779559,1.0,0.0,0.736238,11.545803,0.0,0.0,0.763,1
0.842889,0.842889,12.0,0.0,-0.046844,0.055488,0.050646,-4.652052,1.0,0.0,0.996855,10.272698,0.0,0.0,0.1639,0
2.706372,14.919816,4.213942,0.106428,0.448483,1.089763,0.0322,-2.607471,1.0,0.0,0.999958,9.599532,0.0,0.0,0.0246,0
1.134437,2.05022,1.309144,0.104,0.136151,0.303528,0.041907,11.028955,1.0,0.0,0.998849,10.851882,0.0,0.0,0.1107,0
4.846312,10.678673,12.0,0.0,0.199768,1.153569,0.079334,-1.648726,1.0,0.0,0.999983,10.840078,0.0,0.0,0.0293,0
1.508949,8.189756,12.0,0.0,0.165099,0.491716,0.534542,11.515794,-0.310045,0.0,0.997318,10.717457,1.0,55.224806,0.1562,0
3.69327,8.216079,12.0,0.0,0.167741,0.163256,0.05222,-26.838329,1.0,0.0,0.937415,10.091433,0.0,0.0,0.2141,0
-0.168874,1.367057,1.004273,0.052197,0.052421,0.400833,0.357311,-1.475428,0.141635,3.0,0.993139,10.23395,1.0,54.910448,0.9513,1
1.695521,5.687752,5.106711,0.040629,0.207483,0.628486,0.067457,-14.744704,1.0,0.0,0.999639,10.724315,0.0,0.0,0.5848,0
1.494557,9.690874,12.0,0.0,0.276549,0.621953,0.046482,6.433787,1.0,0.0,0.999785,11.514999,0.0,0.0,0.1471,0
1.779468,2.270093,1.137321,0.165087,0.187757,0.365242,0.062359,-25.355482,1.0,0.0,0.992469,10.377778,0.0,0.0,0.2437,0
-0.082455,3.071254,1.709184,0.084148,0.143824,0.420793,0.451692,31.349645,0.510597,1.0,0.955332,10.343627,1.0,53.176923,0.022,0
-1.425387,0.106063,0.848464,0.144765,0.122828,0.371065,0.436334,30.509798,0.186475,20.0,0.922858,11.016377,1.0,56.066667,0.1406,0
1.957973,5.270836,2.17854,0.105386,0.229588,0.284832,0.077675,-0.13216,1.0,0.0,0.994356,10.589941,0.0,0.0,0.0274,0
2.794115,7.406607,12.0,0.0,0.16689,0.324039,0.05875,-5.441782,1.0,0.0,0.999761,10.964236,0.0,0.0,0.0296,0
6.04586,11.85718,3.370334,0.098422,0.331716,0.632166,0.074489,-28.399456,1.0,0.0,0.995708,10.933998,0.0,0.0,0.1883,0
2.435002,4.757549,1.755975,0.118564,0.208196,1.119523,0.041097,-11.082901,1.0,0.0,0.999529,10.436357,0.0,0.0,0.0671,0
3.79774,14.079625,12.0,0.0,0.317713,0.591904,0.036614,22.659643,1.0,0.0,0.997276,9.601084,0.0,0.0,0.0232,0
1.885093,9.574087,2.554037,0.162184,0.414223,0.056576,0.061695,-3.304246,1.0,0.0,0.990193,10.602614,0.0,0.0,0.0619,0
1.017905,6.212089,6.88181,0.027581,0.189807,0.737071,0.027169,11.552412,1.0,0.0,0.995637,11.008548,0.0,0.0,0.028,0
-0.336197,-0.336197,0.477964,0.128138,0.061245,0.285764,0.020181,-1.058482,1.0,4.0,0.999968,10.846362,0.0,0.0,0.2743,1
1.712402,17.53122,4.087434,0.13198,0.53946,0.092255,0.054096,-12.980227,1.0,0.0,0.723797,11.176106,0.0,0.0,0.1268,0
4.640581,18.731541,12.0,0.0,0.396126,0.60234,0.072409,-4.439486,1.0,0.0,0.999705,10.713614,0.0,0.0,0.0262,0
4.020121,5.920185,1.440653,0.170971,0.246309,1.112837,0.041341,-21.156084,1.0,0.0,0.997701,10.200755,0.0,0.0,0.1364,0
4.655578,19.955449,10.847875,0.041728,0.452664,0.622268,0.024379,25.360608,1.0,0.0,0.997088,10.34701,0.0,0.0,0.0256,0
1.317576,2.037895,1.231829,0.150375,0.185236,0.106053,0.041345,-19.019885,1.0,0.0,0.571674,10.436253,0.0,0.0,0.4557,1
-0.152737,28.291063,12.0,0.0,0.539735,0.641196,0.712999,42.198258,1.0,1.0,0.884298,11.073962,0.0,0.0,0.8337,1
2.275697,17.057464,12.0,0.0,0.384548,0.864687,0.651695,38.587918,1.0,0.0,0.953036,11.381565,0.0,0.0,0.2166,0
3.250928,15.565123,8.127016,0.04858,0.394812,0.148233,0.068515,20.631311,1.0,0.0,0.960061,11.334504,0.0,0.0,0.0254,0
3.920848,22.541172,12.0,0.0,0.452375,0.644294,0.037258,48.033294,1.0,0.0,0.98887,11.503318,0.0,0.0,0.023,0
3.296094,13.912792,12.0,0.0,0.299762,0.72854,0.030187,2.153684,1.0,0.0,0.999259,10.836618,0.0,0.0,0.0221,0
2.808067,12.817243,12.0,0.0,0.334189,0.624824,0.795454,11.926623,1.0,0.0,0.912743,11.009823,0.0,0.0,0.9766,1
0.466191,0.607703,-0.01703,0.099454,-0.001694,0.638494,0.067559,-24.269953,1.0,0.0,0.997896,9.939825,0.0,0.0,0.1769,0
2.998567,10.919999,2.110744,0.20851,0.440112,0.726834,0.032204,-8.599888,1.0,0.0,0.994495,9.955957,0.0,0.0,0.0621,0
2.407868,12.763694,12.0,0.0,0.309873,0.042436,0.028051,-3.808085,1.0,0.0,0.886697,11.841988,0.0,0.0,0.0453,0
1.442414,8.211897,5.15259,0.060148,0.309916,0.590293,0.04913,-4.616505,1.0,0.0,0.999172,11.239428,0.0,0.0,0.2366,0
0.313584,2.801833,12.0,0.0,0.051164,0.73767,0.085437,9.773392,1.0,0.0,0.997725,10.794992,0.0,0.0,0.0544,0
0.171445,3.747008,3.909432,0.043428,0.169779,0.3393,0.044194,38.302542,1.0,0.0,0.997604,11.619694,0.0,0.0,0.4601,1
-6.473895,-6.473895,-0.598798,0.28575,-0.171107,1.128231,0.041921,-17.009778,1.0,18.0,0.998538,10.311869,0.0,0.0,0.8728,1
2.021352,7.848183,3.436701,0.085752,0.294704,0.18374,0.04702,-29.784631,1.0,0.0,0.970017,11.206514,0.0,0.0,0.5841,0
2.557268,21.182663,12.0,0.0,0.441949,0.328367,0.081319,25.926287,1.0,0.0,0.985325,10.822267,0.0,0.0,0.0252,0
4.999466,24.073822,12.0,0.0,0.457359,0.17352,0.042523,-31.065731,1.0,0.0,0.919936,10.752546,0.0,0.0,0.2318,1
0.502032,0.833315,0.27262,0.074697,0.020364,1.04351,0.070633,36.085269,1.0,0.0,0.996461,10.772109,0.0,0.0,0.0438,0
0.242306,2.2784,1.956981,0.065335,0.127859,0.614428,0.060054,32.497313,1.0,0.0,0.993042,11.091362,0.0,0.0,0.2998,0
3.687128,13.05561,3.042054,0.144547,0.43972,0.708704,0.686612,-28.741663,1.0,0.0,0.995566,10.263899,0.0,0.0,0.5284,0
2.331158,15.392728,12.0,0.0,0.383178,0.618047,0.028391,-17.366783,1.0,0.0,0.998831,10.724207,0.0,0.0,0.8774,1
1.036692,5.678,1.758598,0.163067,0.286769,0.728603,0.045787,7.481404,1.0,0.0,0.998246,10.368016,0.0,0.0,0.0221,0
5.208968,8.692819,12.0,0.0,0.158273,0.666761,0.075821,-30.63992,1.0,0.0,0.996553,9.929477,0.0,0.0,0.2023,0
1.168294,4.140357,12.0,0.0,0.115367,0.316998,0.058939,-16.181665,1.0,0.0,0.997957,10.584741,0.0,0.0,0.6533,1
3.271828,8.201521,2.779286,0.096865,0.269215,0.29063,0.048694,10.802561,1.0,0.0,0.997905,10.781267,0.0,0.0,0.026,0
-0.663037,1.27048,12.0,0.0,0.005353,0.365253,0.406979,24.559099,0.198598,7.0,0.976326,10.329962,1.0,54.423077,0.0892,0
2.026246,9.257367,12.0,0.0,0.218258,0.73293,0.047348,-16.022798,1.0,0.0,0.984395,9.686942,0.0,0.0,0.1548,0
1.434542,2.543442,0.815755,0.047431,0.038692,0.728209,0.032931,5.263999,1.0,0.0,0.999551,11.108811,0.0,0.0,0.0528,0
4.098865,6.150505,12.0,0.0,0.078176,1.079214,0.05153,6.197574,1.0,0.0,0.999914,10.048472,0.0,0.0,0.0236,0
3.277454,3.277454,12.0,0.0,-0.020062,1.098217,0.029779,-5.423427,1.0,0.0,0.999904,10.718318,0.0,0.0,0.0396,0
1.590272,1.990585,1.23258,0.076544,0.094346,0.02571,0.024204,0.623623,1.0,0.0,0.813432,11.275391,0.0,0.0,0.0536,0
4.57423,10.037345,12.0,0.0,0.197624,0.150625,0.060668,-24.145677,1.0,0.0,0.807508,10.498352,0.0,0.0,0.1611,0
1.574847,13.113958,5.017249,0.082047,0.41165,0.144756,0.05156,23.97197,1.0,0.0,0.87707,11.777438,0.0,0.0,0.0304,0
-2.887765,-2.887765,-1.382353,0.066504,-0.091932,0.169547,0.026067,-30.74038,1.0,18.0,0.928839,10.490444,0.0,0.0,0.9997,1
3.87694,10.293591,4.255205,0.067627,0.287765,0.063508,0.046828,-9.202064,1.0,0.0,0.761809,10.665389,0.0,0.0,0.0421,0
0.776815,10.646067,12.0,0.0,0.295477,0.304865,0.0649,20.246277,1.0,0.0,0.99881,10.87631,0.0,0.0,0.1083,0
2.980866,5.458951,1.647093,0.148262,0.244201,0.616256,0.086392,25.293151,1.0,0.0,0.997014,11.373059,0.0,0.0,0.0272,0
0.083911,0.408299,0.424248,0.158645,0.067305,0.738572,0.103163,1.758395,1.0,0.0,0.997124,10.685882,0.0,0.0,0.0752,0
1.024043,4.516604,1.495465,0.163414,0.24438,0.717898,0.028743,9.775045,1.0,0.0,0.998173,10.977465,0.0,0.0,0.0229,0
1.942997,12.609783,6.225783,0.059853,0.372631,0.214728,0.044721,37.785906,1.0,0.0,0.851184,10.607237,0.0,0.0,0.0227,0
-0.384499,-0.249391,-1.398556,0.051753,-0.07238,0.621926,0.087658,-10.775971,1.0,4.0,0.999705,10.711445,0.0,0.0,0.4219,0
-1.652175,-1.652175,-2.267851,0.029719,-0.067399,0.198127,0.037445,-33.863955,1.0,11.0,0.997184,9.799994,0.0,0.0,0.9992,1
1.830758,22.474809,12.0,0.0,0.47101,0.097328,0.061342,13.182895,1.0,0.0,0.900324,11.092874,0.0,0.0,0.0516,0
3.145043,10.577709,12.0,0.0,0.223617,0.827148,0.934617,-19.767276,1.0,0.0,0.598263,10.100511,0.0,0.0,0.5881,0
1.628084,6.443417,12.0,0.0,0.16977,0.311145,0.060561,8.557903,1.0,0.0,0.994529,12.214401,0.0,0.0,0.0324,0
0.126135,8.727716,12.0,0.0,0.254068,0.723027,0.025703,-10.041384,1.0,0.0,0.995642,10.508574,0.0,0.0,0.7821,1
3.338147,14.156164,3.523106,0.118464,0.417362,0.736001,0.08819,4.488845,1.0,0.0,0.997041,9.693338,0.0,0.0,0.0259,0
1.194143,8.333996,4.670725,0.068476,0.319834,0.634554,0.053648,26.962809,1.0,0.0,0.997462,11.336519,0.0,0.0,0.1993,1
1.345835,1.484686,0.761335,0.175773,0.133823,0.655793,0.070396,-34.68826,1.0,0.0,0.993155,10.660899,0.0,0.0,0.2032,0
0.65065,2.929024,12.0,0.0,0.087569,0.301033,0.021966,-0.391517,1.0,0.0,0.99984,11.056006,0.0,0.0,0.1807,1
2.611559,3.402644,1.934349,0.029237,0.056554,0.599102,0.033385,-5.607019,1.0,0.0,0.999844,11.140195,0.0,0.0,0.0489,0
1.714498,4.028513,12.0,0.0,0.091956,0.588599,0.067099,24.778971,1.0,0.0,0.99566,11.378267,0.0,0.0,0.0517,0
-1.544695,-1.544695,-0.420482,0.199576,-0.083918,0.749574,0.024484,-25.293084,1.0,6.0,0.978031,10.81658,0.0,0.0,0.2634,0
2.993294,11.008975,5.36424,0.057608,0.309025,0.320605,0.031744,34.239665,1.0,0.0,0.994247,11.785744,0.0,0.0,0.0222,0
3.219325,8.766168,2.305524,0.174628,0.402609,0.633979,0.078481,-23.946589,1.0,0.0,0.995532,10.056341,0.0,0.0,0.1409,0
0.584233,3.202783,1.586445,0.168238,0.2669,1.093197,0.010115,2.827896,1.0,0.0,0.99997,10.277174,0.0,0.0,0.1359,0
1.903961,11.256749,12.0,0.0,0.28157,0.728078,0.679871,17.897419,1.0,0.0,0.995112,10.86036,0.0,0.0,0.3475,0
-0.573292,-0.371208,12.0,0.0,-0.060912,0.623779,0.065709,-17.512911,1.0,5.0,0.998828,10.400236,0.0,0.0,0.728,1
6.027208,19.668418,12.0,0.0,0.370862,1.126755,0.082877,-2.524289,1.0,0.0,0.999992,11.556782,0.0,0.0,0.0797,0
0.808269,8.607767,12.0,0.0,0.227368,0.71541,0.051813,-8.213079,1.0,0.0,0.99668,11.213415,0.0,0.0,0.1017,0
2.520841,4.34896,1.534727,0.155165,0.238136,0.607449,0.070052,-2.086079,1.0,0.0,0.999122,10.796022,0.0,0.0,0.0397,0
2.83336,6.251449,3.777248,0.046087,0.174083,0.590717,0.080674,26.436473,1.0,0.0,0.99706,11.619682,0.0,0.0,0.026,0
2.212308,2.212308,0.596447,0.12195,0.072737,0.02719,0.021481,-2.762637,1.0,0.0,0.905279,11.40902,0.0,0.0,0.1337,0
1.856056,6.928744,12.0,0.0,0.199119,0.602418,0.023825,-0.867027,1.0,0.0,0.999981,11.299783,0.0,0.0,0.0687,0
4.405323,12.454358,3.795592,0.097337,0.36945,0.605543,0.036254,22.684371,1.0,0.0,0.997827,11.06338,0.0,0.0,0.0252,0
2.381834,5.371529,12.0,0.0,0.11496,0.045386,0.04107,4.412266,1.0,0.0,0.983909,11.357998,0.0,0.0,0.0379,1
0.703958,1.50959,1.221208,0.138287,0.168877,0.107688,0.084394,6.744032,1.0,0.0,0.624534,11.161319,0.0,0.0,0.1972,0
4.227576,11.589427,4.062726,0.084514,0.343358,0.614181,0.070647,-9.327328,1.0,0.0,0.998904,10.458259,0.0,0.0,0.0531,0
1.084272,12.35226,7.687767,0.049285,0.378892,0.3147,0.018636,-14.115048,1.0,0.0,0.997838,11.146006,0.0,0.0,0.8225,1
4.057091,7.450361,3.368148,0.067037,0.22579,0.61418,0.083509,-13.125659,1.0,0.0,0.999859,10.864387,0.0,0.0,0.0827,0
0.957124,7.028279,3.980551,0.050707,0.20184,0.365225,0.427959,44.578239,0.594331,0.0,0.748244,10.831989,1.0,57.157143,0.0221,0
0.186174,2.353761,12.0,0.0,0.049616,0.727115,0.047039,-0.9021,1.0,0.0,0.998489,10.895028,0.0,0.0,0.1274,0
-3.205347,-2.241361,-1.147046,0.077691,-0.089116,0.884225,0.932555,44.466662,1.0,20.0,0.959046,10.432534,0.0,0.0,0.9959,1
3.687654,16.563874,12.0,0.0,0.364374,0.20971,0.037601,-34.880301,1.0,0.0,0.944857,11.544328,0.0,0.0,0.3451,0
2.060366,2.060366,-0.783562,0.024646,-0.019311,0.795935,0.934035,-28.445304,1.0,0.0,0.852977,10.674655,0.0,0.0,0.8881,1
0.122215,0.397181,0.894944,0.115561,0.103421,0.643417,0.029342,-29.648724,1.0,0.0,0.994276,10.805793,0.0,0.0,0.9602,1
3.143893,3.143893,0.506766,0.062908,0.03188,0.364268,0.046199,-31.971238,1.0,0.0,0.999105,11.251305,0.0,0.0,0.3173,0
3.196321,12.102795,4.282185,0.084709,0.362738,0.303818,0.0821,-10.066671,1.0,0.0,0.999355,10.952009,0.0,0.0,0.0516,0
4.463865,14.635659,12.0,0.0,0.318129,0.597433,0.029568,7.64794,1.0,0.0,0.999522,10.570383,0.0,0.0,0.0226,0
3.027161,5.660276,1.859808,0.124518,0.23158,0.070942,0.039765,-11.302332,1.0,0.0,0.915854,10.154877,0.0,0.0,0.0655,0
2.186314,9.996522,12.0,0.0,0.241372,0.656366,0.951997,21.669183,1.0,0.0,0.785775,10.703009,0.0,0.0,0.1851,1
2.729021,10.541614,12.0,0.0,0.26801,0.602705,0.036124,10.205114,1.0,0.0,0.999133,11.54507,0.0,0.0,0.0247,0
0.914732,4.50538,12.0,0.0,0.104274,0.707763,0.102704,6.922394,1.0,0.0,0.98708,9.858484,0.0,0.0,0.0338,0
2.472819,3.03901,1.577651,0.045108,0.071164,0.323971,0.06579,-12.310369,1.0,0.0,0.996319,10.932807,0.0,0.0,0.1056,0
3.452255,4.611122,1.386993,0.12605,0.174831,0.076166,0.091137,-5.615018,1.0,0.0,0.920257,10.659155,0.0,0.0,0.0454,0
0.338104,1.493922,0.80581,0.097751,0.078769,0.666922,0.028484,53.345985,1.0,0.0,0.988027,11.609782,0.0,0.0,0.7486,0
4.432956,7.139006,12.0,0.0,0.128227,0.607608,0.043665,-7.315581,1.0,0.0,0.999813,10.880911,0.0,0.0,0.0419,1
4.415035,6.618976,1.50332,0.163875,0.246357,1.062845,0.060587,14.400612,1.0,0.0,0.99906,11.115638,0.0,0.0,0.0273,0
1.772312,10.753885,12.0,0.0,0.295509,0.601047,0.061078,14.180138,1.0,0.0,0.999041,11.379856,0.0,0.0,0.1059,0
1.895457,1.895457,0.984327,0.082937,0.081637,0.135423,0.08565,-17.999905,1.0,0.0,0.943388,10.487638,0.0,0.0,0.1359,0
2.086956,13.5939,3.737123,0.126323,0.472084,0.588677,0.059813,9.171566,1.0,0.0,0.99979,11.443978,0.0,0.0,0.0779,0
2.521187,3.942706,1.096314,0.046863,0.051376,0.744954,0.057452,12.528116,1.0,0.0,0.994494,10.798145,0.0,0.0,0.0505,0
2.676474,6.098625,3.51941,0.053424,0.18802,0.153518,0.101174,-24.926545,1.0,0.0,0.7965,10.371715,0.0,0.0,0.2056,0
1.272342,2.49087,1.491175,0.102311,0.152564,0.315657,0.049931,-8.602266,1.0,0.0,0.993115,10.432953,0.0,0.0,0.1645,1
0.538373,1.81645,0.992495,0.141075,0.140016,0.730261,0.047187,1.47322,1.0,0.0,0.999549,10.328278,0.0,0.0,0.0234,0
0.759278,13.722466,7.343106,0.056129,0.412163,0.297838,0.040336,21.88347,1.0,0.0,0.993365,11.601259,0.0,0.0,0.1298,1
4.267425,4.97624,12.0,0.0,0.033076,0.129496,0.031275,-21.357041,1.0,0.0,0.985117,9.658959,0.0,0.0,0.2067,0
0.691264,6.090893,12.0,0.0,0.140494,0.381564,0.37093,16.058381,0.187924,0.0,0.961625,10.526356,1.0,54.641221,0.0221,0
2.132475,4.09914,12.0,0.0,0.07859,0.580137,0.061203,9.457305,1.0,0.0,0.999402,10.26277,0.0,0.0,0.0401,0
3.365874,13.882523,12.0,0.0,0.311954,0.098355,0.059254,10.02538,1.0,0.0,0.955653,10.960256,0.0,0.0,0.026,0
5.529511,16.421547,11.673607,0.031666,0.369656,0.613833,0.031698,-13.036801,1.0,0.0,0.998536,11.216113,0.0,0.0,0.0851,0
0.798058,7.829251,3.0616,0.113305,0.346894,0.290101,0.037006,-2.417385,1.0,0.0,0.999911,11.50425,0.0,0.0,0.1789,0
-0.311729,-0.311729,0.451592,0.070487,0.031831,1.113872,0.042749,1.667984,1.0,5.0,0.999992,10.574527,0.0,0.0,0.1466,0
0.732534,0.861383,0.090563,0.146516,0.013269,0.726359,0.048165,-2.685095,1.0,0.0,0.999614,10.777816,0.0,0.0,0.0911,0
2.808497,3.795026,12.0,0.0,0.022459,0.598464,0.026245,8.183647,1.0,0.0,0.999885,10.791281,0.0,0.0,0.0581,0
-5.04834,-5.04834,-0.520306,0.227657,-0.118451,1.127577,0.021286,-18.886333,1.0,17.0,0.998554,10.371501,0.0,0.0,0.8421,1
0.564159,12.241863,12.0,0.0,0.335115,0.054755,0.054248,3.66546,1.0,0.0,0.978727,11.031366,0.0,0.0,0.2283,0
-0.208463,15.678805,3.881328,0.132563,0.514521,0.374985,0.444063,24.371714,0.091564,2.0,0.870934,9.900587,1.0,54.930233,0.0855,0
3.150901,7.171278,12.0,0.0,0.147582,0.067742,0.046175,10.21278,1.0,0.0,0.81918,10.280666,0.0,0.0,0.031,0
1.100058,10.766617,12.0,0.0,0.2935,0.106511,0.04486,17.947536,1.0,0.0,0.901663,11.290816,0.0,0.0,0.0692,0
2.732698,17.430019,12.0,0.0,0.386437,1.099719,0.054477,-0.641121,1.0,0.0,0.999972,9.999529,0.0,0.0,0.0247,0
0.816092,8.353229,12.0,0.0,0.241646,1.080533,0.01695,11.030527,1.0,0.0,0.999572,10.374271,0.0,0.0,0.1109,0
1.316894,6.053679,12.0,0.0,0.146459,0.723763,0.0906,-0.067766,1.0,0.0,0.98461,10.703644,0.0,0.0,0.0253,0
0.633897,9.246171,3.091082,0.129823,0.401294,0.106163,0.08548,13.559474,1.0,0.0,0.976402,11.447023,0.0,0.0,0.177,0
2.492335,5.153865,1.99038,0.088745,0.176636,0.669996,0.762532,35.737778,1.0,0.0,0.755075,11.403829,0.0,0.0,0.3697,0
-0.118526,17.507981,9.198891,0.049995,0.459899,0.402882,0.350283,23.666508,0.218993,2.0,0.892598,10.894788,1.0,55.1,0.0782,0
0.816274,3.654016,12.0,0.0,0.106648,0.316987,0.031483,3.545254,1.0,0.0,0.999953,11.048497,0.0,0.0,0.1296,0
0.480189,8.066838,2.133661,0.187516,0.400095,0.736489,0.068257,4.201199,1.0,0.0,0.996699,12.110499,0.0,0.0,0.0331,0
2.12816,13.949736,3.885694,0.115965,0.450606,0.28993,0.070733,10.534708,1.0,0.0,0.999863,10.958553,0.0,0.0,0.0262,0
2.388324,9.593196,12.0,0.0,0.258392,0.606766,0.039861,1.469695,1.0,0.0,0.999848,10.78406,0.0,0.0,0.0486,0
4.448494,14.970723,9.381586,0.038497,0.361164,0.593485,0.048054,23.556485,1.0,0.0,0.99669,10.266759,0.0,0.0,0.0227,0
1.496796,10.500071,12.0,0.0,0.281986,0.085012,0.096271,3.25313,1.0,0.0,0.951361,10.464313,0.0,0.0,0.0602,0
5.115751,8.635852,12.0,0.0,0.162785,0.662873,0.050552,-33.569848,1.0,0.0,0.99566,11.330774,0.0,0.0,0.2621,0
3.672389,3.990685,12.0,0.0,0.031942,0.635721,0.083657,-31.044124,1.0,0.0,0.99331,10.189174,0.0,0.0,0.2798,0
1.065184,11.040759,6.096629,0.058826,0.358638,0.490122,0.578856,31.186528,1.0,0.0,0.565128,12.088142,0.0,0.0,0.4997,1
-0.592915,7.337878,12.0,0.0,0.191673,0.540905,0.709439,5.94597,0.024914,2.0,0.395695,11.781244,1.0,55.962121,0.216,0
0.355034,6.823089,12.0,0.0,0.18856,0.718397,0.052655,-8.455121,1.0,0.0,0.996202,9.671836,0.0,0.0,0.3944,0
3.572054,8.196049,3.519805,0.067245,0.236688,0.137502,0.113514,-19.598161,1.0,0.0,0.74875,11.473919,0.0,0.0,0.1173,0
5.854127,14.597653,12.0,0.0,0.274058,1.139776,0.131032,-12.153072,1.0,0.0,0.999921,11.130382,0.0,0.0,0.1155,0
0.30773,8.788874,7.486164,0.040976,0.306753,0.263875,0.067269,8.799322,1.0,0.0,0.999933,10.894505,0.0,0.0,0.244,0
1.716897,8.061934,4.999158,0.045096,0.225444,0.725557,0.110743,7.098489,1.0,0.0,0.994536,10.986148,0.0,0.0,0.0269,0
2.051752,10.35693,5.567254,0.058003,0.322916,0.303995,0.060196,-11.922262,1.0,0.0,0.998121,10.988144,0.0,0.0,0.1142,0
0.679095,7.866948,12.0,0.0,0.205297,0.726916,0.050805,8.290249,1.0,0.0,0.998631,11.227482,0.0,0.0,0.0246,0
0.820697,14.184748,12.0,0.0,0.364138,0.300089,0.034944,14.567425,1.0,0.0,0.997068,11.649881,0.0,0.0,0.1303,0
2.780194,5.449589,3.242937,0.053416,0.173226,0.600694,0.05807,5.480241,1.0,0.0,0.999726,10.980604,0.0,0.0,0.0315,0
0.184922,0.303866,12.0,0.0,0.006317,1.071594,0.118702,-16.814203,1.0,0.0,0.999045,10.642247,0.0,0.0,0.9926,1
1.106397,6.881635,7.356774,0.029485,0.216918,0.645333,0.676912,0.985937,1.0,0.0,0.843065,11.268246,0.0,0.0,0.3214,0
2.239315,14.816526,12.0,0.0,0.350823,0.113474,0.097539,17.967316,1.0,0.0,0.832771,11.122714,0.0,0.0,0.0266,0
1.742064,7.506222,4.030959,0.065956,0.265866,0.068668,0.096231,0.892068,1.0,0.0,0.648856,11.071208,0.0,0.0,0.0504,0
1.050093,12.287495,12.0,0.026888,0.355993,0.043365,0.03013,-6.682744,1.0,0.0,0.949855,10.425169,0.0,0.0,0.3395,0
1.858233,13.366261,12.0,0.0,0.331304,1.093491,0.026059,-1.570739,1.0,0.0,0.999986,10.356261,0.0,0.0,0.0732,0
-5.467237,-5.467237,-0.2326,0.290853,-0.067652,1.149872,0.020542,-24.6781,1.0,17.0,0.997516,10.004802,0.0,0.0,0.9875,1
2.177613,22.574953,12.0,0.0,0.465947,0.220846,0.049064,35.960068,1.0,0.0,0.837228,10.519667,0.0,0.0,0.0237,0
0.483664,0.483664,-0.490462,0.124754,-0.061187,0.965201,1.173954,-14.798456,1.0,0.0,0.682191,10.869235,0.0,0.0,0.8821,0
1.280881,8.748559,2.982574,0.12163,0.362772,0.122834,0.057913,19.382645,1.0,0.0,0.820268,10.830799,0.0,0.0,0.0496,0
2.529523,4.748413,1.61249,0.14862,0.239649,0.591723,0.077695,-5.282465,1.0,0.0,0.999837,10.063949,0.0,0.0,0.029,0
1.600474,12.199369,12.0,0.0,0.302768,0.738497,0.0327,-13.164122,1.0,0.0,0.994633,10.477963,0.0,0.0,0.2468,0
5.018389,7.065291,2.857907,0.054287,0.155148,0.609575,0.056612,-19.799501,1.0,0.0,0.998396,10.898622,0.0,0.0,0.1279,0
2.455289,8.53911,3.0087,0.103686,0.311961,0.050334,0.031564,7.589346,1.0,0.0,0.975817,11.7399,0.0,0.0,0.0222,0
1.752282,12.179302,12.0,0.0,0.312816,0.983167,0.763188,54.254334,1.0,0.0,0.868541,11.382528,0.0,0.0,0.323,1
3.601872,8.095835,12.0,0.0,0.130787,0.739196,0.04894,-25.341304,1.0,0.0,0.994247,9.962399,0.0,0.0,0.256,0
-0.643937,8.604519,12.0,0.0,0.247632,0.35258,0.391744,8.468458,-0.088812,2.0,0.761474,10.736844,1.0,56.383459,0.7323,1
1.660335,9.551779,3.354813,0.094288,0.316318,0.721544,0.023144,4.934267,1.0,0.0,0.999477,10.911361,0.0,0.0,0.0216,0
-0.226292,0.081552,12.0,0.0,-0.00887,0.611813,0.038235,-12.768696,1.0,4.0,0.999216,10.427312,0.0,0.0,0.9218,1
-1.208171,-1.208171,-0.557031,0.171666,-0.095623,0.13723,0.064717,-20.612087,1.0,5.0,0.944363,10.698743,0.0,0.0,0.7951,1
-0.110459,0.682894,1.053589,0.176936,0.186418,0.605209,0.059118,-4.273092,1.0,2.0,0.999812,9.630167,0.0,0.0,0.2202,0
0.925975,14.984512,12.0,0.0,0.3764,1.101409,0.046847,7.961207,1.0,0.0,0.999826,10.531468,0.0,0.0,0.1696,0
3.789708,11.12389,5.490563,0.053983,0.296396,0.348277,0.073667,-23.778609,1.0,0.0,0.99877,10.107588,0.0,0.0,0.1988,1
1.422127,13.724923,9.730872,0.03977,0.386995,0.035827,0.040924,1.026703,1.0,0.0,0.993871,11.973886,0.0,0.0,0.0639,0
0.228983,6.664808,12.0,0.0,0.214576,0.142341,0.072109,21.077708,1.0,0.0,0.611064,10.866221,0.0,0.0,0.2445,0
-0.310294,-0.310294,0.756641,0.150914,0.114188,0.818997,0.614217,-66.806173,1.0,1.0,0.963091,10.847728,0.0,0.0,0.9971,1
-1.266104,6.327937,4.851373,0.053317,0.258659,0.420856,0.35877,28.62519,0.117388,7.0,0.905579,11.39065,1.0,57.044444,0.2321,1
2.996412,11.276156,3.817034,0.094819,0.361926,0.09295,0.045504,-12.008829,1.0,0.0,0.848841,10.655235,0.0,0.0,0.0663,0
1.153559,10.521527,8.914359,0.036083,0.321661,0.10293,0.089743,11.007103,1.0,0.0,0.750539,11.164669,0.0,0.0,0.0666,0
4.712466,14.700546,12.0,0.0,0.299288,1.055087,0.05586,4.558262,1.0,0.0,0.999921,10.770789,0.0,0.0,0.0248,0
-0.264776,1.822165,12.0,0.0,0.001141,0.36658,0.410123,23.867281,-0.04642,2.0,0.711351,11.184559,1.0,55.167883,0.0532,0
0.692366,9.685847,3.719131,0.103651,0.385493,0.049976,0.045957,0.199485,1.0,0.0,0.963082,10.953923,0.0,0.0,0.3354,0
3.252124,3.252124,0.877238,0.065737,0.057667,1.098539,0.042965,0.435048,1.0,0.0,0.999998,11.856634,0.0,0.0,0.0278,0
0.210215,6.036846,2.966254,0.07122,0.211255,0.403741,0.482347,15.030464,-0.238882,0.0,0.950071,10.463327,1.0,53.729927,0.0537,0
1.837233,1.837233,12.0,0.0,-0.066497,0.339928,0.038521,-22.802347,1.0,0.0,0.992344,11.262336,0.0,0.0,0.3497,0
1.286041,13.908298,3.314342,0.153477,0.508674,0.040658,0.055178,-2.13574,1.0,0.0,0.814871,11.408492,0.0,0.0,0.2032,0
6.374514,19.262921,12.0,0.0,0.380406,0.626913,0.039841,-29.151617,1.0,0.0,0.992201,10.44146,0.0,0.0,0.1908,0
0.349462,1.682628,12.0,0.0,0.042036,0.593906,0.08294,2.43958,1.0,0.0,0.999914,10.054807,0.0,0.0,0.2139,0
2.923064,6.443019,2.309611,0.101617,0.234696,0.049034,0.042059,-4.725763,1.0,0.0,0.951622,10.874499,0.0,0.0,0.0322,0
1.689563,9.268499,3.107924,0.116848,0.363155,0.304401,0.047135,-2.387198,1.0,0.0,0.998449,11.196969,0.0,0.0,0.0499,0
3.608161,8.793612,12.0,0.0,0.180582,0.127775,0.044869,21.874757,1.0,0.0,0.739683,10.956391,0.0,0.0,0.0354,0
-0.48277,-0.48277,-0.237818,0.184908,-0.043975,0.114493,0.049158,-19.877093,1.0,2.0,0.823491,10.743545,0.0,0.0,0.5664,1
2.363828,4.332624,1.85413,0.040176,0.074492,0.340477,0.332132,8.939904,-0.031361,0.0,0.997466,11.681708,1.0,50.43609,0.0325,0
0.156348,3.191054,12.0,0.0,0.054967,0.459421,0.48024,26.91697,-0.131794,0.0,0.856367,10.870604,1.0,52.236641,0.0313,0
-4.09621,-4.09621,-0.648404,0.169958,-0.110201,0.729985,0.082262,-9.980956,1.0,20.0,0.991503,10.217348,0.0,0.0,0.8715,1
0.336668,2.152403,1.621354,0.120632,0.195588,0.602791,0.038834,3.917865,1.0,0.0,0.999967,10.683901,0.0,0.0,0.1935,0
1.104601,5.072801,3.45453,0.05849,0.202056,0.267694,0.096513,11.790065,1.0,0.0,0.991244,11.541323,0.0,0.0,0.0558,0
2.612036,5.474616,12.0,0.0,0.110074,0.044666,0.038903,5.248067,1.0,0.0,0.889859,10.193951,0.0,0.0,0.0395,0
1.700937,7.146792,12.0,0.0,0.204863,0.629346,0.049911,-4.793557,1.0,0.0,0.999179,11.443355,0.0,0.0,0.1312,1
1.706519,1.706519,12.0,0.0,-0.01066,0.116089,0.081628,-16.425832,1.0,0.0,0.798155,10.277029,0.0,0.0,0.2343,0
1.664726,14.277572,12.0,0.0,0.352138,0.29486,0.014692,1.185324,1.0,0.0,0.999985,10.915699,0.0,0.0,0.0382,0
3.00482,11.481867,3.177133,0.123165,0.391312,0.059792,0.048391,8.415085,1.0,0.0,0.979317,10.29728,0.0,0.0,0.0243,0
3.762004,20.151488,12.0,0.026924,0.443097,0.792755,0.897495,1.177362,1.0,0.0,0.972865,11.549733,0.0,0.0,0.4065,0
1.250022,6.174577,12.0,0.0,0.176747,0.065596,0.071298,-1.430821,1.0,0.0,0.966759,10.810281,0.0,0.0,0.1195,0
2.57199,5.792018,12.0,0.0,0.135472,0.595354,0.055865,12.441403,1.0,0.0,0.999324,10.598489,0.0,0.0,0.0291,0
0.914238,1.776881,1.33664,0.145136,0.193995,0.61288,0.033764,-15.366175,1.0,0.0,0.998835,10.344028,0.0,0.0,0.8617,1
3.628066,6.296429,2.508047,0.089352,0.2241,0.614276,0.028446,-15.351041,1.0,0.0,0.99904,11.095224,0.0,0.0,0.0697,0
6.22716,12.379559,8.562717,0.032227,0.275955,0.637346,0.086588,-21.966651,1.0,0.0,0.998827,10.184284,0.0,0.0,0.1189,0
2.154856,2.154856,12.0,0.0,-0.134396,1.125236,0.010236,-1.638232,1.0,0.0,0.999997,10.429296,0.0,0.0,0.0475,0
4.144828,8.739636,12.0,0.0,0.154579,0.83176,0.970808,16.473892,1.0,0.0,0.92144,10.90666,0.0,0.0,0.3881,0
3.063885,7.935624,2.306687,0.134352,0.309908,0.29415,0.045999,-4.795412,1.0,0.0,0.9992,11.534108,0.0,0.0,0.0322,0
0.916591,13.339746,12.0,0.0,0.333804,0.729591,0.941947,14.716103,1.0,0.0,0.765114,11.052209,0.0,0.0,0.6674,0
0.453944,4.897806,12.0,0.0,0.159288,0.065923,0.053201,5.079313,1.0,0.0,0.970455,11.291349,0.0,0.0,0.2215,0
1.683393,9.639177,12.0,0.0,0.260745,0.135668,0.080669,-18.531571,1.0,0.0,0.823798,10.97404,0.0,0.0,0.5624,0
1.730439,2.180753,1.142013,0.129823,0.148259,0.044067,0.052047,-0.457573,1.0,0.0,0.957131,10.234686,0.0,0.0,0.0413,0
1.736121,3.962637,12.0,0.0,0.088191,0.068952,0.045373,-6.260593,1.0,0.0,0.933634,10.395848,0.0,0.0,0.0525,1
0.020105,5.604901,12.0,0.0,0.16248,0.731575,0.046185,12.9176,1.0,0.0,0.997172,11.09839,0.0,0.0,0.0714,0
1.996191,9.68136,12.0,0.0,0.25535,0.15927,0.034927,-27.339645,1.0,0.0,0.865867,10.861613,0.0,0.0,0.618,0
1.251826,5.810397,2.389043,0.091505,0.218609,0.750567,0.072086,23.028992,1.0,0.0,0.973519,11.373214,0.0,0.0,0.0261,0
1.333522,7.178456,3.448196,0.080495,0.277563,0.286331,0.087673,17.468338,1.0,0.0,0.980834,10.6521,0.0,0.0,0.0347,1
2.978905,5.75452,2.429034,0.074388,0.18069,0.046885,0.018847,7.679756,1.0,0.0,0.910406,11.254666,0.0,0.0,0.0224,0
1.524792,1.570369,0.100994,0.088033,0.008891,1.094487,0.031936,23.59832,1.0,0.0,0.998251,10.359933,0.0,0.0,0.0224,0
2.869852,15.337345,12.0,0.0,0.349991,0.06683,0.04631,6.882467,1.0,0.0,0.887662,11.348428,0.0,0.0,0.0247,0
2.457596,9.751486,3.061645,0.096548,0.295596,0.393597,0.345918,12.862647,-0.339543,0.0,0.929012,11.304088,1.0,55.789855,0.0521,0
1.63131,1.63131,12.0,0.0,-0.131146,0.398009,0.020306,-39.577747,1.0,0.0,0.984108,12.035711,0.0,0.0,0.643,1
3.31039,10.52056,12.0,0.0,0.235551,0.132178,0.074051,21.544489,1.0,0.0,0.85616,11.047567,0.0,0.0,0.0261,0
-0.396782,4.044455,12.0,0.0,0.133239,0.722481,0.061856,2.374703,1.0,4.0,0.996843,10.886006,0.0,0.0,0.174,0
3.602651,4.886215,1.356415,0.146671,0.198947,0.313932,0.030239,-7.197357,1.0,0.0,0.999835,10.508417,0.0,0.0,0.0464,0
2.512274,8.971053,12.0,0.0,0.23845,0.641664,0.070757,-24.341903,1.0,0.0,0.995894,11.368695,0.0,0.0,0.5261,1
-0.019148,1.156027,12.0,0.0,0.000122,0.732907,0.112926,4.392445,1.0,1.0,0.99956,10.42235,0.0,0.0,0.1303,0
-4.160439,-4.160439,12.0,0.0,-0.333789,1.125629,0.023113,-13.046055,1.0,15.0,0.999486,10.117135,0.0,0.0,0.4621,1
-0.259548,5.653574,12.0,0.0,0.15531,0.484101,0.459086,44.835635,0.493132,3.0,0.861036,10.429436,1.0,54.312057,0.0288,0
3.235093,15.132827,3.820815,0.121207,0.46311,0.326026,0.030601,-16.413162,1.0,0.0,0.996455,11.439905,0.0,0.0,0.1047,0
1.49083,5.620665,3.492293,0.061517,0.214837,0.067425,0.050644,-8.599631,1.0,0.0,0.862551,10.739983,0.0,0.0,0.1009,1
3.797012,10.670698,3.372505,0.098595,0.332513,0.155299,0.030431,-26.424119,1.0,0.0,0.998693,10.400773,0.0,0.0,0.2107,0
1.740849,7.525271,2.873268,0.106348,0.305565,0.085595,0.048571,10.794079,1.0,0.0,0.977589,10.814423,0.0,0.0,0.0246,0
1.881666,5.526224,2.716492,0.079511,0.215992,0.082265,0.072451,-7.543028,1.0,0.0,0.858109,10.655099,0.0,0.0,0.0592,0
3.132226,16.235764,4.599812,0.094352,0.434002,0.727616,0.036627,11.326056,1.0,0.0,0.99279,10.76279,0.0,0.0,0.0241,0
-0.287073,6.299443,12.0,0.0,0.189082,0.741996,0.087342,-11.863976,1.0,3.0,0.988776,10.146693,0.0,0.0,0.763,1
2.675362,8.893485,12.0,0.0,0.212184,0.313304,0.046105,-8.604409,1.0,0.0,0.998268,11.689054,0.0,0.0,0.0596,0
1.045822,3.885025,1.496469,0.125749,0.188179,0.727264,0.054151,10.168714,1.0,0.0,0.998805,10.416233,0.0,0.0,0.0249,0
2.984617,7.980573,3.469929,0.078631,0.272845,0.595644,0.046225,-8.593962,1.0,0.0,0.998936,11.38893,0.0,0.0,0.0246,0
1.160456,5.419381,12.0,0.0,0.136025,0.722557,0.075732,-4.669624,1.0,0.0,0.999106,11.230367,0.0,0.0,0.1041,0
1.218752,1.218752,0.622742,0.040667,0.025325,0.298698,0.019873,-0.812074,1.0,0.0,0.999588,11.477473,0.0,0.0,0.1427,0
-3.920691,-3.920691,-0.706074,0.192071,-0.135616,0.661309,0.054057,-30.87346,1.0,16.0,0.993557,11.15692,0.0,0.0,0.7085,1
1.97109,19.412012,10.886296,0.04356,0.474202,0.040241,0.020816,5.887505,1.0,0.0,0.934519,10.112011,0.0,0.0,0.0353,0
1.423869,16.149738,12.0,0.0,0.375731,0.718312,0.074658,-10.047133,1.0,0.0,0.981745,11.009483,0.0,0.0,0.0727,0
2.538745,9.9721,3.76815,0.09576,0.36084,0.646392,0.039595,-18.723203,1.0,0.0,0.997481,11.163901,0.0,0.0,0.4129,1
4.844225,10.903064,2.68852,0.131612,0.35384,0.603603,0.031011,9.178572,1.0,0.0,0.998266,10.455812,0.0,0.0,0.0263,0
2.157472,7.87729,2.219948,0.165105,0.366525,0.064265,0.049645,-8.033953,1.0,0.0,0.906469,9.467565,0.0,0.0,0.0493,0
-0.23815,2.444098,1.429279,0.172308,0.246276,0.628936,0.742262,-11.729572,1.0,3.0,0.416111,10.879812,0.0,0.0,0.9962,1
1.664688,6.403997,3.293387,0.081456,0.268267,0.598048,0.094873,13.084358,1.0,0.0,0.99901,11.217744,0.0,0.0,0.0838,0
2.631447,2.631447,0.865533,0.131502,0.113819,0.136052,0.06429,-21.762,1.0,0.0,0.892074,10.865433,0.0,0.0,0.1501,0
1.529098,7.01558,4.464433,0.050895,0.227217,0.725203,0.032739,1.528079,1.0,0.0,0.999793,10.492526,0.0,0.0,0.0235,0
3.893104,11.017073,12.0,0.0,0.242272,0.410749,0.075309,-38.852877,1.0,0.0,0.973892,9.876885,0.0,0.0,0.4237,0
5.091686,16.272197,12.0,0.0,0.351692,0.618883,0.021321,-0.510393,1.0,0.0,0.999957,10.9154,0.0,0.0,0.0319,0
-2.737499,-2.737499,12.0,0.0,-0.17616,0.719959,0.037116,-53.338512,1.0,8.0,0.982134,10.582082,0.0,0.0,0.9992,1
3.124735,6.337959,1.974171,0.148166,0.292506,0.615712,0.090366,-5.321672,1.0,0.0,0.999428,10.001725,0.0,0.0,0.0311,1
-3.190353,-3.190353,-1.669691,0.093251,-0.155701,0.557015,0.615384,6.991344,1.0,17.0,0.927779,10.242251,0.0,0.0,0.9937,1
2.293551,14.396401,12.0,0.0,0.359694,0.595285,0.032916,6.379048,1.0,0.0,0.999691,10.357823,0.0,0.0,0.0713,0
2.303988,3.287834,2.236145,0.029655,0.066314,0.100433,0.07664,12.694144,1.0,0.0,0.814574,11.20047,0.0,0.0,0.1845,1
-0.134971,1.927953,1.593344,0.077027,0.12273,0.734169,0.065318,-6.465279,1.0,2.0,0.994789,10.016412,0.0,0.0,0.5119,0
3.584617,15.550768,12.0,0.0,0.341015,0.054368,0.03043,8.268974,1.0,0.0,0.958866,11.265969,0.0,0.0,0.0219,1
2.534933,9.199001,12.0,0.0,0.220864,0.306902,0.03802,19.789244,1.0,0.0,0.999185,10.784704,0.0,0.0,0.0228,0
3.083257,3.958323,1.551425,0.074007,0.114817,0.172837,0.083028,-25.019209,1.0,0.0,0.790906,11.150469,0.0,0.0,0.2316,0
3.970584,9.257393,12.0,0.0,0.185502,1.112522,0.069919,-3.38748,1.0,0.0,0.99997,10.746363,0.0,0.0,0.0547,0
2.409748,27.27347,12.0,0.0,0.518685,0.030237,0.033535,1.894942,1.0,0.0,0.986214,10.66909,0.0,0.0,0.0305,0
-0.319007,3.796546,12.0,0.0,0.12374,0.731364,0.026964,1.821931,1.0,3.0,0.998155,10.445528,0.0,0.0,0.1483,0
2.772141,11.519892,12.0,0.0,0.270678,1.08869,0.048179,28.163381,1.0,0.0,0.997814,10.341325,0.0,0.0,0.0228,0
-0.524414,1.016614,0.871282,0.171309,0.149258,0.873008,0.890012,-0.825899,1.0,2.0,0.663176,10.33038,0.0,0.0,0.7272,1
4.190111,4.866719,1.246058,0.146262,0.182251,0.632261,0.016117,-16.660682,1.0,0.0,0.998528,10.867901,0.0,0.0,0.0777,0
1.045059,4.424107,2.235632,0.067392,0.150664,0.762638,0.021352,26.268203,1.0,0.0,0.981486,10.828025,0.0,0.0,0.0416,0
4.505172,5.835949,12.0,0.0,0.090909,0.797431,1.0131,-104.98776,1.0,0.0,0.910149,10.948191,0.0,0.0,0.9289,1
2.374811,8.525172,4.787499,0.04839,0.231669,0.741001,0.093115,18.679407,1.0,0.0,0.982822,10.846841,0.0,0.0,0.0244,0
3.714119,21.350936,12.0,0.0,0.458843,0.646521,0.030753,-27.277072,1.0,0.0,0.996957,10.574606,0.0,0.0,0.891,1
4.219273,13.541868,12.0,0.0,0.308136,0.626952,0.080799,-15.739637,1.0,0.0,0.998979,10.326998,0.0,0.0,0.0955,0
2.488836,9.676158,12.0,0.0,0.236203,0.300292,0.078402,16.878332,1.0,0.0,0.990629,10.277777,0.0,0.0,0.0266,0
3.913413,15.796276,12.0,0.0,0.357721,0.599227,0.058005,5.007473,1.0,0.0,0.999867,11.966531,0.0,0.0,0.0249,0
0.061969,4.172572,12.0,0.0,0.107713,0.713049,0.097498,-1.507781,1.0,0.0,0.994502,10.953816,0.0,0.0,0.0619,0
3.440679,3.440679,12.0,0.0,-0.010893,0.101792,0.062628,-14.851257,1.0,0.0,0.947618,11.313272,0.0,0.0,0.2397,1
2.488814,6.261326,2.980673,0.070272,0.209456,0.093645,0.05203,14.172646,1.0,0.0,0.975012,11.332961,0.0,0.0,0.0238,0
4.147417,4.147417,12.0,0.0,0.000571,0.209813,0.023723,-35.56452,1.0,0.0,0.947015,10.317602,0.0,0.0,0.3646,0
0.622021,13.185173,5.018493,0.086563,0.434414,0.18579,0.0546,30.53904,1.0,0.0,0.598499,11.059535,0.0,0.0,0.1381,0
2.929722,20.117039,12.0,0.0,0.441811,0.586096,0.120731,12.684476,1.0,0.0,0.998144,11.060954,0.0,0.0,0.0584,0
3.269363,11.930474,5.349264,0.061658,0.329826,0.306451,0.023309,23.264993,1.0,0.0,0.996527,11.053014,0.0,0.0,0.0232,0
0.173999,8.031009,12.0,0.0,0.212568,0.394456,0.422734,21.560175,0.046713,0.0,0.965836,11.380744,1.0,56.0,0.0243,0
3.178523,13.036609,6.880028,0.050773,0.349322,0.307833,0.091141,-7.96935,1.0,0.0,0.995225,11.033878,0.0,0.0,0.0331,0
0.465017,0.76512,12.0,0.0,-0.026768,0.630157,0.034746,-20.537515,1.0,0.0,0.997162,10.733941,0.0,0.0,0.4984,0
3.72764,19.430291,12.0,0.0,0.410378,0.163101,0.12731,-18.088747,1.0,0.0,0.851348,9.394662,0.0,0.0,0.158,0
3.907053,23.676302,12.0,0.0,0.463408,0.070501,0.074045,-7.17215,1.0,0.0,0.78736,11.04679,0.0,0.0,0.0365,0
1.569507,11.689797,3.347452,0.130849,0.438012,0.054607,0.056538,-7.357197,1.0,0.0,0.791134,10.664252,0.0,0.0,0.1078,0
4.523269,13.018997,6.938188,0.046465,0.322382,0.711337,0.656009,-81.147103,1.0,0.0,0.931379,10.82242,0.0,0.0,0.7787,1
-0.066953,-0.066953,0.788235,0.158964,0.125301,0.311561,0.083131,0.510611,1.0,1.0,0.999156,11.500385,0.0,0.0,0.304,0
2.499749,6.466939,12.0,0.0,0.147648,0.06226,0.064884,6.266592,1.0,0.0,0.892945,10.655015,0.0,0.0,0.0362,1
3.335483,7.458776,1.934165,0.159219,0.307956,1.102748,0.049715,4.924625,1.0,0.0,0.999961,10.627643,0.0,0.0,0.0253,0
2.570639,13.053192,12.0,0.0,0.31728,0.100982,0.027021,-15.4632,1.0,0.0,0.979904,10.381989,0.0,0.0,0.0867,0
-1.139237,-0.8989,0.290778,0.116021,0.033736,0.705638,0.058689,-10.89388,1.0,13.0,0.996736,10.951073,0.0,0.0,0.2866,0
1.39774,3.213358,12.0,0.0,0.003693,0.398858,0.463873,44.038128,0.474967,0.0,0.959887,11.407257,1.0,55.096552,0.0913,0
-1.777991,-1.777991,-2.58146,0.058994,-0.152291,1.163636,0.101652,-4.18705,1.0,6.0,0.999878,10.839801,0.0,0.0,0.0797,0
-0.432807,8.452521,2.594341,0.160993,0.41767,0.736497,0.045463,-1.344328,1.0,4.0,0.997969,10.542113,0.0,0.0,0.2673,1
1.317556,8.845658,12.0,0.0,0.249787,0.079225,0.074536,-11.474931,1.0,0.0,0.871118,10.389149,0.0,0.0,0.4858,1
2.411994,7.603059,12.0,0.0,0.182347,0.095527,0.045325,15.965613,1.0,0.0,0.943806,11.311353,0.0,0.0,0.0346,0
-1.034406,-1.034406,-0.732493,0.154587,-0.113234,1.070677,0.017981,15.659268,1.0,4.0,0.999242,10.395826,0.0,0.0,0.1423,0
2.412169,19.619049,12.0,0.0,0.427904,0.072841,0.114754,-5.11636,1.0,0.0,0.817016,9.837717,0.0,0.0,0.0393,0
3.180248,11.011291,2.624427,0.159838,0.419484,0.126817,0.102946,-15.963963,1.0,0.0,0.996777,10.698447,0.0,0.0,0.0585,0
0.357349,1.268616,12.0,0.0,0.016429,0.617363,0.09713,-0.291069,1.0,0.0,0.999834,10.891334,0.0,0.0,0.3496,0
4.057097,5.473072,12.0,0.0,0.064634,0.154793,0.107761,-20.94031,1.0,0.0,0.912365,10.244626,0.0,0.0,0.1626,0
3.658735,18.164122,12.0,0.0,0.387075,0.088529,0.091322,4.023692,1.0,0.0,0.768855,10.933721,0.0,0.0,0.0272,0
2.891557,13.561947,12.0,0.0,0.316231,0.02433,0.017196,3.775737,1.0,0.0,0.731503,10.700564,0.0,0.0,0.022,0
4.963619,23.533393,12.0,0.0,0.436345,0.714413,0.033175,-9.085256,1.0,0.0,0.996562,11.356235,0.0,0.0,0.0667,0
1.745072,15.74861,12.0,0.0,0.374939,0.109684,0.03652,18.437581,1.0,0.0,0.975844,11.474369,0.0,0.0,0.0276,0
2.420003,8.975634,12.0,0.0,0.221377,0.05593,0.057731,1.844574,1.0,0.0,0.837925,10.578339,0.0,0.0,0.0244,0
3.054487,4.132789,12.0,0.0,0.036696,0.303934,0.031927,20.137042,1.0,0.0,0.998473,10.544164,0.0,0.0,0.1073,0
6.01921,11.875035,2.363929,0.14962,0.353691,1.134737,0.085863,-25.49725,1.0,0.0,0.996531,10.834849,0.0,0.0,0.1993,0
1.169916,12.139831,12.0,0.0,0.305161,0.724555,0.023182,-3.608317,1.0,0.0,0.99943,10.430295,0.0,0.0,0.0725,0
0.771436,17.803146,12.0,0.035129,0.458816,0.100929,0.036204,16.567644,1.0,0.0,0.569984,10.139152,0.0,0.0,0.2068,0
2.776713,16.193826,6.612237,0.065113,0.430545,0.099596,0.040921,17.714637,1.0,0.0,0.84921,11.415247,0.0,0.0,0.0228,0
3.613403,7.188737,2.692752,0.066622,0.179396,0.723387,0.02819,-2.88878,1.0,0.0,0.999571,11.122291,0.0,0.0,0.0489,0
2.157392,3.762038,12.0,0.0,0.06269,0.059189,0.054078,7.881523,1.0,0.0,0.942458,10.637226,0.0,0.0,0.0594,0
1.204875,4.987205,12.0,0.0,0.1093,0.719927,0.036475,0.46078,1.0,0.0,0.999844,10.410429,0.0,0.0,0.0258,0
0.03498,2.483159,12.0,0.0,0.044994,0.72668,0.056841,2.211216,1.0,0.0,0.998119,11.328865,0.0,0.0,0.0503,0
-2.175786,-2.130751,0.073094,0.20122,0.014708,0.612667,0.029047,-13.250796,1.0,12.0,0.99917,10.573175,0.0,0.0,0.3775,0
2.982276,7.94302,3.457922,0.070289,0.243054,0.169311,0.032333,29.588607,1.0,0.0,0.748357,10.478456,0.0,0.0,0.0235,0
-0.085104,8.121356,12.0,0.0,0.243898,1.072083,1.110568,52.472855,1.0,1.0,0.792989,10.833002,0.0,0.0,0.824,0
4.280438,11.60341,7.179085,0.036489,0.261958,0.723901,0.050239,-5.746593,1.0,0.0,0.999986,10.873996,0.0,0.0,0.0517,0
3.661658,12.807569,12.0,0.0,0.288935,0.16852,0.050035,-26.50857,1.0,0.0,0.932673,9.947964,0.0,0.0,0.2127,0
2.690163,11.613704,3.458187,0.114367,0.395504,0.33679,0.085251,-16.978426,1.0,0.0,0.994188,11.131208,0.0,0.0,0.1704,0
4.39315,30.682818,12.0,0.0,0.523412,0.725078,0.03217,0.453139,1.0,0.0,0.999536,10.944671,0.0,0.0,0.0221,0
1.118325,16.385728,9.491537,0.045285,0.429825,0.698402,0.711099,17.996648,1.0,0.0,0.931629,11.619567,0.0,0.0,0.6391,0
2.167746,4.460984,1.330532,0.173455,0.230788,0.717202,0.03578,-9.881862,1.0,0.0,0.994685,10.712549,0.0,0.0,0.058,0
0.976274,9.199127,5.327117,0.055277,0.294465,0.720404,0.061847,11.182283,1.0,0.0,0.999323,11.539251,0.0,0.0,0.0257,0
0.358992,1.235264,12.0,0.0,-0.025411,1.069875,0.054049,39.387858,1.0,0.0,0.995794,10.659816,0.0,0.0,0.057,0
1.631247,9.534691,12.0,0.0,0.271097,0.770128,0.998851,-34.955058,1.0,0.0,0.896231,10.367573,0.0,0.0,0.9964,1
2.885753,11.83676,4.594226,0.077152,0.354453,0.097656,0.066413,15.567598,1.0,0.0,0.749996,9.994562,0.0,0.0,0.0257,0
2.600411,17.944605,12.0,0.0,0.402493,0.091129,0.087501,-11.090256,1.0,0.0,0.57102,10.90403,0.0,0.0,0.0692,0
1.232504,1.232504,0.071766,0.202349,0.014522,1.11863,0.047215,-3.901046,1.0,0.0,0.99997,10.689346,0.0,0.0,0.0667,1
0.323787,1.726445,1.26604,0.084247,0.10666,0.613222,0.083266,16.212893,1.0,0.0,0.998881,10.607975,0.0,0.0,0.1433,1
2.797595,5.876905,1.47591,0.244791,0.36129,1.141584,0.064348,-10.664182,1.0,0.0,0.999745,10.349627,0.0,0.0,0.1271,0
-0.355413,-0.355413,12.0,0.0,-0.114527,0.724243,0.095377,-12.161334,1.0,4.0,0.997217,10.562069,0.0,0.0,0.2093,0
2.056133,12.384703,5.634075,0.066266,0.373349,0.129516,0.04311,21.930329,1.0,0.0,0.43098,11.761152,0.0,0.0,0.0247,0
2.052302,2.052302,0.907057,0.118949,0.107894,1.107935,0.037093,-3.506992,1.0,0.0,0.999988,10.550857,0.0,0.0,0.0402,0
3.674784,7.591557,12.0,0.0,0.140194,1.099183,0.02835,8.395037,1.0,0.0,0.999761,9.823971,0.0,0.0,0.0216,0
0.145171,0.145171,0.491762,0.055288,0.027188,0.323485,0.04147,-19.09443,1.0,0.0,0.993992,11.023986,0.0,0.0,0.9115,1
1.615004,8.260354,5.12378,0.055271,0.283196,0.618283,0.047857,39.297595,1.0,0.0,0.992882,11.893801,0.0,0.0,0.0381,0
0.409044,0.441182,0.852717,0.121292,0.103427,0.321575,0.081419,0.210212,1.0,0.0,0.995194,10.026118,0.0,0.0,0.2315,0
1.267045,24.600934,12.0,0.0,0.503854,0.066022,0.055333,-8.273542,1.0,0.0,0.893318,10.614682,0.0,0.0,0.6311,1
3.080878,16.849463,12.0,0.0,0.373412,0.028275,0.027637,3.688411,1.0,0.0,0.872852,10.575227,0.0,0.0,0.0222,0
2.767328,10.181297,5.056295,0.060361,0.305201,0.075022,0.058437,-7.755816,1.0,0.0,0.963898,10.851897,0.0,0.0,0.066,0
-3.922535,-3.922535,-0.428464,0.207888,-0.089072,1.164358,0.047864,-21.177575,1.0,15.0,0.997885,10.963707,0.0,0.0,0.4177,0
2.495861,18.584849,12.0,0.0,0.412197,0.529569,0.513691,48.373205,1.0,0.0,0.93118,11.093554,0.0,0.0,0.2293,0
1.214756,10.514352,2.71359,0.146298,0.396993,0.462974,0.534724,17.327955,-0.07194,0.0,0.904966,10.249395,1.0,55.066176,0.0328,0
-3.541535,-3.541535,-1.952198,0.073328,-0.143151,1.077709,0.047616,-7.438996,1.0,17.0,0.999894,11.211456,0.0,0.0,0.6454,0
-2.335499,1.437656,1.52809,0.08865,0.135465,1.143449,0.549304,60.163122,1.0,17.0,0.990448,10.238096,0.0,0.0,0.8657,1
4.834131,10.421499,12.0,0.0,0.198588,0.110356,0.044056,-18.958324,1.0,0.0,0.838458,10.973413,0.0,0.0,0.0977,0
2.472721,8.342796,2.292452,0.159921,0.366611,0.108239,0.042105,-17.438191,1.0,0.0,0.942355,11.489845,0.0,0.0,0.1205,0
-4.023957,-4.023957,-0.377452,0.244988,-0.092471,1.122097,0.091668,-6.945271,1.0,15.0,0.999892,11.429213,0.0,0.0,0.0988,1
1.650413,1.650413,0.457477,0.142891,0.06537,0.56098,0.625872,-34.959047,1.0,0.0,0.966798,11.293509,0.0,0.0,0.8579,1
3.296438,13.765228,3.906169,0.101422,0.396171,0.722677,0.031747,-6.677644,1.0,0.0,0.99622,10.177877,0.0,0.0,0.0546,0
3.852149,12.1206,12.0,0.0,0.262895,0.295148,0.022705,-0.266175,1.0,0.0,0.999987,11.625997,0.0,0.0,0.0236,0
1.44722,14.241863,12.0,0.029521,0.369854,0.726493,0.022863,11.618743,1.0,0.0,0.994806,9.771993,0.0,0.0,0.0221,0
1.396966,1.396966,-0.516022,0.068188,-0.035187,0.156427,0.040673,-25.556539,1.0,0.0,0.951995,10.491256,0.0,0.0,0.3643,0
1.179737,4.230827,12.0,0.0,0.055762,0.405551,0.406419,17.364953,0.425489,0.0,0.89891,11.534685,1.0,56.25,0.0378,0
1.405412,2.690455,12.0,0.0,-0.036389,0.45345,0.438424,17.556175,-0.079059,0.0,0.775611,10.831226,1.0,55.230769,0.0835,0
3.52731,10.239176,12.0,0.0,0.259213,0.689784,0.051264,-42.103418,1.0,0.0,0.990333,10.800047,0.0,0.0,0.4923,1
3.443732,7.568944,12.0,0.0,0.149753,0.117123,0.093535,11.152557,1.0,0.0,0.57552,10.789881,0.0,0.0,0.0342,0
-0.985099,-0.861812,0.454556,0.176068,0.080033,0.650314,0.044609,-28.077411,1.0,5.0,0.996042,10.895898,0.0,0.0,0.732,1
3.783139,30.230915,12.0,0.0,0.533459,0.050657,0.045635,5.831978,1.0,0.0,0.964729,10.405557,0.0,0.0,0.0228,0
2.574116,22.990844,12.0,0.0,0.467738,0.123225,0.054271,20.457105,1.0,0.0,0.924839,10.894645,0.0,0.0,0.0227,0
5.593452,8.97044,3.682627,0.05085,0.187262,0.273356,0.024581,-47.237519,1.0,0.0,0.569813,10.440163,0.0,0.0,0.482,1
0.932157,1.093493,12.0,0.0,-0.096624,0.620283,0.021816,-19.534836,1.0,0.0,0.998346,10.944783,0.0,0.0,0.2193,0
1.943588,9.314172,12.0,0.0,0.214888,0.745038,0.890689,40.585788,1.0,0.0,0.667175,11.026625,0.0,0.0,0.3598,0
0.984356,2.791959,1.348426,0.153969,0.207616,0.591239,0.040011,15.203561,1.0,0.0,0.998912,11.689073,0.0,0.0,0.0409,0
3.027641,5.921889,12.0,0.0,0.07704,0.702394,0.081041,0.765774,1.0,0.0,0.994776,11.183191,0.0,0.0,0.0278,0
1.00752,4.329197,2.122672,0.109843,0.233161,0.288325,0.051893,3.200915,1.0,0.0,0.995775,11.84308,0.0,0.0,0.0667,0
1.240838,6.490039,12.0,0.0,0.201322,0.60488,0.038052,13.362345,1.0,0.0,0.999052,11.275371,0.0,0.0,0.1429,1
3.332896,5.883261,1.772355,0.138861,0.246111,0.133144,0.091639,-18.870097,1.0,0.0,0.539362,10.069604,0.0,0.0,0.1092,0
1.681245,3.444208,12.0,0.0,0.062993,1.092098,0.022088,20.049128,1.0,0.0,0.998741,9.473362,0.0,0.0,0.0221,0
1.686586,26.348943,12.0,0.02623,0.531851,0.765058,0.026844,24.389193,1.0,0.0,0.979249,10.661698,0.0,0.0,0.0221,0
-1.336746,3.960067,6.945905,0.02117,0.147043,0.36188,0.308721,22.354003,0.061442,8.0,0.909824,11.142299,1.0,57.835821,0.1465,0
1.618107,9.289155,12.0,0.0,0.267201,0.591843,0.073738,15.131666,1.0,0.0,0.997386,9.776605,0.0,0.0,0.1427,0
1.524409,28.58647,12.0,0.038718,0.575931,0.184326,0.046775,29.98553,1.0,0.0,0.617206,11.705283,0.0,0.0,0.0689,0
3.980083,3.980083,0.965381,0.085907,0.082933,0.114496,0.050264,-19.518541,1.0,0.0,0.659499,10.266184,0.0,0.0,0.1333,0
1.898204,3.305166,0.934279,0.095997,0.089688,0.726699,0.050229,3.466192,1.0,0.0,0.998481,11.061968,0.0,0.0,0.0251,0
0.845701,7.352119,12.0,0.0,0.222587,0.080799,0.030767,-10.909943,1.0,0.0,0.935083,10.605868,0.0,0.0,0.7274,1
2.068983,3.603347,1.595562,0.108179,0.172606,0.092158,0.038919,-12.574083,1.0,0.0,0.973632,11.678287,0.0,0.0,0.087,0
1.80022,5.855073,2.579607,0.09255,0.238742,0.290852,0.051406,16.510813,1.0,0.0,0.993929,10.332978,0.0,0.0,0.0251,0
4.166699,10.082143,2.603412,0.148108,0.385587,0.633314,0.026118,-27.96489,1.0,0.0,0.995626,9.726413,0.0,0.0,0.1447,0
0.319697,1.306456,0.96344,0.089183,0.085923,0.723475,0.023933,-4.989115,1.0,0.0,0.999244,11.234055,0.0,0.0,0.0927,0
0.823089,2.561568,1.532469,0.129313,0.198169,0.035657,0.043862,-0.791575,1.0,0.0,0.897479,10.854753,0.0,0.0,0.0917,0
4.04917,13.92507,3.310498,0.139628,0.462237,0.611486,0.045991,-9.722716,1.0,0.0,0.999284,11.389247,0.0,0.0,0.0617,0
2.018117,9.022573,6.051277,0.046268,0.279983,0.279391,0.079221,-5.666966,1.0,0.0,0.994009,10.466138,0.0,0.0,0.0531,0
1.98382,25.863524,12.0,0.0,0.507882,0.306027,0.095928,13.031284,1.0,0.0,0.994183,11.264623,0.0,0.0,0.0543,0
-1.698107,-1.484784,0.287029,0.132704,0.03809,0.62646,0.035375,-8.140317,1.0,13.0,0.999598,10.843977,0.0,0.0,0.7297,1
1.995777,12.653206,4.56607,0.078706,0.359377,0.378706,0.448518,14.723796,0.014113,0.0,0.703053,11.042567,1.0,54.277372,0.0263,0
2.892558,18.85985,12.0,0.0,0.398511,0.799599,0.665628,-7.083247,1.0,0.0,0.953311,10.61785,0.0,0.0,0.606,0
4.873114,13.649337,12.0,0.0,0.297986,0.609516,0.02693,-18.466679,1.0,0.0,0.996842,11.036767,0.0,0.0,0.0836,0
1.67137,5.642423,4.578568,0.039367,0.180246,1.087467,0.046918,19.647383,1.0,0.0,0.999119,10.439047,0.0,0.0,0.0371,0
3.06332,6.757338,2.30521,0.137309,0.316525,0.670681,0.055616,-35.865724,1.0,0.0,0.993804,10.99727,0.0,0.0,0.712,1
1.449886,3.434798,12.0,0.0,0.083985,0.623587,0.043329,1.123252,1.0,0.0,0.99991,11.524578,0.0,0.0,0.0874,0
4.158059,13.56735,2.854718,0.159323,0.454821,0.121797,0.039885,-17.977093,1.0,0.0,0.975976,10.640609,0.0,0.0,0.1262,0
1.556971,16.335633,12.0,0.0,0.397758,0.543264,0.531054,-19.59418,1.0,0.0,0.903202,11.371451,0.0,0.0,0.8519,1
0.890352,0.952697,12.0,0.0,-0.108478,0.639668,0.053848,-28.217007,1.0,0.0,0.995967,10.391158,0.0,0.0,0.3087,0
4.774114,6.540731,12.0,0.0,0.065663,1.094743,0.02132,18.45076,1.0,0.0,0.99886,10.687206,0.0,0.0,0.0241,0
1.514514,2.584734,1.403774,0.126983,0.178256,0.613703,0.042268,-14.020121,1.0,0.0,0.999277,11.464128,0.0,0.0,0.1519,0
1.572415,4.809857,1.789689,0.181984,0.325694,0.622146,0.047787,-3.195445,1.0,0.0,0.9996,10.634776,0.0,0.0,0.2311,0
0.661497,4.551307,12.0,0.0,0.15423,0.547919,0.603952,22.235112,1.0,0.0,0.913637,10.278198,0.0,0.0,0.7766,0
0.044871,1.048476,2.058333,0.033605,0.069171,0.095921,0.053372,14.386366,1.0,0.0,0.847959,11.272995,0.0,0.0,0.7984,1
-0.088876,-0.088876,12.0,0.0,-0.113952,0.31346,0.035393,-16.950562,1.0,1.0,0.99516,9.880606,0.0,0.0,0.3488,1
0.855602,1.338438,12.0,0.0,0.003503,0.596505,0.038467,-5.146426,1.0,0.0,0.999571,11.282016,0.0,0.0,0.1902,0
2.692839,5.217686,12.0,0.0,0.093338,0.293917,0.053516,22.076452,1.0,0.0,0.999256,10.959668,0.0,0.0,0.0754,0
0.005855,2.891954,1.488049,0.148037,0.220286,0.734182,0.053494,11.820549,1.0,0.0,0.987237,10.984111,0.0,0.0,0.0612,1
-0.857103,10.27968,3.690232,0.106582,0.393312,0.390613,0.325734,10.803595,-0.062905,3.0,0.965041,10.507244,1.0,55.901515,0.1442,0
4.187013,4.584776,0.912749,0.242429,0.221277,0.752066,0.046617,-19.632838,1.0,0.0,0.99132,10.181441,0.0,0.0,0.2272,0
3.165243,9.92436,4.763848,0.060421,0.287836,0.055675,0.057914,2.577246,1.0,0.0,0.913791,11.870482,0.0,0.0,0.0269,0
2.972902,8.182671,5.094128,0.044732,0.22787,0.114662,0.055481,18.059585,1.0,0.0,0.861518,10.472949,0.0,0.0,0.0243,0
1.432123,13.298718,3.789363,0.106276,0.402717,0.448938,0.480968,7.221723,-0.067152,0.0,0.949709,10.420467,1.0,54.522727,0.1225,0
-1.797104,-1.797104,0.353277,0.192907,0.06815,0.351032,0.095011,-24.360135,1.0,11.0,0.982178,11.3754,0.0,0.0,0.9545,1
0.717752,2.13229,1.467916,0.110414,0.162079,1.062248,0.028035,16.60822,1.0,0.0,0.999052,9.935398,0.0,0.0,0.0992,0
3.858041,7.776884,4.016964,0.050264,0.201908,0.162302,0.054723,-26.050864,1.0,0.0,0.923512,10.798669,0.0,0.0,0.211,1
1.146936,1.146936,-0.062655,0.112849,-0.007071,0.212822,0.067259,-31.479722,1.0,0.0,0.845193,11.55867,0.0,0.0,0.3662,0
0.156177,0.321074,-0.013443,0.072505,-0.000975,0.536627,0.298269,7.62204,1.0,0.0,0.999107,10.384913,0.0,0.0,0.8038,1
3.520235,15.648424,12.0,0.0,0.34692,0.320339,0.024574,-16.016409,1.0,0.0,0.998483,10.11079,0.0,0.0,0.0957,1
0.97652,13.545461,5.195981,0.082869,0.430583,0.311968,0.054538,16.986944,1.0,0.0,0.997623,10.745971,0.0,0.0,0.0818,0
3.378798,7.964741,2.936156,0.076897,0.225782,0.819327,1.161663,17.342322,1.0,0.0,0.551575,10.009245,0.0,0.0,0.398,1
2.800254,13.129258,4.081885,0.099697,0.406953,0.118861,0.028071,21.364324,1.0,0.0,0.999781,11.294446,0.0,0.0,0.0222,0
1.517399,3.341269,2.244618,0.060905,0.136709,0.329342,0.053717,-24.094742,1.0,0.0,0.996343,11.237963,0.0,0.0,0.6357,1
1.460628,2.633856,12.0,0.0,0.048696,0.030043,0.031763,-2.312618,1.0,0.0,0.87152,9.823365,0.0,0.0,0.0784,1
-5.073032,-5.073032,-0.576936,0.195372,-0.112717,0.613452,0.039887,-12.764823,1.0,19.0,0.999301,10.944545,0.0,0.0,0.9792,1
-1.04743,-1.04743,12.0,0.0,-0.145158,0.459619,0.591402,-0.952313,-0.075066,15.0,0.823179,11.504067,1.0,56.7,0.1979,0
2.789108,12.706932,3.745226,0.108555,0.406561,0.071614,0.053878,9.112693,1.0,0.0,0.977104,10.727752,0.0,0.0,0.027,0
2.1609,17.203098,4.122256,0.125363,0.516778,0.278902,0.062619,9.081812,1.0,0.0,0.985466,10.796918,0.0,0.0,0.0266,0
3.728281,21.822271,12.0,0.0,0.426512,0.722088,0.017687,-2.769066,1.0,0.0,0.999799,10.800602,0.0,0.0,0.0301,0
3.933088,4.261015,1.110654,0.117713,0.130738,0.060436,0.075894,-1.68659,1.0,0.0,0.964321,11.0593,0.0,0.0,0.0603,0
3.264666,9.63491,12.0,0.0,0.218068,0.049708,0.019114,-5.30606,1.0,0.0,0.980388,10.626432,0.0,0.0,0.0399,1
1.861266,5.41531,7.222259,0.021703,0.156748,0.041741,0.029464,-2.2828,1.0,0.0,0.926831,11.338646,0.0,0.0,0.0339,0
-2.651548,-2.651548,-0.069641,0.201721,-0.014048,0.130653,0.046272,-18.951276,1.0,13.0,0.99341,10.55474,0.0,0.0,0.8233,1
-3.950275,-3.950275,12.0,0.0,-0.295226,1.091073,0.030078,-1.266259,1.0,16.0,0.999966,10.252205,0.0,0.0,0.1747,0
2.711473,2.711473,0.834852,0.117689,0.098253,0.328586,0.047672,-17.399414,1.0,0.0,0.997307,10.612618,0.0,0.0,0.1192,0
2.367973,13.42688,12.0,0.0,0.319996,0.295357,0.051935,13.947014,1.0,0.0,0.996613,11.273497,0.0,0.0,0.0247,1
2.894978,14.131272,4.833588,0.085242,0.412025,0.301767,0.070114,9.643959,1.0,0.0,0.999843,11.177506,0.0,0.0,0.0256,0
5.239899,9.320258,2.494645,0.098789,0.246445,1.080131,0.046917,-5.615326,1.0,0.0,0.99979,9.50301,0.0,0.0,0.0376,0
2.768246,10.715904,12.0,0.0,0.263236,0.643293,0.067819,41.837789,1.0,0.0,0.991612,10.759065,0.0,0.0,0.026,0
1.277213,15.260791,4.513255,0.106481,0.480577,0.190036,0.069435,29.343837,1.0,0.0,0.948696,11.505506,0.0,0.0,0.0568,0
0.55138,8.637136,5.001699,0.063661,0.318411,0.192921,0.063533,31.134049,1.0,0.0,0.677953,10.726629,0.0,0.0,0.1307,0
1.758777,7.559642,3.082043,0.070883,0.218464,0.349438,0.434834,22.861401,0.138624,0.0,0.98401,9.84921,1.0,55.496183,0.0229,0
4.394839,11.684762,12.0,0.0,0.244392,0.11283,0.044954,-18.839293,1.0,0.0,0.953806,10.850354,0.0,0.0,0.0942,0
-1.400897,7.692295,2.843893,0.127466,0.3625,0.393569,0.500578,30.873092,0.004125,6.0,0.706376,11.376727,1.0,52.561538,0.1888,1
1.30419,12.024628,12.0,0.0,0.270311,0.401031,0.51489,30.605196,-0.217152,0.0,0.856989,11.628116,1.0,54.281481,0.0252,0
1.442161,7.689206,11.284874,0.020664,0.233191,0.095354,0.097467,12.206894,1.0,0.0,0.919408,10.896803,0.0,0.0,0.0453,0
0.792562,0.792562,0.155606,0.187868,0.029234,0.126293,0.045359,-22.99239,1.0,0.0,0.8985,10.426817,0.0,0.0,0.3249,0
0.562552,1.144153,12.0,0.0,0.030424,0.122245,0.062587,-17.962342,1.0,0.0,0.587436,11.312158,0.0,0.0,0.9522,1
2.947655,13.768533,12.0,0.0,0.313121,0.281819,0.046319,47.931471,1.0,0.0,0.259773,12.075232,0.0,0.0,0.0265,0
1.463141,3.879164,1.738198,0.131081,0.227844,0.055004,0.039769,-9.166038,1.0,0.0,0.728177,11.820167,0.0,0.0,0.1106,0
-2.512255,-2.512255,-0.888793,0.133896,-0.119005,0.407135,0.465906,7.267472,-0.088769,17.0,0.908119,10.975437,1.0,52.913669,0.5402,0
1.296671,7.815216,12.0,0.0,0.217708,0.296769,0.0548,5.815019,1.0,0.0,0.999492,11.055173,0.0,0.0,0.0512,0
5.720324,18.821034,12.0,0.0,0.381934,0.607808,0.053531,-1.151205,1.0,0.0,0.999585,10.367712,0.0,0.0,0.0306,0
3.129996,9.174741,12.0,0.0,0.204251,0.318308,0.075541,15.834911,1.0,0.0,0.992027,11.623042,0.0,0.0,0.0254,0
2.145984,12.100048,12.0,0.0,0.301633,0.071865,0.067895,6.102962,1.0,0.0,0.996075,11.010414,0.0,0.0,0.0257,0
1.715612,5.278737,1.896183,0.17919,0.339777,0.631404,0.063223,-17.261059,1.0,0.0,0.998573,9.911433,0.0,0.0,0.8157,1
2.337904,15.856487,4.257442,0.115483,0.49166,0.172637,0.027825,-29.701389,1.0,0.0,0.905939,10.204918,0.0,0.0,0.7196,0
2.674913,14.951493,12.0,0.0,0.365875,0.622511,0.07473,0.477886,1.0,0.0,0.999988,11.604157,0.0,0.0,0.0905,0
1.335543,4.928815,2.511819,0.089157,0.223946,0.089435,0.083726,5.426616,1.0,0.0,0.997996,10.653327,0.0,0.0,0.0478,0
-5.320594,-5.320594,-1.6547,0.117492,-0.194414,0.707742,0.08658,-9.293231,1.0,24.0,0.993666,9.410777,0.0,0.0,0.9939,1
1.510782,7.140032,2.43408,0.148234,0.360815,0.598868,0.034803,5.401788,1.0,0.0,0.99981,11.140342,0.0,0.0,0.1053,0
-0.464643,1.231908,0.589497,0.040394,0.023812,0.785892,0.101397,24.615181,1.0,4.0,0.938282,10.376982,0.0,0.0,0.4187,0
0.789754,1.677253,1.298369,0.100224,0.130128,0.091581,0.0718,14.427881,1.0,0.0,0.986368,10.211442,0.0,0.0,0.2054,0
-1.228107,1.684697,1.231826,0.1948,0.23996,0.390481,0.515872,3.692753,0.02517,7.0,0.629302,10.946693,1.0,54.905797,0.8559,1
-0.573941,2.143894,1.441025,0.164962,0.237714,0.729891,0.079758,5.122655,1.0,5.0,0.996352,11.208067,0.0,0.0,0.2024,0
0.080603,0.367205,0.905671,0.099829,0.090412,0.105396,0.056617,15.447631,1.0,0.0,0.783579,11.349467,0.0,0.0,0.6022,1
4.227204,8.633726,12.0,0.0,0.161376,1.12922,0.028067,-25.647207,1.0,0.0,0.997091,10.057395,0.0,0.0,0.1913,0
3.23388,5.91327,12.0,0.0,0.103329,0.033813,0.035479,1.994176,1.0,0.0,0.911546,10.341713,0.0,0.0,0.0379,1
2.846521,8.309651,12.0,0.0,0.203779,0.591754,0.021673,12.057769,1.0,0.0,0.99934,10.849915,0.0,0.0,0.0219,0
-1.102773,14.651762,12.0,0.0,0.372914,0.388292,0.374974,21.472097,0.47632,3.0,0.984516,10.624346,1.0,54.893939,0.1413,0
2.140219,7.671012,12.0,0.0,0.135404,0.345334,0.364088,21.140223,-0.315097,0.0,0.98495,11.281259,1.0,53.20979,0.0265,0
2.169946,9.10948,2.851924,0.122063,0.348114,0.295965,0.074696,19.11019,1.0,0.0,0.999817,11.85535,0.0,0.0,0.0253,0
1.930753,15.382122,4.348102,0.10884,0.473248,0.324789,0.046609,19.346803,1.0,0.0,0.994365,11.250778,0.0,0.0,0.0232,0
2.701494,25.172401,12.0,0.0,0.496782,0.089625,0.027084,-15.277911,1.0,0.0,0.78662,9.855123,0.0,0.0,0.1803,0
3.588041,3.620509,1.052945,0.172631,0.181771,0.38264,0.03372,-32.151274,1.0,0.0,0.990779,10.612445,0.0,0.0,0.3024,0
1.457531,12.191361,12.0,0.0,0.314411,0.102575,0.041156,18.212541,1.0,0.0,0.839545,11.989993,0.0,0.0,0.0386,0
3.596191,18.654223,12.0,0.0,0.395222,0.296704,0.035972,-7.15622,1.0,0.0,0.997081,12.308126,0.0,0.0,0.0603,0
1.616856,8.189294,12.0,0.0,0.21687,1.069942,0.089436,16.370637,1.0,0.0,0.998991,10.488785,0.0,0.0,0.0412,0
-2.656861,-2.656861,-1.055613,0.115665,-0.122098,0.600705,0.039816,-4.835316,1.0,16.0,0.999997,11.065225,0.0,0.0,0.7211,1
4.170956,10.41972,4.415651,0.063192,0.279034,0.117099,0.060327,-18.490525,1.0,0.0,0.937951,10.383725,0.0,0.0,0.1226,0
2.763223,8.737207,5.331722,0.046697,0.248974,0.110706,0.015931,17.952771,1.0,0.0,0.917509,10.705723,0.0,0.0,0.0219,0
1.061316,1.28435,12.0,0.0,-0.107332,0.594632,0.053664,-5.134906,1.0,0.0,0.999749,11.137325,0.0,0.0,0.1948,0
1.848073,4.575736,2.475693,0.039557,0.097932,0.729807,0.039117,13.413725,1.0,0.0,0.995451,10.060746,0.0,0.0,0.0381,0
2.115885,5.5807,2.627104,0.050031,0.131436,0.730094,0.043649,10.088003,1.0,0.0,0.994903,10.893195,0.0,0.0,0.0239,0
3.222792,7.864748,12.0,0.0,0.165484,0.298324,0.090651,2.972528,1.0,0.0,0.999209,11.580277,0.0,0.0,0.0281,0
4.43826,14.707212,3.367843,0.130216,0.438549,0.306745,0.064182,-3.765822,1.0,0.0,0.999152,10.874142,0.0,0.0,0.0553,0
1.6531,1.6531,0.264823,0.133799,0.035433,0.316146,0.031384,-7.192966,1.0,0.0,0.999769,11.016803,0.0,0.0,0.24,0
1.307732,5.329475,12.0,0.0,0.147503,0.60254,0.032707,25.165345,1.0,0.0,0.996603,11.09382,0.0,0.0,0.0557,0
0.426265,0.866089,12.0,0.0,-0.009047,0.605414,0.036454,-4.642079,1.0,0.0,0.999888,11.04922,0.0,0.0,0.1959,0
0.682045,12.746756,8.075392,0.048675,0.393071,0.306023,0.069639,-7.907147,1.0,0.0,0.999798,11.226658,0.0,0.0,0.7983,0
2.832862,6.961776,12.0,0.0,0.146078,0.369335,0.074321,45.578088,1.0,0.0,0.986753,11.160746,0.0,0.0,0.0876,1
3.95757,6.627123,1.827157,0.117548,0.214779,1.072717,0.043885,40.188907,1.0,0.0,0.995794,10.615646,0.0,0.0,0.0225,0
3.621173,17.960349,4.818302,0.096072,0.462903,0.727267,0.05533,7.063713,1.0,0.0,0.99159,10.649422,0.0,0.0,0.0268,0
3.632409,17.244174,12.0,0.0,0.367355,1.073519,0.030493,13.541629,1.0,0.0,0.999457,11.820792,0.0,0.0,0.0234,0
2.349471,15.015717,12.0,0.0,0.350246,1.089273,0.036254,28.326029,1.0,0.0,0.997554,10.5786,0.0,0.0,0.0227,0
-0.791581,5.783051,4.088434,0.060643,0.247934,0.723946,0.037683,-4.681619,1.0,5.0,0.999822,10.180708,0.0,0.0,0.688,1
0.308689,2.825086,12.0,0.0,0.098368,0.600654,0.044385,13.47067,1.0,0.0,0.99905,11.736326,0.0,0.0,0.2771,0
3.978018,13.352433,12.0,0.025156,0.335643,0.607003,0.051684,-9.952598,1.0,0.0,0.998953,10.99754,0.0,0.0,0.0513,0
2.953547,10.748519,12.0,0.0,0.253856,0.082781,0.053451,-10.617756,1.0,0.0,0.799223,10.763019,0.0,0.0,0.0783,0
4.629146,11.999729,12.0,0.0,0.258346,0.608537,0.064118,-1.723044,1.0,0.0,0.999727,10.638534,0.0,0.0,0.0265,0
1.287916,3.737368,12.0,0.0,0.057721,0.766508,0.077307,-25.726555,1.0,0.0,0.969479,10.456957,0.0,0.0,0.2673,1
1.763796,9.605452,5.314666,0.06171,0.327969,0.595451,0.050086,14.268657,1.0,0.0,0.999099,10.999951,0.0,0.0,0.0715,0
-2.249258,-2.249258,12.0,0.0,-0.262864,1.166406,0.049222,-25.538449,1.0,6.0,0.997244,10.012612,0.0,0.0,0.2941,0
1.320755,8.008147,3.512041,0.069436,0.243863,0.365699,0.48448,9.211986,-0.152448,0.0,0.963826,10.576745,1.0,53.97541,0.1629,0
2.292775,4.461094,1.093418,0.218788,0.239227,0.389163,0.411153,-1.819779,0.007169,0.0,0.948975,10.25051,1.0,55.33871,0.2139,0
3.43158,9.417418,4.186542,0.067789,0.283803,0.413143,0.049433,-43.491864,1.0,0.0,0.986012,10.030503,0.0,0.0,0.4933,0
3.008657,13.999874,3.708704,0.120531,0.447013,0.123986,0.144273,-12.19034,1.0,0.0,0.82432,11.137722,0.0,0.0,0.0482,0
1.586683,2.528189,1.344869,0.132005,0.177529,0.639787,0.086995,-16.35804,1.0,0.0,0.998221,10.996028,0.0,0.0,0.1951,0
-2.475924,-2.475924,-4.136589,0.049395,-0.204327,0.73116,0.05646,-18.889155,1.0,12.0,0.99322,10.272082,0.0,0.0,0.5148,1
3.738531,14.211031,12.0,0.0,0.312829,0.050292,0.045821,-3.759745,1.0,0.0,0.814855,11.109281,0.0,0.0,0.0366,0
5.805634,11.389759,7.462756,0.032914,0.245632,0.638537,0.076174,-25.805264,1.0,0.0,0.99571,10.312107,0.0,0.0,0.1521,0
3.067559,8.501774,4.675127,0.051556,0.24103,0.074872,0.050339,9.322508,1.0,0.0,0.978296,12.309548,0.0,0.0,0.0258,0
2.673771,16.607856,12.0,0.0,0.375203,0.126403,0.070143,18.60778,1.0,0.0,0.599449,12.173162,0.0,0.0,0.0249,0
-4.941515,-4.941515,-1.129233,0.140667,-0.158846,1.130346,0.040609,-8.21961,1.0,17.0,0.99982,10.480533,0.0,0.0,0.6253,0
0.086704,3.897539,2.700524,0.079867,0.215682,0.329263,0.027011,31.236987,1.0,0.0,0.998184,11.00734,0.0,0.0,0.3779,0
1.394485,12.34753,12.0,0.0,0.32138,0.057381,0.023144,9.873109,1.0,0.0,0.958598,11.727708,0.0,0.0,0.0522,0
2.357999,18.555723,11.756051,0.03835,0.45084,0.041959,0.0517,4.090572,1.0,0.0,0.657521,10.780746,0.0,0.0,0.0228,0
2.034785,2.036367,-1.106218,0.056184,-0.062152,0.679587,0.033929,-40.031426,1.0,0.0,0.990522,10.220451,0.0,0.0,0.3591,0
0.461569,0.538912,0.853875,0.092229,0.078752,0.083288,0.09806,4.193797,1.0,0.0,0.872847,10.91425,0.0,0.0,0.4028,0
3.416347,10.133251,12.0,0.0,0.223265,0.132784,0.027592,21.659921,1.0,0.0,0.998087,11.618667,0.0,0.0,0.0218,0
0.552176,0.552176,0.729918,0.149312,0.108986,0.06883,0.059492,-6.904675,1.0,0.0,0.986435,10.947732,0.0,0.0,0.1726,0
3.9384,11.210338,2.872841,0.131227,0.376995,0.140167,0.026372,-23.416986,1.0,0.0,0.967476,10.470657,0.0,0.0,0.1676,0
1.405262,2.530569,12.0,0.0,0.039428,1.076465,0.032763,12.661235,1.0,0.0,0.999497,10.191701,0.0,0.0,0.0362,0
0.969,13.162699,12.0,0.0,0.34822,0.076393,0.026806,-13.192943,1.0,0.0,0.898554,11.194163,0.0,0.0,0.8343,1
4.127123,23.649295,12.0,0.0,0.458656,0.039954,0.041472,-2.062901,1.0,0.0,0.863781,11.611666,0.0,0.0,0.0253,0
2.812126,4.725349,12.0,0.0,0.0386,0.763885,0.061546,18.201862,1.0,0.0,0.985712,11.19612,0.0,0.0,0.0744,0
1.790404,5.630072,12.0,0.0,0.068448,0.424334,0.431086,16.541126,-0.109812,0.0,0.762692,10.636895,1.0,55.090226,0.0313,0
1.532608,6.485692,12.0,0.0,0.174621,1.122489,0.03425,-3.013707,1.0,0.0,0.999987,10.750021,0.0,0.0,0.0825,0
1.643608,2.151158,1.374593,0.061448,0.084467,0.100147,0.056991,-16.124914,1.0,0.0,0.734047,10.604725,0.0,0.0,0.1419,0
0.774426,3.833824,1.679192,0.165097,0.277229,1.078479,0.027738,8.505636,1.0,0.0,0.999794,11.010636,0.0,0.0,0.0998,0
3.427096,5.997709,1.782439,0.127483,0.227231,0.317631,0.046555,-13.683016,1.0,0.0,0.998484,10.51344,0.0,0.0,0.0881,0
2.16719,8.837846,12.0,0.0,0.235184,0.59855,0.026604,18.170784,1.0,0.0,0.998271,11.052857,0.0,0.0,0.0261,0
3.241551,10.899585,3.165134,0.115173,0.364539,0.033905,0.033696,3.688984,1.0,0.0,0.927116,11.190342,0.0,0.0,0.0226,0
0.31052,3.104133,12.0,0.0,0.105864,0.082732,0.035856,12.512784,1.0,0.0,0.895884,11.094814,0.0,0.0,0.3183,0
1.291033,1.961821,0.358321,0.115713,0.041462,0.730947,0.037719,11.97622,1.0,0.0,0.998902,10.756635,0.0,0.0,0.1374,0
-1.067692,-1.067692,0.218436,0.269998,0.058977,1.148098,0.025197,-23.47278,1.0,3.0,0.997563,11.142833,0.0,0.0,0.1614,0
1.10076,5.316365,2.868164,0.08355,0.239635,0.036364,0.033022,-2.531905,1.0,0.0,0.965185,10.654588,0.0,0.0,0.1461,0
3.104623,28.994499,12.0,0.0,0.527378,0.303513,0.039144,3.417059,1.0,0.0,0.999983,10.806757,0.0,0.0,0.023,0
4.734238,13.474152,3.6688,0.104081,0.381853,0.081065,0.051568,-12.437998,1.0,0.0,0.65953,11.021597,0.0,0.0,0.0674,0
1.015627,4.735053,2.997791,0.058485,0.175327,0.725036,0.015845,-5.567051,1.0,0.0,0.998973,10.498312,0.0,0.0,0.0682,0
4.213621,8.08566,12.0,0.0,0.137794,1.092769,0.037019,22.603457,1.0,0.0,0.998407,10.483817,0.0,0.0,0.0239,0
0.928252,1.31733,1.119065,0.107802,0.120638,0.09079,0.102248,8.491517,1.0,0.0,0.973878,10.356376,0.0,0.0,0.1561,1
2.581657,14.989228,12.0,0.022737,0.399187,0.623969,0.474414,1.013997,1.0,0.0,0.986948,11.062934,0.0,0.0,0.5694,0
3.234595,9.03738,12.0,0.0,0.199679,0.306211,0.085697,9.095697,1.0,0.0,0.999281,10.735413,0.0,0.0,0.0273,0
2.698121,11.600112,10.131931,0.030191,0.305893,0.179577,0.041334,30.794919,1.0,0.0,0.50115,10.785238,0.0,0.0,0.0238,0
2.128717,8.94344,12.0,0.0,0.229619,0.084637,0.093273,-3.315258,1.0,0.0,0.688381,10.742411,0.0,0.0,0.042,0
2.091878,14.923124,6.843132,0.061524,0.421017,0.047389,0.03777,-5.639262,1.0,0.0,0.973581,10.488587,0.0,0.0,0.0692,0
2.071584,15.233987,5.265679,0.084578,0.445362,0.126698,0.038288,21.586621,1.0,0.0,0.555597,10.98767,0.0,0.0,0.0233,0
2.643963,17.68743,12.0,0.0,0.392653,0.138112,0.092101,21.929994,1.0,0.0,0.713232,10.814977,0.0,0.0,0.0251,0
1.086722,2.027719,0.945897,0.225845,0.213626,0.73854,0.017021,-10.808777,1.0,0.0,0.998226,11.254922,0.0,0.0,0.0917,0
0.715312,13.613986,4.629356,0.097828,0.452883,0.156412,0.057063,19.178927,1.0,0.0,0.772225,11.545278,0.0,0.0,0.1477,0
1.015068,9.611282,12.0,0.0,0.268196,0.265393,0.084719,13.083451,1.0,0.0,0.983342,11.519646,0.0,0.0,0.0817,0
1.181423,9.307454,12.0,0.0,0.25839,0.138254,0.05084,22.13752,1.0,0.0,0.881568,11.166568,0.0,0.0,0.0485,0
1.622377,9.762791,12.0,0.0,0.25791,0.125436,0.040762,20.616575,1.0,0.0,0.469901,10.877931,0.0,0.0,0.0246,0
3.549822,15.638782,12.0,0.030399,0.387671,0.6201,0.087931,22.291518,1.0,0.0,0.999105,10.854817,0.0,0.0,0.0266,0
2.712085,7.667314,12.0,0.0,0.201767,0.613846,0.084988,-7.511891,1.0,0.0,0.999591,10.631891,0.0,0.0,0.0322,0
-1.46745,4.650378,12.0,0.0,0.158769,0.405485,0.460087,-7.321616,0.069029,5.0,0.923934,10.608855,1.0,55.48062,0.9983,1
4.055503,10.852826,2.986709,0.114969,0.34338,0.323107,0.056919,-8.499507,1.0,0.0,0.998423,10.070073,0.0,0.0,0.0507,0
2.125677,7.966831,12.0,0.0,0.203121,0.029936,0.040607,-2.44326,1.0,0.0,0.642771,11.351918,0.0,0.0,0.0271,0
1.813063,5.285373,1.882688,0.099999,0.188267,0.716547,0.068206,-10.758156,1.0,0.0,0.986743,10.365035,0.0,0.0,0.1092,0
0.706943,0.899725,-0.404738,0.107268,-0.043415,0.599131,0.067263,0.104327,1.0,0.0,0.999931,10.265196,0.0,0.0,0.2297,0
1.162952,1.162952,-0.088401,0.031272,-0.002765,0.102803,0.079872,-10.928759,1.0,0.0,0.837949,11.587433,0.0,0.0,0.1796,1
2.848798,15.020808,12.0,0.0,0.342829,0.294621,0.032824,6.128125,1.0,0.0,0.995598,11.000812,0.0,0.0,0.0244,0
3.09326,4.585574,1.449214,0.120629,0.174817,0.606943,0.077218,1.923677,1.0,0.0,0.999165,10.889295,0.0,0.0,0.027,0
1.420314,1.727383,1.13434,0.094706,0.107429,0.042473,0.045948,1.586956,1.0,0.0,0.991265,11.386245,0.0,0.0,0.0901,0
3.4988,11.527108,12.0,0.020851,0.279156,0.283865,0.048013,-0.128506,1.0,0.0,0.999655,10.975556,0.0,0.0,0.0249,0
3.734433,5.594086,1.656422,0.108353,0.179479,0.087326,0.083472,12.102377,1.0,0.0,0.833865,11.001552,0.0,0.0,0.0367,1
2.09184,3.0624,1.190496,0.178638,0.212668,0.600093,0.057946,-2.587928,1.0,0.0,0.999728,10.525449,0.0,0.0,0.0264,0
0.099278,1.350708,0.568616,0.055685,0.031663,0.378906,0.440955,-4.179831,-0.122876,0.0,0.721061,10.620739,1.0,56.410072,0.1289,0
0.940145,0.940145,12.0,0.0,-0.009684,1.134206,0.076362,-20.775353,1.0,0.0,0.997398,10.57666,0.0,0.0,0.6776,1
1.59291,1.59291,0.323876,0.028835,0.009339,0.097578,0.057647,-16.704365,1.0,0.0,0.809124,11.031485,0.0,0.0,0.1645,0
3.735175,35.412553,12.0,0.0,0.576191,0.638443,0.676905,-20.710986,1.0,0.0,0.898953,11.290337,0.0,0.0,0.2237,0
1.658101,2.007072,12.0,0.0,-0.033413,0.631904,0.038236,-15.261047,1.0,0.0,0.998007,10.821687,0.0,0.0,0.1253,0
1.081201,1.276973,0.111645,0.107875,0.012044,0.428996,0.419428,26.361187,0.03186,0.0,0.97218,11.234854,1.0,57.173228,0.0805,0
2.933499,16.230523,12.0,0.0,0.350369,0.750148,0.049489,4.488934,1.0,0.0,0.999618,10.648337,0.0,0.0,0.0248,0
2.176527,3.230383,1.290902,0.154787,0.199815,0.042833,0.02302,-6.643186,1.0,0.0,0.907678,10.871702,0.0,0.0,0.0459,0
3.320849,16.155262,12.0,0.0,0.360087,0.108296,0.057614,-15.883164,1.0,0.0,0.968588,10.543125,0.0,0.0,0.1152,0
4.182902,28.534331,12.0,0.0,0.503439,0.729115,0.025641,-0.491005,1.0,0.0,0.999126,10.743083,0.0,0.0,0.0221,0
2.082311,15.606608,12.0,0.0,0.390866,0.603441,0.031969,-9.675581,1.0,0.0,0.999749,9.61284,0.0,0.0,0.7182,0
2.273141,5.764965,1.715309,0.143262,0.245739,0.752166,0.028286,22.097619,1.0,0.0,0.984616,10.484479,0.0,0.0,0.0257,0
-0.558152,6.684673,8.157867,0.028882,0.235614,0.731418,0.047803,-6.825802,1.0,3.0,0.996725,10.960813,0.0,0.0,0.7767,1
-3.67016,-3.67016,-0.444896,0.172304,-0.076657,0.626726,0.020978,-19.960385,1.0,17.0,0.997976,9.61951,0.0,0.0,0.9286,1
2.869262,7.388301,2.01593,0.178879,0.360607,0.605295,0.10864,3.16523,1.0,0.0,0.999689,10.349827,0.0,0.0,0.0273,0
2.657318,6.132475,1.949313,0.131458,0.256252,1.113227,0.070381,32.572463,1.0,0.0,0.99766,11.17489,0.0,0.0,0.025,0
1.960287,5.250454,12.0,0.0,0.127082,0.089083,0.041838,-10.580571,1.0,0.0,0.91152,11.252442,0.0,0.0,0.0595,0
1.108257,7.688012,12.0,0.0,0.22045,0.091608,0.043816,14.352932,1.0,0.0,0.675472,10.578656,0.0,0.0,0.0584,1
-0.054334,4.019679,1.970786,0.140023,0.275955,0.732814,1.065215,14.048703,1.0,2.0,0.862975,10.781394,0.0,0.0,0.9073,1
0.775943,4.813232,12.0,0.0,0.115196,0.723994,0.043404,2.359388,1.0,0.0,0.997765,10.811955,0.0,0.0,0.025,0
4.919308,6.716536,12.0,0.0,0.074228,1.15998,0.050203,-30.556561,1.0,0.0,0.996439,10.22811,0.0,0.0,0.2544,1
0.891858,2.242867,1.189879,0.280063,0.333242,1.138016,0.021014,-17.317836,1.0,0.0,0.998685,10.354462,0.0,0.0,0.7433,1
2.485549,7.609687,3.617769,0.074682,0.270181,0.607834,0.044115,11.136567,1.0,0.0,0.999363,10.402895,0.0,0.0,0.0274,0
2.482514,10.800217,12.0,0.0,0.266543,0.066335,0.039112,-9.98646,1.0,0.0,0.835204,10.846677,0.0,0.0,0.0608,0
2.376398,3.091345,12.0,0.0,-0.018919,0.719684,0.04332,-16.264782,1.0,0.0,0.991703,11.526552,0.0,0.0,0.1455,1
1.806989,2.073099,0.975422,0.109059,0.106379,0.285899,0.040848,6.911194,1.0,0.0,0.999962,10.790303,0.0,0.0,0.1119,0
2.866558,19.313962,12.0,0.029393,0.44745,0.081674,0.076639,-8.275188,1.0,0.0,0.729778,10.564434,0.0,0.0,0.0562,0
0.622174,4.360055,12.0,0.0,0.139258,0.060482,0.073524,-0.696229,1.0,0.0,0.666304,11.143442,0.0,0.0,0.1716,0
3.71299,5.157731,12.0,0.0,0.060876,0.100066,0.07339,-12.535806,1.0,0.0,0.95047,11.486276,0.0,0.0,0.1324,0
2.424573,6.718683,12.0,0.0,0.157313,0.045778,0.056036,2.393858,1.0,0.0,0.57214,10.950747,0.0,0.0,0.0245,0
0.574114,3.102971,4.550961,0.025355,0.115389,0.593251,0.059457,13.577627,1.0,0.0,0.998898,9.755808,0.0,0.0,0.113,0
3.674506,14.664779,12.0,0.0,0.318334,1.092773,0.063287,14.1161,1.0,0.0,0.999302,10.041162,0.0,0.0,0.0262,0
3.57453,16.195889,9.921369,0.041947,0.416175,0.620262,0.068701,9.358096,1.0,0.0,0.998678,10.765571,0.0,0.0,0.0254,0
1.749299,16.240553,12.0,0.0,0.389631,0.124176,0.054303,-19.915857,1.0,0.0,0.876753,11.220967,0.0,0.0,0.7246,1
3.519079,6.159705,12.0,0.0,0.102109,0.067709,0.064159,6.313561,1.0,0.0,0.898309,10.323495,0.0,0.0,0.048,0
4.517793,17.22781,12.0,0.027208,0.403036,0.633951,0.050551,-19.357745,1.0,0.0,0.997234,10.333125,0.0,0.0,0.1228,0
3.748343,15.612104,5.521877,0.075087,0.414622,0.079566,0.076291,7.517495,1.0,0.0,0.984993,10.696758,0.0,0.0,0.0258,0
0.469023,1.818052,12.0,0.0,0.046605,0.600664,0.063527,5.800973,1.0,0.0,0.999879,10.816136,0.0,0.0,0.2163,0
0.261624,23.923114,12.0,0.028415,0.514433,0.330101,0.364506,27.165588,0.390942,0.0,0.930243,10.822453,1.0,55.308943,0.0389,0
4.424167,17.717394,12.0,0.0,0.36665,0.323092,0.0219,-14.494586,1.0,0.0,0.997897,10.439996,0.0,0.0,0.0828,0
2.298931,5.808787,1.918624,0.171603,0.329242,0.636191,0.024836,-21.069436,1.0,0.0,0.998408,10.463927,0.0,0.0,0.449,1
-2.551621,-2.522066,-0.474436,0.09304,-0.044141,0.659207,0.030212,-33.190689,1.0,15.0,0.993836,10.281029,0.0,0.0,0.9983,1
3.92252,10.092416,12.0,0.0,0.232968,0.599288,0.045288,11.685865,1.0,0.0,0.999342,11.497219,0.0,0.0,0.0238,0
-1.414752,-1.414752,-0.314948,0.147136,-0.04634,1.135923,0.024411,-15.94314,1.0,5.0,0.999108,10.200722,0.0,0.0,0.1024,0
-0.543598,1.496766,1.447319,0.114295,0.165421,0.762437,1.134664,44.002589,1.0,2.0,0.915099,10.927665,0.0,0.0,0.9155,1
2.575169,4.566485,12.0,0.0,0.089484,0.618345,0.0782,0.128659,1.0,0.0,0.999472,11.363632,0.0,0.0,0.0385,0
0.680805,8.666308,4.493912,0.073183,0.32888,0.056846,0.05964,3.205774,1.0,0.0,0.668417,11.175239,0.0,0.0,0.1519,0
0.387733,1.979252,1.414911,0.152332,0.215536,0.308913,0.051182,-2.172861,1.0,0.0,0.994764,11.240996,0.0,0.0,0.2157,1
2.215723,3.863274,2.052812,0.067684,0.138943,0.416007,0.029748,-41.70018,1.0,0.0,0.977114,10.240336,0.0,0.0,0.55,0
0.123114,8.402275,7.188207,0.041345,0.297196,0.789542,0.862634,44.861605,1.0,0.0,0.994839,11.41677,0.0,0.0,0.8749,0
0.83043,12.466326,12.0,0.0,0.298719,0.403065,0.321289,-2.480155,-0.216705,0.0,0.892758,10.675746,1.0,54.179104,0.0432,0
1.742831,21.124875,12.0,0.0,0.425658,0.450141,0.588964,23.808584,0.219109,0.0,0.879673,11.739099,1.0,55.193277,0.0244,0
3.241877,3.573947,1.234606,0.216794,0.267655,0.675395,0.061264,-35.197138,1.0,0.0,0.993318,9.658715,0.0,0.0,0.2961,0
1.180217,16.604659,12.0,0.01863,0.417741,0.141087,0.035488,23.01339,1.0,0.0,0.916491,10.942285,0.0,0.0,0.0801,0
1.459968,7.015145,5.241461,0.045437,0.238156,0.307425,0.081598,-7.226993,1.0,0.0,0.99228,10.465763,0.0,0.0,0.0923,0
1.192329,6.490997,12.0,0.0,0.14998,0.721471,0.078457,-12.480531,1.0,0.0,0.97674,10.307839,0.0,0.0,0.0857,0
1.31828,1.456114,-1.663411,0.048065,-0.079952,0.74274,0.102041,5.135198,1.0,0.0,0.983902,11.065056,0.0,0.0,0.3416,0
1.224338,3.958025,2.2424,0.076354,0.171215,0.35755,0.06611,28.28874,1.0,0.0,0.99538,10.999658,0.0,0.0,0.1218,0
-0.147736,-0.147736,12.0,0.0,-0.13104,1.123019,0.040049,-15.804095,1.0,1.0,0.998891,10.621488,0.0,0.0,0.0781,0
2.779557,5.749166,12.0,0.0,0.077279,0.726798,0.022795,2.578224,1.0,0.0,0.999234,9.957666,0.0,0.0,0.0234,0
-3.357835,-3.188682,-4.850835,0.045894,-0.222625,0.544129,0.562899,-14.307316,0.071114,22.0,0.97234,10.399618,1.0,52.691176,0.9404,1
3.31024,6.604295,12.0,0.0,0.147628,0.748685,0.815309,-28.013977,1.0,0.0,0.744528,9.915104,0.0,0.0,0.5162,0
3.610196,9.486807,2.913723,0.10575,0.308126,0.293477,0.049323,-8.570319,1.0,0.0,0.99993,10.553488,0.0,0.0,0.0521,0
-1.581522,1.557546,1.317224,0.121648,0.160238,0.463711,0.604705,14.632033,-0.171768,10.0,0.991879,11.297203,1.0,57.529851,0.7689,0
1.632554,5.516876,2.164421,0.126066,0.27286,0.351074,0.030485,-25.943499,1.0,0.0,0.991437,10.951444,0.0,0.0,0.6617,1
4.159582,9.514149,2.135151,0.172164,0.367596,0.184413,0.071509,-29.456643,1.0,0.0,0.833287,10.620535,0.0,0.0,0.2627,0
1.253623,4.408197,1.822847,0.144571,0.26353,0.315115,0.052202,-7.224998,1.0,0.0,0.998243,9.690343,0.0,0.0,0.1138,0
-0.809128,3.517041,12.0,0.0,0.095583,0.350183,0.479258,11.434611,-0.227602,5.0,0.668594,9.994709,1.0,55.242424,0.5852,1
3.552237,4.014998,12.0,0.0,-0.007528,0.790785,0.852475,-24.148879,1.0,0.0,0.946269,10.557993,0.0,0.0,0.5517,1
1.265044,6.695611,4.145322,0.059292,0.245784,0.286437,0.075381,11.956472,1.0,0.0,0.99779,10.768293,0.0,0.0,0.0475,0
1.799076,11.850641,12.0,0.0,0.303271,0.071228,0.096052,2.703752,1.0,0.0,0.890631,10.970941,0.0,0.0,0.0336,0
1.582535,7.399014,4.537152,0.044799,0.203258,0.780527,0.049544,20.87901,1.0,0.0,0.98585,10.891154,0.0,0.0,0.0271,0
2.304275,7.123718,2.615474,0.106666,0.278982,0.074115,0.04393,9.78918,1.0,0.0,0.783095,11.74211,0.0,0.0,0.0249,0
1.869337,13.260709,12.0,0.0,0.33183,0.346624,0.060799,-20.863278,1.0,0.0,0.992827,10.776526,0.0,0.0,0.5103,1
0.465922,3.65291,2.082144,0.112948,0.235174,0.054847,0.06466,-2.076347,1.0,0.0,0.882421,11.44132,0.0,0.0,0.3299,0
4.496005,5.381763,1.355834,0.095364,0.129298,1.086179,0.026085,-14.695397,1.0,0.0,0.99925,10.221173,0.0,0.0,0.0543,0
3.132716,9.124877,2.846672,0.123129,0.350507,0.598029,0.027681,2.88525,1.0,0.0,0.999958,11.379902,0.0,0.0,0.0218,0
2.24727,9.644076,12.0,0.0,0.242427,0.044083,0.02879,6.833578,1.0,0.0,0.857253,10.447639,0.0,0.0,0.0221,0
2.249689,2.249689,0.594567,0.11132,0.066187,0.315734,0.04358,0.875029,1.0,0.0,0.999871,11.565565,0.0,0.0,0.1576,0
1.050449,1.050449,-3.635161,0.029733,-0.108083,0.713285,0.035996,-9.148086,1.0,0.0,0.999274,11.464594,0.0,0.0,0.1951,0
1.011809,6.079477,12.0,0.0,0.175419,0.335448,0.10439,17.908025,1.0,0.0,0.98557,10.970303,0.0,0.0,0.096,0
2.634041,4.818635,1.862744,0.098986,0.184386,0.036242,0.016832,5.751952,1.0,0.0,0.984628,11.347606,0.0,0.0,0.0217,0
0.141874,1.388717,0.768888,0.158118,0.121575,0.73922,0.07208,-0.922183,1.0,0.0,0.993913,11.288889,0.0,0.0,0.0396,0
4.575795,7.355712,12.0,0.0,0.104791,1.09004,0.040487,-3.397903,1.0,0.0,0.999964,9.857137,0.0,0.0,0.0367,0
2.239944,6.146164,12.0,0.0,0.152023,0.408238,0.062678,-32.863993,1.0,0.0,0.994847,10.489419,0.0,0.0,0.3543,1
1.843858,12.361724,6.693214,0.05476,0.366518,0.304059,0.041423,10.784297,1.0,0.0,0.999784,11.047549,0.0,0.0,0.0247,0
2.324019,15.653381,12.0,0.0,0.337503,0.496099,0.625749,15.92491,-0.098054,0.0,0.681013,10.28991,1.0,54.035211,0.0938,0
3.428314,5.725443,2.555725,0.058298,0.148994,0.320363,0.075876,-13.45418,1.0,0.0,0.996551,10.398528,0.0,0.0,0.0577,0
2.82875,18.878149,12.0,0.01534,0.418019,0.669934,0.870324,51.611454,1.0,0.0,0.797401,11.182908,0.0,0.0,0.2042,0
3.40139,8.979433,12.0,0.0,0.195367,0.028457,0.032808,-0.466231,1.0,0.0,0.890766,11.323996,0.0,0.0,0.0282,0
-1.391132,1.963772,1.480384,0.112182,0.166072,0.531331,0.444674,15.103164,0.274139,8.0,0.991308,11.636063,1.0,54.436508,0.1206,0
0.9071,9.719996,2.718145,0.161282,0.438388,0.038046,0.037203,1.651374,1.0,0.0,0.993863,10.7785,0.0,0.0,0.1949,0
0.791909,7.329115,2.948238,0.115099,0.339339,0.343829,0.068546,-18.063822,1.0,0.0,0.998713,9.946163,0.0,0.0,0.9502,1
-0.724686,18.555685,12.0,0.0,0.426365,0.379398,0.435048,21.10338,0.124568,2.0,0.77424,10.916645,1.0,53.713235,0.1005,0
1.829671,5.321119,2.041886,0.123649,0.252477,0.091769,0.047899,13.320603,1.0,0.0,0.889584,10.950004,0.0,0.0,0.0237,0
3.365564,7.821708,8.861179,0.021984,0.194808,0.604754,0.061201,20.356731,1.0,0.0,0.997591,10.647401,0.0,0.0,0.0243,0
1.714718,9.424943,12.0,0.0,0.259865,0.619741,0.01644,37.887461,1.0,0.0,0.994138,11.41853,0.0,0.0,0.0476,0
1.744808,6.662617,12.0,0.0,0.177928,0.058131,0.042484,-6.494736,1.0,0.0,0.70145,11.158243,0.0,0.0,0.067,0
3.576119,4.708999,12.0,0.0,0.048452,0.073219,0.041602,-11.329183,1.0,0.0,0.727322,11.794591,0.0,0.0,0.0992,0
2.679945,9.280454,12.0,0.0,0.224823,0.072675,0.013773,-12.492454,1.0,0.0,0.988899,11.602944,0.0,0.0,0.074,0
0.146323,3.069517,1.465632,0.234604,0.343843,1.057044,0.066564,9.930014,1.0,0.0,0.999653,10.915061,0.0,0.0,0.2424,0
2.291542,13.028863,12.0,0.0,0.32193,0.671191,0.02809,56.389041,1.0,0.0,0.985744,11.869462,0.0,0.0,0.0231,0
3.241876,19.557544,9.164937,0.049071,0.44973,0.745326,0.05064,10.819617,1.0,0.0,0.989755,10.644036,0.0,0.0,0.0244,0
2.308541,7.478281,8.827147,0.023924,0.211181,0.071851,0.040696,-9.719906,1.0,0.0,0.740929,9.716668,0.0,0.0,0.0659,1
5.402042,13.877882,5.539149,0.064,0.354505,0.608084,0.032623,1.26037,1.0,0.0,0.999925,10.1206,0.0,0.0,0.0241,0
5.447678,13.069645,11.281006,0.025672,0.289605,0.619894,0.088814,-2.166537,1.0,0.0,0.999807,10.364228,0.0,0.0,0.0692,0
1.349553,8.257785,2.990965,0.114677,0.342995,0.072041,0.034466,10.95253,1.0,0.0,0.923287,11.16184,0.0,0.0,0.0418,0
3.758109,7.634343,12.0,0.0,0.14565,0.032296,0.029724,-3.901446,1.0,0.0,0.932805,10.174335,0.0,0.0,0.0293,0
0.649257,11.73099,12.0,0.0,0.325183,0.070204,0.088737,-6.547242,1.0,0.0,0.857189,11.119898,0.0,0.0,0.5817,0
4.952635,11.540596,12.0,0.0,0.240314,0.595478,0.072968,-8.177202,1.0,0.0,0.999861,10.345682,0.0,0.0,0.1035,0
-1.632825,-0.147184,0.91327,0.152416,0.139197,0.737037,0.054095,13.047011,1.0,17.0,0.99937,10.86432,0.0,0.0,0.3372,0
0.632641,4.702389,1.951901,0.160589,0.313455,0.066884,0.088391,-1.965938,1.0,0.0,0.784828,12.108628,0.0,0.0,0.3026,0
-0.38514,3.915976,2.238517,0.07671,0.171718,0.363631,0.35098,16.985131,-0.201872,3.0,0.974854,11.298217,1.0,55.958042,0.2497,0
0.974506,9.170854,2.671038,0.160547,0.428826,0.682237,0.872446,-2.867696,1.0,0.0,0.841696,10.06365,0.0,0.0,0.9522,1
2.661032,3.61959,12.0,0.0,0.043331,0.097632,0.025055,-15.954917,1.0,0.0,0.869611,10.731168,0.0,0.0,0.1256,0
2.426853,11.147785,3.351191,0.118742,0.397927,0.120168,0.037848,-18.684931,1.0,0.0,0.798976,12.1336,0.0,0.0,0.1399,0
2.515527,11.143748,4.281952,0.082924,0.355078,0.048641,0.032764,6.354138,1.0,0.0,0.941282,10.307119,0.0,0.0,0.0228,0
3.024986,14.936086,5.846747,0.076246,0.445793,0.639625,0.041418,-23.273636,1.0,0.0,0.996835,9.982351,0.0,0.0,0.8782,1
0.384981,3.006528,2.667687,0.057834,0.154284,1.088348,0.044529,17.444464,1.0,0.0,0.999371,10.493664,0.0,0.0,0.1711,0
1.322766,7.574019,12.0,0.0,0.213313,0.317031,0.058939,-5.166692,1.0,0.0,0.997401,11.702028,0.0,0.0,0.1451,0
2.065381,2.116597,12.0,0.0,0.003488,0.060213,0.083878,-5.159629,1.0,0.0,0.575772,11.225274,0.0,0.0,0.1326,0
2.353256,12.880085,6.101669,0.061387,0.374561,0.052946,0.063804,3.767483,1.0,0.0,0.998264,10.412338,0.0,0.0,0.0236,0
1.063653,3.413582,2.621377,0.06002,0.157335,0.097654,0.018341,-17.014659,1.0,0.0,0.80067,11.279566,0.0,0.0,0.7892,0
-0.208023,-0.208023,0.23115,0.105736,0.024441,1.090498,0.074,-22.06977,1.0,2.0,0.998281,9.452774,0.0,0.0,0.7711,0
2.779532,9.82568,3.416998,0.094776,0.323848,0.165588,0.048204,28.563985,1.0,0.0,0.934432,10.768422,0.0,0.0,0.0226,0
2.928365,15.271431,5.841489,0.071955,0.420325,0.0648,0.064991,8.768196,1.0,0.0,0.978762,11.260166,0.0,0.0,0.0244,0
5.508247,9.059822,12.0,0.0,0.130995,1.122302,0.031756,-8.961474,1.0,0.0,0.999724,9.789581,0.0,0.0,0.05,0
1.22549,8.940103,12.0,0.0,0.246808,0.295192,0.068426,22.218246,1.0,0.0,0.998351,11.219546,0.0,0.0,0.0455,0
-0.307783,-0.307783,-0.426148,0.094311,-0.040191,0.304237,0.041971,-12.749357,1.0,2.0,0.998866,10.939057,0.0,0.0,0.5158,1
1.886075,6.065829,4.508035,0.034312,0.154681,0.746038,0.033128,16.469834,1.0,0.0,0.990121,11.081254,0.0,0.0,0.0224,1
1.650316,12.35199,12.0,0.0,0.3286,0.60449,0.07306,10.817294,1.0,0.0,0.999175,12.046337,0.0,0.0,0.1282,0
-2.08403,-2.08403,12.0,0.0,-0.115756,1.083144,0.055162,26.518499,1.0,15.0,0.997744,10.321054,0.0,0.0,0.3564,0
1.293131,1.960411,1.172128,0.091438,0.107177,1.091397,0.072488,15.856772,1.0,0.0,0.999279,10.817552,0.0,0.0,0.042,1
2.844791,32.561482,12.0,0.0,0.559174,0.243433,0.053533,41.457654,1.0,0.0,0.861401,11.239253,0.0,0.0,0.025,0
1.735743,3.288065,1.925326,0.073912,0.142306,0.342872,0.059201,-29.238928,1.0,0.0,0.988949,9.933597,0.0,0.0,0.5728,0
1.344273,6.105974,12.0,0.0,0.175765,0.388725,0.035622,-35.383661,1.0,0.0,0.989801,10.956724,0.0,0.0,0.9862,1
-0.532575,1.975316,12.0,0.0,0.056525,0.703207,0.040078,1.632478,1.0,4.0,0.998258,10.538124,0.0,0.0,0.165,1
3.968026,13.741154,9.253469,0.035826,0.331512,0.28426,0.064168,9.325378,1.0,0.0,0.999779,11.481783,0.0,0.0,0.0251,0
4.544414,10.794356,2.088089,0.201392,0.420525,0.153712,0.038362,-26.692755,1.0,0.0,0.918938,10.141457,0.0,0.0,0.2169,0
2.67546,14.582879,12.0,0.0,0.326128,0.807152,0.895496,-56.868188,1.0,0.0,0.772062,11.563667,0.0,0.0,0.4286,0
-2.489659,-2.489659,-0.07169,0.154577,-0.011082,0.152623,0.030764,-26.241216,1.0,14.0,0.870509,10.576565,0.0,0.0,0.9851,1
2.537729,18.454992,7.153403,0.066105,0.472873,0.105254,0.045558,17.388066,1.0,0.0,0.590645,11.038863,0.0,0.0,0.0222,0
-0.272374,-0.272374,0.681888,0.180315,0.122954,0.385631,0.050935,-38.765903,1.0,2.0,0.978442,10.469089,0.0,0.0,0.9808,1
1.876755,2.058972,0.520613,0.181618,0.094553,0.456648,0.563516,7.052154,-0.04885,0.0,0.808767,11.238204,1.0,52.333333,0.0713,0
2.982569,11.289055,5.27155,0.06066,0.31977,0.32504,0.037343,27.514094,1.0,0.0,0.998783,11.073074,0.0,0.0,0.0239,0
0.368789,3.776324,2.076123,0.116352,0.24156,0.103193,0.087405,17.055212,1.0,0.0,0.999195,10.87353,0.0,0.0,0.1791,0
0.430328,13.995334,12.0,0.0,0.356546,0.723615,0.041271,-1.891273,1.0,0.0,0.997149,10.917112,0.0,0.0,0.2874,1
4.922262,12.616235,12.0,0.0,0.247737,1.134234,0.053409,-1.266276,1.0,0.0,0.999993,10.227781,0.0,0.0,0.0273,0
1.555957,8.245333,12.0,0.0,0.220237,0.15822,0.048104,25.959576,1.0,0.0,0.805393,11.34861,0.0,0.0,0.0332,0
-3.016071,-2.987869,-2.602566,0.048262,-0.125606,0.640135,0.07167,-27.502884,1.0,18.0,0.995835,10.336635,0.0,0.0,0.9954,1
2.327008,13.275605,12.0,0.0,0.281423,0.358932,0.395115,8.272137,-0.184207,0.0,0.912323,11.222991,1.0,52.735294,0.0907,0
-0.657852,0.231105,0.424953,0.139855,0.059432,0.738495,0.072148,18.880592,1.0,5.0,0.984057,10.927902,0.0,0.0,0.1341,0
3.097355,7.650381,4.48743,0.046494,0.20864,0.122841,0.047108,21.008661,1.0,0.0,0.907544,11.315275,0.0,0.0,0.025,0
1.86748,3.192327,0.908663,0.193986,0.176268,0.719992,0.019612,-0.117444,1.0,0.0,0.999937,9.963884,0.0,0.0,0.0231,0
3.992673,11.998532,12.0,0.0,0.256352,0.309842,0.048906,-1.957903,1.0,0.0,0.999085,10.201212,0.0,0.0,0.0271,0
2.300331,11.289396,7.267549,0.04188,0.304362,0.769491,0.032117,27.484412,1.0,0.0,0.975424,10.713092,0.0,0.0,0.0234,0
1.174314,7.233746,12.0,0.0,0.209616,0.096963,0.100962,-12.342836,1.0,0.0,0.939731,11.962435,0.0,0.0,0.6467,1
3.086715,7.39111,12.0,0.0,0.171772,0.580182,0.060602,16.945529,1.0,0.0,0.99753,11.251126,0.0,0.0,0.0245,0
3.142887,14.687056,12.0,0.0,0.324221,0.684993,0.749929,-13.10159,1.0,0.0,0.630868,10.974521,0.0,0.0,0.7446,0
2.860509,2.860509,0.941384,0.08663,0.081552,0.068921,0.026955,-9.915741,1.0,0.0,0.952014,11.152247,0.0,0.0,0.0995,1
4.384513,19.961067,12.0,0.0,0.414425,0.604677,0.020894,28.022677,1.0,0.0,0.996592,10.55072,0.0,0.0,0.0222,0
3.464269,17.360141,12.0,0.0,0.374695,0.290169,0.017784,2.541599,1.0,0.0,0.999368,11.959972,0.0,0.0,0.0218,0
2.459242,18.65957,12.0,0.0,0.420378,0.744378,0.507303,-36.492316,1.0,0.0,0.960468,10.744679,0.0,0.0,0.3659,0
3.6951,15.522554,12.0,0.0,0.334505,0.310987,0.032844,20.299285,1.0,0.0,0.997666,11.285269,0.0,0.0,0.0224,0
1.208866,14.854741,3.712942,0.129291,0.480049,0.734788,0.027373,9.806359,1.0,0.0,0.995627,10.462725,0.0,0.0,0.022,0
-0.283202,6.289611,12.0,0.0,0.160257,0.487934,0.66391,33.776948,-0.07403,1.0,0.866716,11.153541,1.0,56.395522,0.0357,0
3.206443,10.816277,8.198451,0.035841,0.293843,0.591009,0.100812,25.888296,1.0,0.0,0.995113,10.668418,0.0,0.0,0.0273,0
3.281292,3.288838,2.137444,0.03255,0.069573,0.843973,0.884805,-53.730023,1.0,0.0,0.647396,9.693241,0.0,0.0,0.5327,0
-2.615274,-2.615274,-0.508035,0.203387,-0.103327,0.727444,0.050581,-11.149254,1.0,12.0,0.996696,9.422823,0.0,0.0,0.458,1
3.914315,8.566072,2.835348,0.098083,0.278098,0.600963,0.046179,19.887278,1.0,0.0,0.998396,10.775567,0.0,0.0,0.0237,0
2.391151,6.580727,2.718339,0.087956,0.239094,0.303865,0.077146,5.452978,1.0,0.0,0.996667,12.194249,0.0,0.0,0.0268,0
1.193153,2.43826,12.0,0.0,0.048066,1.081661,0.040106,-0.153695,1.0,0.0,0.999997,10.575348,0.0,0.0,0.1066,1
2.082546,16.142945,4.061679,0.122814,0.49883,0.293218,0.04355,13.338723,1.0,0.0,0.998641,10.032672,0.0,0.0,0.0233,0
-4.248598,-4.248598,-0.213573,0.211635,-0.045199,0.642649,0.087557,-22.69925,1.0,18.0,0.997361,10.947489,0.0,0.0,0.9784,1
4.59861,12.708574,12.0,0.0,0.278296,0.594982,0.036378,15.983998,1.0,0.0,0.99872,10.447044,0.0,0.0,0.0225,0
0.59873,3.015632,2.354092,0.079752,0.187743,0.588721,0.092099,1.487454,1.0,0.0,0.999889,11.197586,0.0,0.0,0.2365,1
1.95096,9.538388,3.759812,0.098925,0.371938,0.61073,0.063339,-3.232122,1.0,0.0,0.99977,10.586264,0.0,0.0,0.1795,0
0.735364,2.716159,12.0,0.0,0.072706,0.597211,0.045681,14.577979,1.0,0.0,0.999386,10.160391,0.0,0.0,0.1372,0
3.476269,11.244776,12.0,0.0,0.249627,0.291457,0.021289,11.008974,1.0,0.0,0.999315,11.133796,0.0,0.0,0.0225,0
1.17636,3.331081,2.111,0.075414,0.159198,0.072055,0.024925,11.460398,1.0,0.0,0.851649,10.665592,0.0,0.0,0.0529,0
0.302768,2.292815,12.0,0.0,0.08233,0.580301,0.076983,11.455576,1.0,0.0,0.997399,11.15522,0.0,0.0,0.3427,0
2.407856,15.554158,12.0,0.0,0.34544,0.730996,0.036619,13.280047,1.0,0.0,0.989904,11.291446,0.0,0.0,0.0239,0
3.629494,25.031576,12.0,0.0,0.482424,0.321896,0.026709,-12.902237,1.0,0.0,0.998182,11.655471,0.0,0.0,0.0578,0
3.18829,11.208491,12.0,0.0,0.259599,0.041152,0.04438,-3.745525,1.0,0.0,0.852296,10.979964,0.0,0.0,0.0332,0
1.308292,13.952723,4.851678,0.084877,0.411794,0.779145,0.892637,81.622425,1.0,0.0,0.949983,12.425076,0.0,0.0,0.179,0
1.184731,6.498022,12.0,0.0,0.199546,0.6012,0.019615,18.562835,1.0,0.0,0.998568,10.58031,0.0,0.0,0.1182,0
-1.525806,-1.525806,-0.252174,0.129183,-0.032577,0.102397,0.06998,-8.742057,1.0,10.0,0.954363,11.251845,0.0,0.0,0.5472,1
4.037544,11.098661,12.0,0.0,0.254974,0.596765,0.036038,1.979236,1.0,0.0,0.999827,10.554232,0.0,0.0,0.0261,0
1.695644,15.307326,4.359162,0.106132,0.462647,0.83529,1.014622,-26.942954,1.0,0.0,0.424809,10.982193,0.0,0.0,0.5509,1
1.345775,1.424801,12.0,0.0,-0.088836,0.39558,0.548312,13.848282,-0.073141,0.0,0.810533,10.748747,1.0,54.781955,0.2318,0
3.194945,14.898074,12.0,0.0,0.325316,0.747309,0.020777,20.426435,1.0,0.0,0.985453,11.554726,0.0,0.0,0.022,0
0.172204,3.173273,12.0,0.0,0.091023,0.729967,0.042659,-5.229948,1.0,0.0,0.995782,10.321222,0.0,0.0,0.1768,0
1.039045,20.196315,12.0,0.0,0.45175,0.12181,0.027389,20.674602,1.0,0.0,0.902398,10.861844,0.0,0.0,0.1267,0
0.994666,2.643671,1.680054,0.090181,0.151509,0.126179,0.041781,22.382166,1.0,0.0,0.972629,10.872261,0.0,0.0,0.1509,0
2.791454,6.758784,2.893305,0.07806,0.225853,0.071407,0.068972,-7.851118,1.0,0.0,0.987629,10.50486,0.0,0.0,0.0695,0
1.343416,7.321379,12.0,0.0,0.185816,0.735211,0.051422,8.355228,1.0,0.0,0.995195,10.836861,0.0,0.0,0.0246,0
-0.937092,0.347741,12.0,0.0,-0.004331,0.7213,0.021878,-9.782009,1.0,8.0,0.995766,10.554089,0.0,0.0,0.8249,1
1.847799,11.26462,12.0,0.0,0.294059,0.098172,0.06602,-15.7323,1.0,0.0,0.9579,11.157153,0.0,0.0,0.2913,0
2.448001,5.863299,1.892191,0.142293,0.269246,1.106057,0.042939,-2.888322,1.0,0.0,0.999939,10.321641,0.0,0.0,0.0256,0
3.947741,11.061015,6.718716,0.041131,0.276349,0.297846,0.037608,-5.98744,1.0,0.0,0.999234,11.057255,0.0,0.0,0.0434,0
1.069798,8.989821,12.0,0.0,0.238205,0.59831,0.828367,48.785907,1.0,0.0,0.821965,11.496216,0.0,0.0,0.1701,0
5.323916,17.496746,12.0,0.0,0.345926,1.192515,0.062113,-37.941894,1.0,0.0,0.993659,9.617536,0.0,0.0,0.37,0
0.947134,2.73716,1.510018,0.129959,0.19624,0.13574,0.083403,23.08489,1.0,0.0,0.807882,11.571631,0.0,0.0,0.0981,1
-0.391273,12.01136,12.0,0.0,0.330569,0.727153,0.066325,8.817365,1.0,4.0,0.998707,11.16317,0.0,0.0,0.2211,0
3.39526,14.913694,9.857942,0.040828,0.402475,0.654577,0.079662,-14.075295,1.0,0.0,0.999217,10.813077,0.0,0.0,0.3934,1
2.202179,15.903332,12.0,0.0,0.374591,0.332818,0.023218,-16.29978,1.0,0.0,0.994572,11.366071,0.0,0.0,0.2193,0
4.551396,8.899847,12.0,0.0,0.174882,0.610147,0.097633,20.551618,1.0,0.0,0.996331,10.91272,0.0,0.0,0.0273,0
1.646946,16.444476,12.0,0.0,0.380474,0.754743,0.110741,11.187422,1.0,0.0,0.987352,11.253528,0.0,0.0,0.0266,0
2.820429,15.50539,12.0,0.0,0.351147,0.307586,0.046879,11.49967,1.0,0.0,0.999813,10.673204,0.0,0.0,0.0234,0
1.71882,11.888827,3.629875,0.116274,0.422061,0.060407,0.06324,1.07442,1.0,0.0,0.692985,10.438907,0.0,0.0,0.0401,0
2.8275,5.577138,2.157023,0.07353,0.158606,0.780991,1.106915,-9.618084,1.0,0.0,0.728202,10.258486,0.0,0.0,0.4329,1
0.357754,1.184484,-0.054572,0.041365,-0.002257,0.439837,0.539641,16.486228,-0.136964,0.0,0.72059,10.682224,1.0,56.978261,0.1217,0
2.703192,7.645471,2.489158,0.117576,0.292665,0.104382,0.093474,12.055438,1.0,0.0,0.965288,11.394263,0.0,0.0,0.0251,0
-0.697186,-0.697186,0.392709,0.122192,0.047986,0.066568,0.065569,-6.032429,1.0,9.0,0.988234,11.156413,0.0,0.0,0.5094,1
3.010634,15.041329,12.0,0.0,0.357356,0.603766,0.070777,19.45323,1.0,0.0,0.997804,9.900207,0.0,0.0,0.0246,0
0.76126,1.081793,0.807917,0.101029,0.081623,0.122541,0.052069,19.243071,1.0,0.0,0.842484,10.972289,0.0,0.0,0.2597,0
0.445198,2.960619,2.092223,0.024081,0.050382,0.37998,0.446036,26.91111,0.358123,0.0,0.812424,10.848319,1.0,55.62,0.0433,0
0.982968,5.246894,2.772699,0.095577,0.265005,0.606162,0.085963,-0.258949,1.0,0.0,0.999891,10.758349,0.0,0.0,0.186,0
4.425035,8.750184,12.0,0.0,0.187721,0.619895,0.038614,-15.756776,1.0,0.0,0.998887,10.077815,0.0,0.0,0.0761,0
1.558814,7.130377,2.482905,0.126993,0.315311,0.185609,0.112991,32.989729,1.0,0.0,0.831049,11.117142,0.0,0.0,0.0264,0
0.511844,4.494413,12.0,0.0,0.144182,0.140728,0.090997,21.676824,1.0,0.0,0.570183,11.490072,0.0,0.0,0.2452,0
2.169736,5.263292,2.018787,0.12804,0.258486,0.601979,0.039886,6.818419,1.0,0.0,0.999705,11.892063,0.0,0.0,0.0241,0
1.577338,2.919617,1.258214,0.169961,0.213847,0.617929,0.079509,6.059644,1.0,0.0,0.998475,10.244567,0.0,0.0,0.0325,0
-0.406273,1.439234,1.098477,0.147517,0.162044,0.736167,0.027645,4.607748,1.0,6.0,0.99968,11.299468,0.0,0.0,0.0553,0
1.353312,6.363182,3.82859,0.060845,0.23295,0.62559,0.046486,31.785896,1.0,0.0,0.995606,12.079053,0.0,0.0,0.0284,0
0.721754,0.721754,12.0,0.0,-0.066632,0.052428,0.054304,-5.672018,1.0,0.0,0.820934,11.356984,0.0,0.0,0.1991,0
2.757954,10.111643,5.164804,0.057602,0.297501,0.099419,0.029026,16.592492,1.0,0.0,0.385951,11.052988,0.0,0.0,0.022,0
0.957124,4.134185,1.882047,0.134743,0.253593,1.103766,0.087393,8.26952,1.0,0.0,0.99984,10.626814,0.0,0.0,0.1122,0
0.454811,3.58435,12.0,0.0,0.121242,0.095091,0.073902,-14.04116,1.0,0.0,0.799043,10.112638,0.0,0.0,0.8326,1
-1.021649,-0.389914,0.723913,0.170845,0.123677,0.729364,0.112049,-11.733351,1.0,10.0,0.991273,10.579901,0.0,0.0,0.899,1
1.270317,5.777224,4.061337,0.052864,0.214699,0.110939,0.100499,10.830112,1.0,0.0,0.866838,11.317839,0.0,0.0,0.0466,0
3.241976,8.709454,2.675193,0.114252,0.305647,0.084563,0.06166,10.686743,1.0,0.0,0.980362,10.662165,0.0,0.0,0.0246,0
3.541075,13.389794,6.428443,0.05456,0.350733,0.300548,0.047621,16.829851,1.0,0.0,0.998958,10.599638,0.0,0.0,0.0236,1
1.111492,1.379098,0.113342,0.131789,0.014937,0.600202,0.026188,-3.760999,1.0,0.0,0.999858,10.113797,0.0,0.0,0.1142,0
2.947254,7.949939,3.56148,0.06999,0.249268,0.029536,0.027781,0.387778,1.0,0.0,0.895892,10.311916,0.0,0.0,0.0227,0
2.706481,11.121385,3.236569,0.116122,0.375838,0.622257,0.671608,-25.290956,1.0,0.0,0.974888,10.86443,0.0,0.0,0.4622,1
-0.766464,-0.338005,12.0,0.0,-0.052372,0.725287,0.017475,-9.085884,1.0,9.0,0.997521,10.798299,0.0,0.0,0.5866,1
1.814028,8.541166,12.0,0.0,0.208733,0.739948,0.094467,1.195498,1.0,0.0,0.999229,10.858661,0.0,0.0,0.0273,0
2.343951,10.218568,12.0,0.0,0.235953,0.826442,0.698438,69.916196,1.0,0.0,0.948159,10.80546,0.0,0.0,0.2434,0
-1.832915,-1.586536,0.331865,0.138867,0.046085,0.599993,0.031593,-2.220098,1.0,16.0,0.999971,10.971087,0.0,0.0,0.4709,0
3.230846,4.787408,2.308529,0.046431,0.107187,0.293659,0.032611,9.71885,1.0,0.0,0.999718,10.129143,0.0,0.0,0.0443,0
1.021669,12.656259,12.0,0.0,0.322245,0.713717,0.588767,76.282747,1.0,0.0,0.944262,10.428672,0.0,0.0,0.3024,0
5.381647,13.408207,12.0,0.0,0.283105,0.651768,0.080447,-25.64891,1.0,0.0,0.995292,11.006287,0.0,0.0,0.1552,0
4.49773,19.412087,9.351065,0.049612,0.463926,0.606878,0.083829,-8.032771,1.0,0.0,0.998012,10.854087,0.0,0.0,0.0382,0
2.601073,7.925857,2.405964,0.130072,0.312949,0.308076,0.041078,19.847378,1.0,0.0,0.997036,10.569347,0.0,0.0,0.0237,0
1.400297,8.138878,12.0,0.0,0.222681,0.313974,0.027946,19.431995,1.0,0.0,0.998333,11.157421,0.0,0.0,0.0309,0
-0.441732,-0.441732,-0.462471,0.17923,-0.082888,0.730561,0.837752,21.719358,1.0,3.0,0.881005,11.07812,0.0,0.0,0.7072,1
2.509278,9.056059,12.0,0.0,0.249384,0.652395,0.079272,-19.431252,1.0,0.0,0.998506,10.608468,0.0,0.0,0.5597,1
3.138501,15.924432,12.0,0.0,0.352485,0.168536,0.046491,28.264135,1.0,0.0,0.860182,11.129246,0.0,0.0,0.0235,0
2.701827,11.319934,12.0,0.0,0.272217,0.062845,0.05352,-3.735513,1.0,0.0,0.944193,10.902545,0.0,0.0,0.027,0
1.693881,9.319311,3.216833,0.113165,0.364031,0.082672,0.036076,-12.208046,1.0,0.0,0.937651,11.732414,0.0,0.0,0.2672,0
2.888193,11.298028,12.0,0.0,0.264922,1.051274,0.075297,-11.039421,1.0,0.0,0.9991,9.813907,0.0,0.0,0.0453,0
-0.057977,-0.057977,-1.27697,0.029446,-0.037602,0.076343,0.084694,-4.672453,1.0,1.0,0.534738,9.808522,0.0,0.0,0.6196,1
1.678074,1.678074,12.0,0.0,-0.026167,0.122218,0.028601,-20.404045,1.0,0.0,0.987107,10.894031,0.0,0.0,0.2788,1
-0.104858,7.591608,12.0,0.0,0.230388,0.757847,0.040208,25.753079,1.0,2.0,0.983342,10.579207,0.0,0.0,0.1383,0
-1.410327,-1.410327,12.0,0.0,-0.122448,1.084989,0.027925,-0.439406,1.0,9.0,0.999998,10.556664,0.0,0.0,0.1382,0
-0.765363,9.29414,12.0,0.0,0.262604,0.423471,0.423678,49.23429,0.490877,3.0,0.82843,10.873106,1.0,54.350427,0.0718,0
1.812081,6.378349,12.0,0.0,0.171497,0.566416,0.567431,-14.424181,1.0,0.0,0.917925,10.846413,0.0,0.0,0.2438,0
-0.205028,11.39414,12.0,0.0,0.31702,0.745471,0.03279,19.196495,1.0,3.0,0.994154,11.792473,0.0,0.0,0.1919,0
1.759096,10.45842,12.0,0.0,0.240244,0.466166,0.562745,30.198579,0.121616,0.0,0.80595,11.677903,1.0,56.240602,0.0259,0
-2.611878,-2.611878,0.095371,0.148693,0.014181,0.733785,0.040626,-10.065045,1.0,21.0,0.994334,10.969843,0.0,0.0,0.912,1
0.53276,11.653241,12.0,0.0,0.304993,0.73086,0.091245,3.408581,1.0,0.0,0.989351,10.532885,0.0,0.0,0.0677,1
0.991414,26.630629,12.0,0.0,0.505299,0.411214,0.392831,38.700353,0.522365,0.0,0.65354,10.73082,1.0,56.190476,0.0242,0
2.937577,13.61369,12.0,0.0,0.31625,0.062993,0.021053,8.843438,1.0,0.0,0.957429,10.805625,0.0,0.0,0.0227,0
2.259852,12.287072,12.0,0.0,0.303084,0.058029,0.052023,-1.00144,1.0,0.0,0.828838,11.082857,0.0,0.0,0.0257,0
4.736295,16.694378,12.0,0.0,0.342488,0.094078,0.094319,-12.468086,1.0,0.0,0.950568,10.587815,0.0,0.0,0.0877,0
1.007154,1.007154,-1.557244,0.06531,-0.101704,1.074337,0.094638,9.268901,1.0,0.0,0.999469,11.110085,0.0,0.0,0.0497,0
-1.896053,-1.896053,-0.797132,0.169547,-0.135152,1.151186,0.044951,-19.605948,1.0,4.0,0.998531,10.388309,0.0,0.0,0.1382,0
-1.63292,-1.63292,0.112652,0.177302,0.019974,1.0686,0.11328,27.879031,1.0,12.0,0.997124,11.340026,0.0,0.0,0.1046,0
2.807831,7.471354,2.350647,0.085929,0.201988,0.414495,0.451003,-3.674016,-0.101113,0.0,0.955782,11.185172,1.0,55.233577,0.136,0
2.60102,20.449198,12.0,0.0,0.434341,0.287989,0.016808,8.497873,1.0,0.0,0.999876,11.345096,0.0,0.0,0.0216,0
2.905138,11.222854,12.0,0.0,0.265488,0.038404,0.037355,-2.43375,1.0,0.0,0.896824,11.55398,0.0,0.0,0.0299,0
-0.020676,8.756018,3.74428,0.08614,0.322533,0.361596,0.432771,18.286409,0.320135,2.0,0.996066,11.532113,1.0,55.120301,0.0327,0
0.848434,5.373421,12.0,0.0,0.158407,0.344264,0.077066,40.680098,1.0,0.0,0.994516,10.025412,0.0,0.0,0.1332,0
1.775304,3.217601,0.749823,0.148258,0.111167,0.717261,0.046041,8.106564,1.0,0.0,0.999302,11.144366,0.0,0.0,0.0315,0
1.23042,7.849502,3.876917,0.080551,0.312288,0.60297,0.076264,34.215749,1.0,0.0,0.994992,10.6721,0.0,0.0,0.1077,0
2.394967,8.170624,4.125006,0.074586,0.307667,0.636436,0.03923,-21.043214,1.0,0.0,0.997779,10.299628,0.0,0.0,0.8952,1
-1.046177,-1.046177,-2.012103,0.053211,-0.107066,1.169115,0.071239,-18.587739,1.0,4.0,0.998617,9.61545,0.0,0.0,0.1459,0
3.774439,8.604663,6.353225,0.032285,0.205112,0.286614,0.111043,-1.904761,1.0,0.0,0.984236,11.073893,0.0,0.0,0.0274,0
2.140728,3.140652,12.0,0.0,0.018219,0.606705,0.064761,9.925506,1.0,0.0,0.999414,11.602237,0.0,0.0,0.0554,0
2.168284,3.831754,1.230735,0.114718,0.141188,0.62337,0.075894,33.418828,1.0,0.0,0.996731,11.499467,0.0,0.0,0.105,0
3.758201,10.423165,12.0,0.0,0.227573,0.081971,0.030652,-12.455991,1.0,0.0,0.95625,11.522066,0.0,0.0,0.0686,0
2.375068,5.205128,1.712194,0.148119,0.253608,0.599429,0.036108,12.459624,1.0,0.0,0.999024,10.788035,0.0,0.0,0.0235,0
2.704554,6.392087,4.32468,0.041359,0.178863,0.054849,0.043022,5.996508,1.0,0.0,0.979334,10.163746,0.0,0.0,0.0247,0
-5.344992,-5.344992,-0.699673,0.184215,-0.12889,0.697516,0.857447,-19.434426,1.0,23.0,0.934856,9.651203,0.0,0.0,0.9592,1
2.690934,8.074836,6.889731,0.032061,0.220893,0.295828,0.022577,-7.703436,1.0,0.0,0.99867,10.427851,0.0,0.0,0.0459,0
1.376942,8.925399,2.968497,0.123019,0.365182,0.614155,0.702015,50.726482,1.0,0.0,0.899568,11.178375,0.0,0.0,0.3414,1
2.556343,9.043841,11.348772,0.021148,0.240006,0.035774,0.041708,1.715968,1.0,0.0,0.948088,10.741252,0.0,0.0,0.0237,1
0.533011,2.513044,12.0,0.0,0.004532,0.447225,0.555262,5.366606,-0.172285,0.0,0.410892,10.198077,1.0,53.221374,0.2083,0
2.455717,12.239632,12.0,0.0,0.294613,0.324188,0.05307,15.315127,1.0,0.0,0.999941,10.987136,0.0,0.0,0.0259,0
0.591943,4.027201,1.783626,0.108406,0.193356,0.716346,0.08083,-2.777387,1.0,0.0,0.997294,10.739518,0.0,0.0,0.0289,0
2.215201,13.34094,12.0,0.0,0.324279,1.133925,0.025167,-8.37842,1.0,0.0,0.99981,11.066274,0.0,0.0,0.1151,0
1.147966,5.064134,2.423369,0.099192,0.240378,1.06933,0.102335,24.347821,1.0,0.0,0.997536,10.801851,0.0,0.0,0.0767,0
4.048497,7.240461,3.051612,0.067427,0.205762,0.599435,0.021852,-1.704015,1.0,0.0,0.999913,10.85114,0.0,0.0,0.0273,0
5.450981,10.552412,6.141298,0.038904,0.238919,0.612507,0.070233,-11.58589,1.0,0.0,0.998523,11.022469,0.0,0.0,0.0552,0
1.116836,9.037697,12.0,0.0,0.264188,0.671319,0.646635,-19.824483,1.0,0.0,0.889244,11.574692,0.0,0.0,0.9999,1
0.146006,0.604476,0.57548,0.054394,0.031303,0.596015,0.031724,4.904387,1.0,0.0,0.999876,11.033837,0.0,0.0,0.1749,1
2.400001,7.815202,12.0,0.0,0.186994,0.178718,0.07024,28.519371,1.0,0.0,0.980856,11.383317,0.0,0.0,0.0387,0
2.459388,13.456675,7.231995,0.050911,0.368186,0.231825,0.029786,40.183817,1.0,0.0,0.531579,10.719607,0.0,0.0,0.0225,0
1.234069,1.732169,0.586302,0.158592,0.092983,0.597278,0.032727,19.393723,1.0,0.0,0.996248,9.752724,0.0,0.0,0.1006,0
1.578122,7.652516,12.0,0.0,0.210609,0.073704,0.074343,-2.381527,1.0,0.0,0.905103,12.044383,0.0,0.0,0.0921,0
0.035798,2.654375,1.234983,0.159627,0.197137,0.405065,0.458742,18.382383,-0.21574,0.0,0.714855,10.828851,1.0,56.653543,0.0382,0
2.245129,4.516273,2.309601,0.072332,0.167058,0.10293,0.062902,-16.898865,1.0,0.0,0.798492,10.406643,0.0,0.0,0.0979,0
1.594253,5.736981,4.182975,0.046051,0.192631,1.128593,0.06088,6.557724,1.0,0.0,0.99995,10.254052,0.0,0.0,0.0432,0
2.515426,33.871363,12.0,0.018036,0.590831,0.234137,0.090835,38.184555,1.0,0.0,0.99757,11.468475,0.0,0.0,0.0268,0
1.243273,1.898755,1.56129,0.050071,0.078175,0.061178,0.071705,-2.434063,1.0,0.0,0.960612,11.440325,0.0,0.0,0.1111,0
3.835802,28.946978,12.0,0.0,0.51144,0.733471,0.076893,2.148868,1.0,0.0,0.989476,10.565088,0.0,0.0,0.027,0
3.127715,13.742505,12.0,0.0,0.312928,0.312784,0.059628,13.259389,1.0,0.0,0.999305,10.975842,0.0,0.0,0.0259,0
0.328369,3.479404,12.0,0.0,0.087566,0.730301,0.053518,15.912564,1.0,0.0,0.997414,11.91119,0.0,0.0,0.0794,1
2.313305,2.60473,0.62576,0.041375,0.025891,0.613184,0.029591,-16.240211,1.0,0.0,0.998554,10.443801,0.0,0.0,0.0971,1
0.085971,0.227385,-0.148126,0.085458,-0.012659,0.618325,0.037495,-14.544535,1.0,0.0,0.998938,10.513622,0.0,0.0,0.1395,0
2.320627,13.873274,12.0,0.021945,0.338852,0.722831,0.054429,11.159239,1.0,0.0,0.998179,10.129163,0.0,0.0,0.025,0
2.369595,8.193694,12.0,0.0,0.19842,0.091331,0.042512,15.112186,1.0,0.0,0.998662,10.5377,0.0,0.0,0.0253,0
1.624197,6.666112,3.71277,0.067749,0.251535,0.092881,0.107627,-1.897014,1.0,0.0,0.833039,10.094912,0.0,0.0,0.089,0
2.690043,28.163834,12.0,0.0,0.523891,0.293797,0.023997,5.148484,1.0,0.0,0.998196,10.780617,0.0,0.0,0.0222,0
3.421517,12.777909,6.764867,0.051288,0.346954,0.623961,0.043363,42.142048,1.0,0.0,0.992343,11.207972,0.0,0.0,0.026,0
3.339931,15.586899,12.0,0.0,0.323892,0.721557,0.056675,5.66992,1.0,0.0,0.9982,11.22448,0.0,0.0,0.0233,0
2.473574,2.473574,0.955967,0.131998,0.126186,0.355128,0.093681,-19.155416,1.0,0.0,0.997932,12.121894,0.0,0.0,0.1455,0
1.230881,13.30367,12.0,0.0,0.352408,0.61329,0.044643,34.752479,1.0,0.0,0.99424,11.121139,0.0,0.0,0.1742,0
0.552159,3.720578,12.0,0.0,0.087322,0.729649,0.050965,3.595517,1.0,0.0,0.998338,10.98873,0.0,0.0,0.0463,0
3.404335,8.683121,2.256539,0.139003,0.313666,0.513812,0.662338,-9.723118,1.0,0.0,0.828592,10.712538,0.0,0.0,0.5044,1
0.905257,22.457112,12.0,0.0,0.479284,0.225297,0.055659,35.517218,1.0,0.0,0.908727,10.882681,0.0,0.0,0.1461,0
-2.436989,-2.436989,-0.890427,0.111996,-0.099724,0.693403,0.051205,-42.804385,1.0,8.0,0.989338,9.757549,0.0,0.0,0.8873,1
3.088309,6.189734,1.536991,0.145226,0.223211,0.709297,0.056427,-7.115581,1.0,0.0,0.999843,10.436187,0.0,0.0,0.0498,0
-1.26752,-1.137709,-0.282137,0.060526,-0.017077,0.643484,0.035793,-24.544681,1.0,9.0,0.997146,10.164469,0.0,0.0,0.9718,1
4.224105,18.542084,12.0,0.0,0.405065,0.546238,0.632015,12.431633,1.0,0.0,0.843261,10.786753,0.0,0.0,0.2284,0
0.40815,0.40815,12.0,0.0,-0.203561,1.122292,0.019088,-14.174462,1.0,0.0,0.999275,10.738757,0.0,0.0,0.0906,0
2.257551,10.486783,5.93299,0.052686,0.312583,0.111899,0.025369,18.633053,1.0,0.0,0.892128,11.923095,0.0,0.0,0.022,0
2.907832,16.861492,12.0,0.0,0.395362,0.6196,0.03824,-13.901512,1.0,0.0,0.999278,10.731673,0.0,0.0,0.446,0
1.661154,3.406942,12.0,0.0,0.026977,0.726986,0.054252,5.013563,1.0,0.0,0.99895,10.719366,0.0,0.0,0.0407,0
3.766606,15.825909,12.0,0.0,0.345925,0.056969,0.023795,-8.5244,1.0,0.0,0.920045,10.694604,0.0,0.0,0.0481,0
2.997258,5.496085,12.0,0.0,0.056467,0.72876,0.032578,-9.04287,1.0,0.0,0.998347,11.548338,0.0,0.0,0.0607,1
-1.251536,-1.082248,12.0,0.0,-0.068011,0.620441,0.058578,-24.407169,1.0,9.0,0.997081,10.451925,0.0,0.0,0.9799,1
2.742066,2.971867,1.079546,0.156431,0.168874,0.0933,0.033372,-16.462918,1.0,0.0,0.829766,11.148151,0.0,0.0,0.0762,1
2.783449,22.690665,12.0,0.0,0.45308,0.730305,0.044212,8.745363,1.0,0.0,0.99982,10.631027,0.0,0.0,0.0228,0
2.045761,6.336577,1.86917,0.172937,0.32325,1.105113,0.065435,31.757162,1.0,0.0,0.997553,10.077308,0.0,0.0,0.0251,0
0.671574,7.810593,12.0,0.0,0.239185,0.125347,0.040711,-20.052012,1.0,0.0,0.856752,10.489366,0.0,0.0,0.9902,1
3.188934,14.402945,5.793114,0.070718,0.409678,0.6356,0.097008,32.600522,1.0,0.0,0.997594,11.690134,0.0,0.0,0.0252,0
-0.006612,5.743108,6.668121,0.027729,0.1849,0.733819,0.028914,7.758135,1.0,1.0,0.995801,11.137035,0.0,0.0,0.0402,0
6.636836,7.628554,12.0,0.0,0.042701,1.219022,0.045581,-36.653615,1.0,0.0,0.994446,10.788862,0.0,0.0,0.3152,1
1.717137,13.979707,12.0,0.0,0.327727,0.737063,0.052198,-2.372201,1.0,0.0,0.999761,10.83594,0.0,0.0,0.0311,0
2.063122,19.981658,12.0,0.0,0.45226,0.601428,0.057807,13.799576,1.0,0.0,0.999118,10.933754,0.0,0.0,0.2002,0
5.296501,8.557153,12.0,0.0,0.144369,0.655238,0.064283,-29.928553,1.0,0.0,0.995465,10.684604,0.0,0.0,0.1655,0
2.514036,24.481532,12.0,0.0,0.484571,0.178488,0.039922,29.107989,1.0,0.0,0.957612,11.169382,0.0,0.0,0.0238,0
-5.207518,-5.207518,-0.8844,0.161945,-0.143225,0.63603,0.06173,-23.799151,1.0,19.0,0.99558,10.988454,0.0,0.0,0.9986,1
2.556624,16.264855,12.0,0.0,0.381367,0.250281,0.045971,-40.873328,1.0,0.0,0.817039,10.770309,0.0,0.0,0.9674,1
1.756105,8.313336,3.119694,0.100079,0.312215,0.608233,0.686762,-34.738545,1.0,0.0,0.778375,11.866939,0.0,0.0,0.4021,1
-0.501865,-0.31867,12.0,0.0,-0.062073,0.596922,0.108995,-6.24429,1.0,5.0,0.999936,10.542841,0.0,0.0,0.3643,1
0.548368,5.58429,2.67609,0.106348,0.284598,0.045971,0.022523,7.226438,1.0,0.0,0.945383,11.292597,0.0,0.0,0.1419,0
3.929141,9.34267,2.599207,0.130729,0.339792,0.619513,0.109955,-2.662152,1.0,0.0,0.999696,10.48106,0.0,0.0,0.0623,0
2.683059,5.351814,1.96133,0.10445,0.204861,0.157703,0.034018,27.683227,1.0,0.0,0.887847,11.281021,0.0,0.0,0.0695,0
-0.932609,-0.42211,-0.314892,0.02362,-0.007438,0.575616,0.054072,8.37421,1.0,13.0,0.999718,11.334742,0.0,0.0,0.793,0
1.390332,9.97682,12.0,0.0,0.273915,0.065073,0.034919,-8.381913,1.0,0.0,0.955124,11.515736,0.0,0.0,0.3379,0
1.341164,6.13638,12.0,0.0,0.154133,0.717631,0.095454,-18.144821,1.0,0.0,0.964642,10.640658,0.0,0.0,0.5828,0
3.101668,3.133133,12.0,0.0,-0.067916,0.722646,0.079125,-20.401196,1.0,0.0,0.989272,10.752071,0.0,0.0,0.2382,0
4.902238,18.896597,12.0,0.0,0.378378,0.323346,0.029729,-16.098921,1.0,0.0,0.996866,10.535157,0.0,0.0,0.0908,0
2.605317,5.604059,2.082886,0.102689,0.213888,0.319627,0.107603,7.749697,1.0,0.0,0.997465,10.46237,0.0,0.0,0.0283,0
0.146799,1.705078,2.09869,0.03821,0.08019,0.59843,0.023625,21.759839,1.0,0.0,0.99778,11.381614,0.0,0.0,0.2482,0
3.933877,18.099308,12.0,0.0,0.379727,0.112106,0.065357,13.577549,1.0,0.0,0.929388,11.14809,0.0,0.0,0.025,0
5.488196,16.972413,6.605514,0.062972,0.415962,0.757623,0.975914,9.560203,1.0,0.0,0.791263,10.985976,0.0,0.0,0.2701,0
3.652072,6.164428,12.0,0.0,0.098298,0.330802,0.034298,-12.382516,1.0,0.0,0.998918,10.477383,0.0,0.0,0.0846,0
-0.09652,-0.001204,12.0,0.0,-0.135121,0.6713,0.125289,-25.918865,1.0,2.0,0.99641,10.378877,0.0,0.0,0.4049,0
0.630258,8.387639,7.151856,0.040753,0.29146,0.075397,0.035218,10.820454,1.0,0.0,0.938821,10.277725,0.0,0.0,0.158,1
0.888407,4.508349,12.0,0.0,0.140418,0.598656,0.082209,13.432882,1.0,0.0,0.99959,11.078924,0.0,0.0,0.1607,1
3.935633,7.476291,12.0,0.0,0.137836,0.371089,0.031369,-30.508818,1.0,0.0,0.989527,10.751442,0.0,0.0,0.2867,1
-0.201299,14.431377,12.0,0.0,0.357339,0.381966,0.430561,47.646361,0.605209,2.0,0.896355,10.651955,1.0,56.551471,0.0391,0
1.645256,2.310092,1.621874,0.048189,0.078156,0.06066,0.057595,-7.509249,1.0,0.0,0.949858,10.731506,0.0,0.0,0.0662,0
4.107523,7.105085,12.0,0.0,0.122211,0.599635,0.064109,20.802753,1.0,0.0,0.996584,11.734437,0.0,0.0,0.037,0
-0.099409,6.033335,12.0,0.0,0.193716,0.730658,0.013065,10.546082,1.0,3.0,0.996765,11.251699,0.0,0.0,0.183,0
-1.621057,-1.621057,12.0,0.0,-0.181738,0.726808,0.021296,-6.982597,1.0,12.0,0.998422,10.249137,0.0,0.0,0.1963,1
-5.382111,-5.382111,12.0,0.0,-0.330452,1.110184,0.038152,-0.441657,1.0,18.0,0.999997,10.409569,0.0,0.0,0.6367,1
2.935991,8.260407,12.0,0.0,0.163571,0.725695,0.073153,-5.912692,1.0,0.0,0.989211,10.225377,0.0,0.0,0.0316,0
0.482832,0.482832,0.160583,0.180904,0.02905,0.087457,0.028179,-14.927107,1.0,0.0,0.863713,10.538496,0.0,0.0,0.3173,0
0.712049,3.248221,2.257827,0.079827,0.180236,0.107845,0.075619,-13.668287,1.0,0.0,0.91523,10.367529,0.0,0.0,0.9252,0
-0.014298,20.412612,12.0,0.0,0.443575,0.403674,0.423092,34.535387,0.487581,1.0,0.968668,11.411425,1.0,55.602564,0.0386,0
3.010845,8.520336,12.0,0.0,0.190451,0.680202,0.61407,-4.877923,1.0,0.0,0.796556,10.860014,0.0,0.0,0.4788,0
3.422697,10.366734,12.0,0.0,0.216275,0.723593,0.096678,-3.969206,1.0,0.0,0.996258,10.16366,0.0,0.0,0.0459,0
0.677929,8.873396,6.292133,0.049386,0.31074,0.302348,0.023035,0.127779,1.0,0.0,0.999907,10.460819,0.0,0.0,0.1567,0
3.846591,16.407187,4.368841,0.105456,0.46072,0.090382,0.0661,-10.618463,1.0,0.0,0.831377,12.231133,0.0,0.0,0.0566,0
1.864996,1.864996,12.0,0.0,0.007735,0.235479,0.060434,-40.365385,1.0,0.0,0.96275,10.427568,0.0,0.0,0.7989,1
1.454541,14.150619,12.0,0.0,0.35304,0.148828,0.024914,26.245048,1.0,0.0,0.933278,11.792345,0.0,0.0,0.0361,0
2.473943,5.413011,1.526754,0.160626,0.245236,0.718834,0.038393,-5.982182,1.0,0.0,0.996917,11.417722,0.0,0.0,0.0522,0
3.144857,18.206371,12.0,0.0,0.395844,0.091323,0.041491,-14.509414,1.0,0.0,0.873064,11.479079,0.0,0.0,0.0917,0
2.818171,8.32844,12.0,0.0,0.197533,0.629309,0.042344,38.940917,1.0,0.0,0.99496,11.476258,0.0,0.0,0.0294,0
1.739142,1.956628,12.0,0.0,-0.106398,0.741576,0.050005,4.594323,1.0,0.0,0.997043,10.241121,0.0,0.0,0.1135,0
3.139355,5.164562,3.304999,0.034149,0.112864,0.074747,0.019128,12.306519,1.0,0.0,0.881148,11.522708,0.0,0.0,0.048,0
4.063251,10.171488,3.004987,0.111413,0.334795,0.589564,0.082709,24.22918,1.0,0.0,0.996689,11.084374,0.0,0.0,0.026,0
3.255165,16.358253,4.96937,0.094554,0.469872,0.60439,0.022288,16.091169,1.0,0.0,0.998896,11.268861,0.0,0.0,0.0224,0
4.027224,11.063302,3.217349,0.105651,0.339917,0.057335,0.065543,-2.761459,1.0,0.0,0.952541,10.938047,0.0,0.0,0.0364,0
-0.933603,0.833853,1.233106,0.118823,0.146522,0.725432,0.073824,-0.341061,1.0,10.0,0.999447,10.913258,0.0,0.0,0.2369,0
3.981491,7.359809,5.234636,0.040172,0.210284,0.6963,0.064291,-45.940855,1.0,0.0,0.989809,9.891717,0.0,0.0,0.4638,0
-2.158125,-2.158125,-0.163919,0.203598,-0.033373,1.082319,0.018863,17.968715,1.0,11.0,0.999022,11.130772,0.0,0.0,0.0617,0
4.283916,5.814627,12.0,0.0,0.063562,0.315096,0.033203,-13.097361,1.0,0.0,0.995857,11.174601,0.0,0.0,0.1169,0
2.373154,9.737777,3.058443,0.117247,0.358594,0.121582,0.080031,17.832256,1.0,0.0,0.872054,11.477306,0.0,0.0,0.026,0
1.838504,7.386046,12.0,0.0,0.190682,0.175863,0.044341,29.160355,1.0,0.0,0.991671,10.974007,0.0,0.0,0.0371,0
1.546872,16.550624,12.0,0.0,0.39661,0.113087,0.06037,-16.572221,1.0,0.0,0.882602,10.256372,0.0,0.0,0.8729,0
0.359737,5.149505,4.425087,0.049278,0.218061,1.097253,0.020739,3.61672,1.0,0.0,0.999964,11.049635,0.0,0.0,0.201,0
1.373883,2.552577,1.304264,0.170225,0.222019,0.600807,0.029989,-7.097904,1.0,0.0,0.999363,11.414967,0.0,0.0,0.1022,0
1.931086,8.982057,5.838463,0.053096,0.309999,0.64333,0.031959,-26.130438,1.0,0.0,0.996949,11.409155,0.0,0.0,0.9639,1
0.325473,2.079055,12.0,0.0,0.056221,0.640953,0.644761,-23.218153,1.0,0.0,0.971813,11.440056,0.0,0.0,0.8414,1
1.623593,13.196611,7.255537,0.053554,0.388564,0.297717,0.040871,-5.835378,1.0,0.0,0.997545,11.05749,0.0,0.0,0.1254,0
1.812121,9.408273,2.981691,0.1151,0.343192,0.738329,0.034542,15.200228,1.0,0.0,0.99791,11.469484,0.0,0.0,0.0251,0
2.532398,7.808572,4.168086,0.057414,0.239308,0.649442,0.090902,48.99868,1.0,0.0,0.99143,10.399085,0.0,0.0,0.0274,0
0.11285,0.115752,12.0,0.0,-0.099964,1.094076,0.028352,27.965199,1.0,0.0,0.997904,10.146549,0.0,0.0,0.0701,0
-3.884075,-3.884075,-0.479695,0.18499,-0.088739,0.723235,0.015965,0.193065,1.0,22.0,0.999852,11.753538,0.0,0.0,0.4434,0
0.688811,9.042296,12.0,0.0,0.266871,0.075694,0.084237,-4.369794,1.0,0.0,0.857074,10.953792,0.0,0.0,0.3044,1
1.552829,8.997858,2.644172,0.14585,0.385652,1.093159,0.043475,10.2649,1.0,0.0,0.999608,10.874738,0.0,0.0,0.0473,0
-1.008185,10.368183,12.0,0.0,0.288851,0.356148,0.351404,27.915851,-0.016688,3.0,0.986273,10.102129,1.0,57.942446,0.1047,0
1.826821,4.604904,12.0,0.0,0.108638,0.058667,0.076799,-2.455302,1.0,0.0,0.872321,10.408294,0.0,0.0,0.046,0
0.731799,4.692963,12.0,0.0,0.144537,0.293537,0.015669,6.676133,1.0,0.0,0.999763,11.499226,0.0,0.0,0.1222,0
1.492737,17.628155,5.287335,0.095156,0.503122,0.161107,0.031413,28.24805,1.0,0.0,0.899229,11.982222,0.0,0.0,0.0395,0
2.665252,12.800935,12.0,0.0,0.305473,0.034615,0.040255,-2.522679,1.0,0.0,0.95645,11.151786,0.0,0.0,0.0285,0
1.570057,22.261985,12.0,0.0,0.462329,0.72356,0.035848,11.007806,1.0,0.0,0.998415,10.864458,0.0,0.0,0.0257,0
1.718306,12.548485,2.816396,0.146851,0.413591,0.434745,0.540487,19.479694,-0.174836,0.0,0.671092,10.37448,1.0,55.126984,0.0456,0
1.048836,1.743081,0.904407,0.14449,0.130677,0.740756,0.075437,-13.412544,1.0,0.0,0.985501,11.083423,0.0,0.0,0.1517,0
-0.537941,-0.537941,12.0,0.0,-0.10169,1.183804,0.040129,-25.520615,1.0,2.0,0.997416,9.631678,0.0,0.0,0.4396,0
4.445974,6.143793,1.618842,0.132367,0.214281,0.589765,0.103964,-6.160538,1.0,0.0,0.998991,10.403251,0.0,0.0,0.0417,0
0.00381,0.278054,12.0,0.0,-0.045445,0.620843,0.061048,-12.545224,1.0,0.0,0.999168,9.941799,0.0,0.0,0.4196,1
4.595427,9.367456,12.0,0.0,0.175211,0.120988,0.069633,-18.400787,1.0,0.0,0.595682,11.245056,0.0,0.0,0.1238,0
0.958758,9.186838,12.0,0.0,0.262045,0.311108,0.051366,-9.291435,1.0,0.0,0.998435,11.687414,0.0,0.0,0.3448,1
2.89131,14.328181,6.3427,0.062469,0.396225,0.031922,0.027592,-4.05109,1.0,0.0,0.92215,10.919486,0.0,0.0,0.0349,0
1.345795,7.080085,2.489774,0.132984,0.3311,0.30421,0.025304,-2.119421,1.0,0.0,0.999958,10.463374,0.0,0.0,0.0793,0
0.117039,8.383448,4.557928,0.064788,0.295298,0.748686,0.078661,5.83554,1.0,0.0,0.998805,12.086692,0.0,0.0,0.0525,0
1.378751,7.040201,12.0,0.0,0.19858,0.338802,0.053154,-23.098396,1.0,0.0,0.997543,10.801722,0.0,0.0,0.7768,0
3.365762,3.365762,12.0,0.0,-0.010863,1.187239,0.022564,-34.642712,1.0,0.0,0.994927,9.592517,0.0,0.0,0.2865,0
3.055499,7.603627,2.075148,0.13346,0.276949,0.731121,0.042908,12.197181,1.0,0.0,0.996106,10.68503,0.0,0.0,0.0225,0
4.304625,11.329669,3.696062,0.087783,0.324452,0.122083,0.072582,-17.04928,1.0,0.0,0.701654,10.453779,0.0,0.0,0.1159,0
2.19783,5.29247,12.0,0.0,0.120726,0.334685,0.035858,-19.037338,1.0,0.0,0.997953,10.976592,0.0,0.0,0.1013,0
-3.952266,-3.952266,-0.913871,0.19253,-0.175948,1.102075,0.090635,-16.588109,1.0,14.0,0.99902,10.677234,0.0,0.0,0.2124,0
1.077646,3.911655,1.377333,0.120745,0.166306,0.406266,0.491651,24.557334,0.380553,0.0,0.994096,11.468709,1.0,56.780303,0.0244,0
1.348555,4.992563,12.0,0.0,0.144465,0.610904,0.036294,37.158254,1.0,0.0,0.995004,10.837659,0.0,0.0,0.0998,0
0.079251,0.6445,0.802217,0.173875,0.139486,0.717624,0.081399,-14.489044,1.0,0.0,0.999666,10.152435,0.0,0.0,0.4095,1
0.952054,13.153747,12.0,0.0,0.339084,0.731135,0.868272,24.012243,1.0,0.0,0.925451,11.897122,0.0,0.0,0.4698,0
4.009766,4.569221,1.157789,0.206281,0.23883,0.167872,0.028525,-28.535582,1.0,0.0,0.85142,10.367127,0.0,0.0,0.2308,1
2.478147,2.664112,1.079444,0.20138,0.217378,0.676875,0.023821,-36.998588,1.0,0.0,0.991658,11.228067,0.0,0.0,0.295,0
4.081895,14.833293,4.322995,0.096593,0.417572,0.080363,0.036993,-13.735613,1.0,0.0,0.968257,10.484842,0.0,0.0,0.0622,0
1.430728,20.355304,6.700639,0.079451,0.532372,0.294087,0.052587,-15.27423,1.0,0.0,0.998424,10.139172,0.0,0.0,0.9127,1
2.325757,6.447867,2.382664,0.101215,0.24116,0.613729,0.013196,33.407992,1.0,0.0,0.995221,10.897584,0.0,0.0,0.0224,0
3.801045,4.035425,1.289023,0.083888,0.108133,0.656133,0.019423,-29.785057,1.0,0.0,0.995857,11.073371,0.0,0.0,0.2106,0
4.039659,7.520883,2.342001,0.097549,0.22846,0.285693,0.023381,-6.05011,1.0,0.0,0.999745,10.387457,0.0,0.0,0.0398,0
1.116336,11.537506,4.452913,0.091348,0.406764,0.128073,0.056206,-20.370704,1.0,0.0,0.888938,10.38154,0.0,0.0,0.9366,1
4.249688,7.272167,4.573858,0.033508,0.15326,0.604338,0.036774,6.435688,1.0,0.0,0.99981,10.984869,0.0,0.0,0.0243,0
4.11549,10.832042,12.0,0.0,0.225566,0.335731,0.059384,-9.516598,1.0,0.0,0.995801,10.654535,0.0,0.0,0.0633,0
2.022139,3.423623,4.409348,0.032498,0.143296,0.747842,0.069564,-54.897207,1.0,0.0,0.979184,10.41878,0.0,0.0,0.9998,1
4.436125,23.09095,12.0,0.0,0.458389,0.626217,0.551583,-13.559281,1.0,0.0,0.989565,10.814167,0.0,0.0,0.5672,1
-5.367539,-5.367539,-2.187131,0.120804,-0.264215,1.136234,0.072997,-25.077154,1.0,16.0,0.996644,10.501609,0.0,0.0,0.7776,1
-0.758111,-0.720335,-0.788779,0.133475,-0.105282,0.607805,0.028586,-7.410787,1.0,5.0,0.999697,10.93485,0.0,0.0,0.5564,1
-0.364429,11.981619,12.0,0.0,0.329841,0.736235,0.020192,10.620038,1.0,4.0,0.998441,10.52713,0.0,0.0,0.2001,0
5.182295,18.709102,12.0,0.0,0.373689,0.37088,0.077277,-27.538261,1.0,0.0,0.98984,10.524078,0.0,0.0,0.2248,0
0.279816,1.061723,1.612409,0.055984,0.090269,0.60674,0.056099,-13.331048,1.0,0.0,0.999103,10.563293,0.0,0.0,0.8236,0
1.885739,5.071122,1.956974,0.084154,0.164687,0.81081,0.970189,76.20874,1.0,0.0,0.951705,11.299279,0.0,0.0,0.7941,0
2.524255,6.735351,2.946609,0.068653,0.202294,0.588399,0.570076,13.347343,1.0,0.0,0.988146,11.53417,0.0,0.0,0.287,0
2.124637,5.420526,3.127572,0.058398,0.182645,0.298527,0.046178,-4.197907,1.0,0.0,0.999547,10.512119,0.0,0.0,0.0351,0
4.318658,10.49158,9.540969,0.024866,0.237243,0.0617,0.044215,-7.071629,1.0,0.0,0.955303,11.230791,0.0,0.0,0.0495,0
0.186813,0.186813,0.14663,0.200204,0.029356,0.482715,0.721364,-5.96041,0.018464,0.0,0.970472,11.35324,1.0,52.903226,0.2581,1
3.093214,7.12016,2.154567,0.125459,0.27031,0.293849,0.049245,7.255955,1.0,0.0,0.999944,11.219005,0.0,0.0,0.0244,0
2.584682,7.166118,12.0,0.0,0.184034,0.595684,0.052178,-10.881273,1.0,0.0,0.999012,10.998817,0.0,0.0,0.069,0
0.377155,6.327567,9.669434,0.020181,0.195135,0.76694,0.118919,27.239145,1.0,0.0,0.971912,10.696441,0.0,0.0,0.0456,0
1.837076,20.823807,12.0,0.0,0.448191,0.298337,0.031103,24.199331,1.0,0.0,0.992404,10.775653,0.0,0.0,0.0239,1
2.510718,11.30416,12.0,0.0,0.273794,0.102463,0.019994,17.623043,1.0,0.0,0.950924,11.169243,0.0,0.0,0.0225,0
4.706437,15.248812,3.415155,0.131491,0.449062,0.096799,0.043479,-14.458484,1.0,0.0,0.829427,10.559073,0.0,0.0,0.074,0
2.620945,9.315805,4.628407,0.06112,0.282887,0.304775,0.054956,16.724498,1.0,0.0,0.996572,11.030521,0.0,0.0,0.0252,0
1.111263,20.810304,12.0,0.0,0.457244,0.179612,0.092222,30.951314,1.0,0.0,0.731208,11.013856,0.0,0.0,0.1001,0
0.794841,0.794841,12.0,0.0,-0.16703,0.703054,0.062708,-9.325964,1.0,0.0,0.998733,10.881657,0.0,0.0,0.2615,0
2.36472,19.338285,12.0,0.0,0.421555,0.130507,0.084882,19.059396,1.0,0.0,0.948216,11.290999,0.0,0.0,0.0262,0
1.101897,5.983293,3.555799,0.067409,0.239691,0.10706,0.051091,18.328896,1.0,0.0,0.906434,11.325051,0.0,0.0,0.0542,0
1.933655,5.345856,2.702414,0.093336,0.252231,0.604039,0.051094,-20.161346,1.0,0.0,0.997146,10.496488,0.0,0.0,0.6946,1
4.501993,17.99045,12.0,0.0,0.38502,0.60699,0.034387,-2.237571,1.0,0.0,0.999964,10.49024,0.0,0.0,0.0278,0
1.921422,10.648114,12.0,0.0,0.271953,0.279297,0.03147,11.941784,1.0,0.0,0.999503,11.202788,0.0,0.0,0.024,0
3.477527,8.221865,8.114977,0.023871,0.193715,0.039589,0.031578,5.289847,1.0,0.0,0.989379,11.118725,0.0,0.0,0.0227,0
4.524374,5.97167,12.0,0.0,0.068228,0.198499,0.060872,-33.973184,1.0,0.0,0.996539,10.860816,0.0,0.0,0.3256,0
3.330242,5.605326,2.475499,0.059174,0.146486,0.330428,0.100882,3.732145,1.0,0.0,0.998136,10.209514,0.0,0.0,0.031,0
-1.080066,1.156334,1.054239,0.140889,0.14853,0.433518,0.556494,13.664264,-0.166022,10.0,0.995072,10.006166,1.0,53.621429,0.2968,0
5.291853,9.30094,2.543399,0.118191,0.300607,0.636881,0.037243,-20.160573,1.0,0.0,0.997881,11.286397,0.0,0.0,0.096,0
2.032929,19.790781,12.0,0.0,0.43409,1.110596,0.030453,-9.344947,1.0,0.0,0.999653,10.033032,0.0,0.0,0.1815,1
3.834716,4.246289,12.0,0.0,0.007309,0.596668,0.049564,-8.284234,1.0,0.0,0.999524,9.933242,0.0,0.0,0.0854,0
2.549854,9.963862,2.996605,0.119313,0.357533,0.179132,0.045191,30.032169,1.0,0.0,0.992515,10.39795,0.0,0.0,0.0233,0
1.555079,7.736984,6.960977,0.035086,0.244231,0.070575,0.056614,11.029611,1.0,0.0,0.888831,11.43119,0.0,0.0,0.0301,1
0.569517,12.246603,6.126182,0.065257,0.399775,0.129975,0.07369,19.423457,1.0,0.0,0.922358,10.775232,0.0,0.0,0.198,0
1.970505,19.50518,12.0,0.0,0.421181,0.728501,0.060684,8.182399,1.0,0.0,0.997956,12.115131,0.0,0.0,0.0257,0
4.777876,8.848006,2.016551,0.145333,0.293072,1.110805,0.055175,-0.54897,1.0,0.0,0.999986,10.051981,0.0,0.0,0.0274,0
-0.093836,4.525282,2.085635,0.120115,0.250516,0.720734,0.051055,1.94526,1.0,2.0,0.999073,10.285651,0.0,0.0,0.0786,0
1.068101,13.358094,12.0,0.0,0.348588,0.303847,0.048596,-15.919114,1.0,0.0,0.996803,10.255303,0.0,0.0,0.8497,1
1.499785,6.498671,2.973761,0.100142,0.297799,0.600611,0.034333,8.414696,1.0,0.0,0.999803,10.619587,0.0,0.0,0.1125,0
0.838156,16.899031,12.0,0.0,0.391527,0.775475,0.062553,25.173685,1.0,0.0,0.984493,11.272589,0.0,0.0,0.0279,0
2.018931,14.3559,12.0,0.0,0.348136,0.057382,0.051608,3.219098,1.0,0.0,0.984865,10.672451,0.0,0.0,0.027,0
2.742739,8.433455,12.0,0.0,0.197826,0.040166,0.032217,4.46316,1.0,0.0,0.87939,11.256256,0.0,0.0,0.0224,0
1.987887,9.454265,6.456333,0.041114,0.265445,0.746993,0.064207,19.937068,1.0,0.0,0.996503,10.65095,0.0,0.0,0.024,0
4.722243,11.686287,2.73596,0.150568,0.411947,0.663147,0.109372,-29.27977,1.0,0.0,0.997858,10.556259,0.0,0.0,0.1466,0
0.746966,12.307484,12.0,0.0,0.334598,0.312089,0.105059,-1.756882,1.0,0.0,0.996257,11.245378,0.0,0.0,0.2338,0
0.723486,7.14538,3.166742,0.066559,0.210774,0.765847,0.904628,58.763065,1.0,0.0,0.904405,10.152706,0.0,0.0,0.5173,1
-1.39105,10.548628,12.0,0.0,0.30099,0.410224,0.553543,18.703465,-0.150407,4.0,0.847331,11.243232,1.0,54.830986,0.32,0
-0.672738,0.191646,0.445565,0.148908,0.066348,0.74177,0.093681,8.00631,1.0,5.0,0.99625,10.5917,0.0,0.0,0.0858,1
0.247698,0.247698,-2.13362,0.022388,-0.047768,0.300042,0.036411,-9.503319,1.0,0.0,0.998406,11.485519,0.0,0.0,0.5405,0
4.282123,15.304245,12.0,0.0,0.334672,0.617048,0.033851,34.731971,1.0,0.0,0.994474,11.266253,0.0,0.0,0.0233,0
0.756354,16.438742,12.0,0.0,0.404334,0.060051,0.042944,7.443384,1.0,0.0,0.998191,11.048096,0.0,0.0,0.2163,0
0.258077,6.267474,12.0,0.0,0.168506,0.727779,0.085891,8.161742,1.0,0.0,0.990384,10.812937,0.0,0.0,0.039,0
1.012509,9.935137,7.077725,0.045078,0.319049,0.329972,0.024982,30.845066,1.0,0.0,0.996054,12.357339,0.0,0.0,0.0508,0
3.780598,17.671909,4.987387,0.094776,0.472686,0.058287,0.029175,-7.635324,1.0,0.0,0.791884,11.284548,0.0,0.0,0.0422,0
2.826895,9.268912,12.0,0.0,0.180189,0.738188,0.110659,12.094057,1.0,0.0,0.984234,10.892841,0.0,0.0,0.0268,0
-0.068377,22.50874,5.367101,0.110393,0.59249,0.745581,0.875558,7.637551,1.0,1.0,0.975238,11.28992,0.0,0.0,0.8021,0
0.219621,3.323779,1.6793,0.086795,0.145755,0.406946,0.457549,22.07132,0.271318,0.0,0.740206,10.543252,1.0,57.40625,0.0239,0
3.382333,3.382333,0.931322,0.197279,0.18373,0.166452,0.042033,-26.124524,1.0,0.0,0.853689,11.488933,0.0,0.0,0.1946,0
-1.423081,-1.423081,0.395783,0.1406,0.055647,1.108777,0.041456,-28.355397,1.0,4.0,0.996337,10.269663,0.0,0.0,0.9992,1
1.854357,10.566163,12.0,0.0,0.274391,0.310573,0.041116,-9.366538,1.0,0.0,0.99681,10.142887,0.0,0.0,0.1234,0
1.691583,4.477692,1.790987,0.13279,0.237824,0.087088,0.048373,10.285571,1.0,0.0,0.915952,11.30309,0.0,0.0,0.0301,0
4.60989,15.772395,6.046298,0.068471,0.413997,0.600557,0.030738,-1.62642,1.0,0.0,0.999928,11.44226,0.0,0.0,0.0221,0
4.479223,15.848336,4.811498,0.091857,0.441968,0.598066,0.043674,5.597553,1.0,0.0,0.999792,11.300692,0.0,0.0,0.0237,0
0.490097,1.338813,12.0,0.0,0.035288,0.05514,0.054632,7.197727,1.0,0.0,0.873158,11.00209,0.0,0.0,0.3548,1
0.967182,0.967182,0.836358,0.174135,0.145639,0.141923,0.089059,-21.044862,1.0,0.0,0.959126,11.610072,0.0,0.0,0.248,1
1.445112,12.372013,12.0,0.0,0.322686,0.031137,0.037461,-3.206794,1.0,0.0,0.804669,10.921765,0.0,0.0,0.1387,0
1.388397,20.156097,12.0,0.027423,0.47958,0.101389,0.043078,-16.238618,1.0,0.0,0.953575,9.786045,0.0,0.0,0.9081,1
1.201368,8.541404,4.336324,0.071256,0.308987,1.171609,0.039176,-14.248107,1.0,0.0,0.998957,9.905969,0.0,0.0,0.6508,1
2.197798,14.298716,3.169461,0.149073,0.47248,0.728323,0.032154,-0.587074,1.0,0.0,0.999502,10.483779,0.0,0.0,0.0274,0
0.08682,8.453711,4.109517,0.077611,0.318945,0.725287,0.055911,-1.824568,1.0,0.0,0.999855,10.766707,0.0,0.0,0.1403,1
-1.78005,-1.329058,0.128119,0.073153,0.009372,0.596816,0.037726,11.949541,1.0,19.0,0.998861,11.045959,0.0,0.0,0.8017,1
2.618621,7.529511,3.846438,0.061374,0.236073,0.055496,0.067343,-1.107823,1.0,0.0,0.974547,9.711959,0.0,0.0,0.0365,0
2.782203,16.640378,12.0,0.026368,0.40108,0.328058,0.081555,-2.515734,1.0,0.0,0.99833,11.076341,0.0,0.0,0.0325,0
3.152204,12.927834,8.240929,0.043349,0.357235,0.593796,0.105034,14.493643,1.0,0.0,0.997959,10.103906,0.0,0.0,0.027,0
2.095606,4.688419,3.6065,0.029218,0.105373,0.739826,0.032035,-10.382838,1.0,0.0,0.995783,10.712931,0.0,0.0,0.0735,0
-0.087528,-0.087528,12.0,0.0,-0.284326,1.135724,0.034133,-16.844221,1.0,1.0,0.998592,10.431362,0.0,0.0,0.1676,0
1.189216,5.250033,12.0,0.0,0.150432,0.087029,0.091586,6.623183,1.0,0.0,0.513967,11.358343,0.0,0.0,0.0783,0
2.48892,9.301034,2.268896,0.159962,0.362938,0.626627,0.683644,-1.066199,1.0,0.0,0.930522,10.621952,0.0,0.0,0.7154,1
0.436036,1.448792,2.076376,0.035128,0.07294,1.103934,0.031929,13.591777,1.0,0.0,0.999246,10.639271,0.0,0.0,0.1499,0
-1.067483,2.485171,12.0,0.0,0.066006,0.409099,0.426912,25.12039,0.347389,7.0,0.714951,10.666743,1.0,56.333333,0.1275,0
1.561221,2.309225,12.0,0.0,-0.019242,0.73555,0.104387,-2.417452,1.0,0.0,0.988155,10.137018,0.0,0.0,0.0643,0
-0.311043,10.259201,7.546385,0.042392,0.319908,0.412695,0.435741,12.920561,0.353884,2.0,0.976236,11.055326,1.0,54.984962,0.0532,0
3.931,6.620618,1.896046,0.115421,0.218844,0.033593,0.035089,1.052886,1.0,0.0,0.817498,10.706166,0.0,0.0,0.0225,0
1.949459,3.168046,1.155032,0.15571,0.17985,0.59974,0.046762,19.548599,1.0,0.0,0.997834,11.218988,0.0,0.0,0.038,0
0.634313,2.71373,1.717222,0.099515,0.170889,0.215662,0.087748,37.427413,1.0,0.0,0.724311,10.872579,0.0,0.0,0.3391,0
1.628169,16.974459,12.0,0.0,0.401929,0.074067,0.06525,7.932232,1.0,0.0,0.922951,10.903587,0.0,0.0,0.0858,0
3.90656,9.986219,4.256225,0.064235,0.273398,0.062983,0.07644,1.749201,1.0,0.0,0.599568,11.414737,0.0,0.0,0.0346,0
0.834434,2.507908,1.536057,0.115044,0.176714,0.295594,0.03601,8.708268,1.0,0.0,0.999881,11.722213,0.0,0.0,0.1082,0
2.658464,10.251335,12.0,0.0,0.219928,0.727737,0.039937,10.276137,1.0,0.0,0.992928,11.076519,0.0,0.0,0.0229,0
0.310722,0.310722,0.7746,0.064895,0.050267,1.106378,0.020904,-1.631099,1.0,0.0,0.999998,9.572447,0.0,0.0,0.1232,0
-1.358933,-1.358933,12.0,0.0,-0.1409,0.728172,0.065678,-10.57596,1.0,12.0,0.998349,10.855194,0.0,0.0,0.4439,1
3.049392,8.113695,2.445482,0.121805,0.297872,0.291414,0.022039,8.4967,1.0,0.0,0.999091,11.258737,0.0,0.0,0.0216,0
2.296021,4.985039,3.607055,0.031394,0.11324,0.628186,0.023743,40.890507,1.0,0.0,0.9931,11.111086,0.0,0.0,0.0918,1
1.155721,3.802524,12.0,0.0,0.106745,0.108791,0.025003,-19.005972,1.0,0.0,0.95927,10.850357,0.0,0.0,0.7665,1
1.984624,4.469856,1.85044,0.105782,0.195743,0.318828,0.073879,18.047813,1.0,0.0,0.986601,10.958649,0.0,0.0,0.0529,0
2.378213,4.229541,1.49444,0.076304,0.114031,0.729779,0.016496,-3.507822,1.0,0.0,0.999843,10.570938,0.0,0.0,0.0397,0
3.693422,10.284608,12.0,0.0,0.201868,0.731862,0.010438,-18.626626,1.0,0.0,0.991593,10.472678,0.0,0.0,0.1336,0
3.857267,9.295266,12.0,0.0,0.189615,0.353246,0.082271,-24.11236,1.0,0.0,0.995938,10.968897,0.0,0.0,0.1524,0
0.036895,0.036895,0.092671,0.160336,0.014858,0.103518,0.056561,-16.863086,1.0,0.0,0.888504,10.214024,0.0,0.0,0.3244,0
-0.102702,5.546468,6.471326,0.033531,0.216991,0.840594,1.01231,-3.943562,1.0,1.0,0.839813,10.805087,0.0,0.0,0.8487,1
1.129957,3.402552,1.558792,0.157987,0.246268,0.287478,0.059759,-1.557708,1.0,0.0,0.999617,10.900474,0.0,0.0,0.0924,1
2.105247,5.372821,2.337952,0.092113,0.215356,0.078153,0.074346,6.180172,1.0,0.0,0.778806,10.557808,0.0,0.0,0.0271,0
3.95296,14.177268,11.790718,0.027395,0.323009,0.725282,0.031018,-0.22914,1.0,0.0,0.999792,10.877532,0.0,0.0,0.0245,0
0.322337,0.322337,12.0,0.0,-0.040458,0.053498,0.021281,-8.491573,1.0,0.0,0.999679,11.27783,0.0,0.0,0.4066,0
2.885533,14.817333,7.814855,0.04809,0.375819,0.739037,0.056984,6.818077,1.0,0.0,0.998565,10.631573,0.0,0.0,0.0252,0
2.715772,16.568955,12.0,0.0,0.371327,0.172033,0.081385,26.010542,1.0,0.0,0.957376,11.365834,0.0,0.0,0.0271,0
-3.196981,-3.10165,12.0,0.0,-0.159384,0.665701,0.067135,-26.221172,1.0,18.0,0.997741,11.447686,0.0,0.0,0.9991,1
0.080238,5.573805,2.819282,0.075415,0.212617,0.422069,0.402151,16.221307,-0.419879,0.0,0.608502,10.475987,1.0,52.775194,0.0343,0
0.092433,8.20595,12.0,0.0,0.216757,0.460535,0.504005,23.666109,-0.170192,0.0,0.950159,11.505025,1.0,54.871429,0.0231,0
-2.293658,-1.630962,0.416828,0.149534,0.06233,0.716652,0.033704,1.088229,1.0,21.0,0.999942,10.994367,0.0,0.0,0.2699,0
1.637236,3.584637,1.713054,0.113732,0.194828,0.066371,0.036684,-9.587262,1.0,0.0,0.720973,10.938525,0.0,0.0,0.1121,0
3.026332,5.736861,2.920043,0.057917,0.169119,0.116252,0.05033,-19.9947,1.0,0.0,0.885694,11.596377,0.0,0.0,0.1039,0
2.524298,2.524298,0.632423,0.215161,0.136073,0.421391,0.093483,-44.213874,1.0,0.0,0.976012,9.432749,0.0,0.0,0.5372,1
3.812702,10.032592,12.0,0.0,0.222147,0.601701,0.026092,29.085119,1.0,0.0,0.995816,11.443143,0.0,0.0,0.0236,1
0.63915,7.082206,12.0,0.0,0.21755,1.137219,0.037776,-13.425719,1.0,0.0,0.999349,10.114188,0.0,0.0,0.9221,1
3.498471,7.271014,2.2312,0.110397,0.246318,0.33448,0.056334,17.843493,1.0,0.0,0.994634,10.937948,0.0,0.0,0.0296,0
1.755255,12.319588,12.0,0.0,0.304983,0.747489,0.843289,4.803497,1.0,0.0,0.957498,11.029748,0.0,0.0,0.4903,0
1.131153,1.992551,1.311877,0.138781,0.182064,0.213029,0.103652,-34.722652,1.0,0.0,0.416495,10.249329,0.0,0.0,0.9876,1
3.964711,4.563569,12.0,0.0,0.021412,1.105876,0.01797,-4.956664,1.0,0.0,0.999917,10.190639,0.0,0.0,0.0321,0
1.272014,2.316888,1.290129,0.160492,0.207055,0.132142,0.049084,-19.355908,1.0,0.0,0.990745,9.617185,0.0,0.0,0.5995,1
3.101532,12.491512,12.0,0.0,0.314376,0.621053,0.067154,-9.604131,1.0,0.0,0.999319,10.014111,0.0,0.0,0.1747,0
3.111998,3.111998,-0.315309,0.029227,-0.009216,0.115132,0.04134,-18.976201,1.0,0.0,0.958618,10.965357,0.0,0.0,0.2324,1
5.947836,10.425447,4.644304,0.053777,0.249758,0.653839,0.031855,-28.564322,1.0,0.0,0.996859,10.608853,0.0,0.0,0.1839,0
4.129107,4.129107,12.0,0.0,-0.004618,1.155954,0.044552,-16.64325,1.0,0.0,0.999204,10.394022,0.0,0.0,0.139,1
1.782796,19.799204,8.606083,0.057407,0.49405,0.294601,0.021084,6.868356,1.0,0.0,0.999344,10.86664,0.0,0.0,0.0384,0
3.245153,4.566041,1.770812,0.063934,0.113215,0.297732,0.029195,13.982049,1.0,0.0,0.995114,11.201467,0.0,0.0,0.0864,0
3.846388,5.234883,2.135144,0.051939,0.110898,0.063832,0.036689,-9.094878,1.0,0.0,0.952534,11.574683,0.0,0.0,0.065,0
2.180011,19.648472,12.0,0.0,0.428868,0.276236,0.043232,8.342172,1.0,0.0,0.998554,11.483851,0.0,0.0,0.0229,0
0.082136,0.082136,0.505235,0.136201,0.068813,1.095901,0.019467,3.931923,1.0,0.0,0.999958,10.349254,0.0,0.0,0.0325,0
2.561917,9.300963,12.0,0.0,0.23719,0.63069,0.051664,30.750353,1.0,0.0,0.995804,11.27802,0.0,0.0,0.0246,0
5.348637,17.333014,12.0,0.0,0.356044,0.598541,0.066734,-3.309557,1.0,0.0,0.999608,11.093422,0.0,0.0,0.0338,0
2.380915,31.614688,12.0,0.0,0.556626,0.306294,0.047726,20.735723,1.0,0.0,0.989363,11.631766,0.0,0.0,0.0255,0
0.627035,0.74222,0.772439,0.137843,0.106475,0.286154,0.041859,11.803519,1.0,0.0,0.999664,10.971044,0.0,0.0,0.1594,0
-0.449937,-0.449937,12.0,0.0,-0.057172,0.266591,0.077237,-45.090992,1.0,2.0,0.907099,11.770013,0.0,0.0,0.9985,1
-0.480388,0.062774,0.57335,0.176817,0.101378,1.128401,0.079673,34.835789,1.0,5.0,0.996736,11.400678,0.0,0.0,0.0299,0
3.024915,4.338637,1.368598,0.125505,0.171766,0.308016,0.023335,13.205696,1.0,0.0,0.996598,10.607599,0.0,0.0,0.0575,0
2.723441,12.845256,12.0,0.0,0.276802,0.769486,0.537544,35.357584,1.0,0.0,0.888766,11.23614,0.0,0.0,0.524,1
1.687793,3.242526,0.994987,0.151924,0.151163,0.730129,0.043015,13.666951,1.0,0.0,0.990883,11.116325,0.0,0.0,0.0348,0
3.086413,8.093471,3.901675,0.061463,0.239807,0.302704,0.033707,-5.629083,1.0,0.0,0.999868,10.032498,0.0,0.0,0.0402,0
4.491913,13.450838,6.53414,0.051165,0.334321,0.089765,0.08135,-12.721421,1.0,0.0,0.872318,10.581401,0.0,0.0,0.0537,0
0.910212,2.151226,2.626631,0.030498,0.080107,0.084902,0.050171,11.860652,1.0,0.0,0.695535,10.963647,0.0,0.0,0.1938,0
1.401597,10.822332,12.0,0.0,0.264612,0.737357,0.055445,10.055844,1.0,0.0,0.997945,10.782737,0.0,0.0,0.0253,0
3.548475,3.928106,0.99453,0.191408,0.190361,1.121647,0.071376,12.888925,1.0,0.0,0.999573,9.309072,0.0,0.0,0.0263,0
0.79734,4.333837,8.060452,0.018447,0.148691,0.317117,0.082013,20.389361,1.0,0.0,0.978922,10.898535,0.0,0.0,0.1587,0
-1.176201,-1.176201,12.0,0.0,-0.09657,0.751927,0.049646,-18.277321,1.0,13.0,0.998469,10.661047,0.0,0.0,0.9146,1
3.692103,12.31809,12.0,0.0,0.274302,0.080202,0.05638,-7.435938,1.0,0.0,0.913223,11.278716,0.0,0.0,0.0612,1
3.16684,12.018897,4.630789,0.080623,0.373348,0.605143,0.041362,17.684484,1.0,0.0,0.997163,10.735956,0.0,0.0,0.0234,0
-1.891533,-1.891533,0.316793,0.135309,0.042865,0.770307,0.039037,-35.223302,1.0,17.0,0.972095,9.785025,0.0,0.0,1.0,1
3.625684,9.567653,12.0,0.0,0.219987,0.604862,0.075119,14.831124,1.0,0.0,0.998737,10.658754,0.0,0.0,0.0251,0
1.681249,4.988798,12.0,0.0,0.141879,0.605055,0.041928,2.215675,1.0,0.0,0.999917,10.255116,0.0,0.0,0.0735,0
3.734814,17.005242,12.0,0.0,0.364865,0.100805,0.069922,13.685138,1.0,0.0,0.987691,11.203681,0.0,0.0,0.0262,0
2.043729,6.8787,4.474503,0.054262,0.242797,0.462796,0.583554,-29.013168,1.0,0.0,0.964088,11.618722,0.0,0.0,0.6128,0
4.805591,16.240278,8.901308,0.043595,0.388049,0.580603,0.054093,16.759042,1.0,0.0,0.998309,10.546518,0.0,0.0,0.0258,0
3.61986,5.155704,12.0,0.0,0.049161,0.593746,0.07715,16.735675,1.0,0.0,0.999636,11.172831,0.0,0.0,0.0603,0
5.871847,28.731405,12.0,0.0,0.495912,1.114406,0.019413,-0.807503,1.0,0.0,0.999999,9.501427,0.0,0.0,0.0238,0
4.098191,6.536848,1.512687,0.186944,0.282787,1.14669,0.052107,-15.24439,1.0,0.0,0.999139,10.556111,0.0,0.0,0.0883,1
3.382314,9.805159,12.0,0.0,0.205197,0.599481,0.676681,-14.666462,1.0,0.0,0.909176,11.349826,0.0,0.0,0.8841,1
2.597278,16.940312,12.0,0.0,0.380638,0.161847,0.04776,23.369861,1.0,0.0,0.918822,11.573788,0.0,0.0,0.026,0
3.323785,9.983073,12.0,0.0,0.209586,0.558853,0.571061,13.791829,1.0,0.0,0.932299,10.243064,0.0,0.0,0.4354,0
2.605185,23.576851,12.0,0.03848,0.511672,0.312257,0.085714,19.372771,1.0,0.0,0.987132,10.847868,0.0,0.0,0.0248,0
0.544965,3.149061,1.457612,0.18703,0.272618,0.712144,0.723525,19.063458,1.0,0.0,0.947039,10.244231,0.0,0.0,0.7052,0
2.476335,8.901984,12.0,0.0,0.214233,0.31414,0.082589,19.74896,1.0,0.0,0.992912,11.121895,0.0,0.0,0.0284,0
2.882146,4.237921,1.233129,0.218654,0.269628,1.130562,0.08873,1.396134,1.0,0.0,0.999992,10.736083,0.0,0.0,0.0418,0
-0.248776,8.600154,12.0,0.0,0.240263,0.365197,0.445018,11.695973,-0.247961,3.0,0.952916,11.423873,1.0,52.978261,0.9037,1
1.123529,1.688669,0.540195,0.097692,0.052773,0.588867,0.050877,15.613507,1.0,0.0,0.999182,10.828886,0.0,0.0,0.1452,0
3.757155,11.2881,12.0,0.0,0.24546,0.066369,0.028856,11.019216,1.0,0.0,0.916625,11.655866,0.0,0.0,0.0224,1
2.139868,15.462216,3.415727,0.152009,0.519223,0.295984,0.082191,-10.16944,1.0,0.0,0.995722,11.336674,0.0,0.0,0.1413,0
1.45569,2.697373,12.0,0.0,0.047496,0.310845,0.06132,4.513748,1.0,0.0,0.999686,10.827463,0.0,0.0,0.0759,0
2.981849,3.88144,1.069065,0.132568,0.141724,0.596796,0.037536,9.82714,1.0,0.0,0.999119,10.9587,0.0,0.0,0.0332,1
1.987617,10.502375,12.0,0.0,0.25342,0.747178,0.032958,-32.085681,1.0,0.0,0.984994,10.508932,0.0,0.0,0.4095,0
2.616519,22.456702,7.227996,0.072333,0.522822,0.721187,0.013733,4.569995,1.0,0.0,0.999572,10.854642,0.0,0.0,0.0215,0
-0.089245,11.031026,4.722684,0.082984,0.391907,0.71588,0.098025,-3.96526,1.0,2.0,0.996454,10.98347,0.0,0.0,0.7303,0
1.211796,17.727048,12.0,0.0,0.403408,0.891059,0.718404,89.671246,1.0,0.0,0.643234,10.870958,0.0,0.0,0.4032,0
3.254313,27.999531,9.483111,0.060883,0.577357,0.607664,0.737137,18.259296,1.0,0.0,0.972688,11.817034,0.0,0.0,0.3001,0
0.464867,10.918877,12.0,0.0,0.278072,0.430327,0.534852,41.766378,0.549038,0.0,0.478899,10.98139,1.0,55.541353,0.0238,0
6.611816,23.046841,12.0,0.0,0.442367,0.672238,0.042302,-40.781457,1.0,0.0,0.989256,10.249465,0.0,0.0,0.2871,1
-0.646452,0.070507,0.787673,0.145261,0.114418,0.604952,0.036996,15.801565,1.0,9.0,0.998793,11.285912,0.0,0.0,0.2216,0
3.88116,4.225611,12.0,0.0,0.04675,0.682345,0.034282,-37.467655,1.0,0.0,0.99184,9.694572,0.0,0.0,0.2359,0
1.512644,12.691914,12.0,0.0,0.323574,0.680952,0.682659,6.173827,1.0,0.0,0.99811,11.957381,0.0,0.0,0.2187,0
3.061186,10.777355,2.934282,0.139686,0.409878,0.600307,0.031458,9.717773,1.0,0.0,0.999785,10.379335,0.0,0.0,0.023,0
0.82488,7.917941,12.0,0.0,0.233793,0.062215,0.02825,8.725809,1.0,0.0,0.888884,11.342224,0.0,0.0,0.1023,0
3.233371,24.773092,9.022874,0.061519,0.555075,0.607099,0.033812,26.399052,1.0,0.0,0.996984,10.352136,0.0,0.0,0.0288,0
0.823295,14.071387,10.817716,0.036875,0.398908,0.318891,0.03045,19.541043,1.0,0.0,0.997883,10.301271,0.0,0.0,0.1238,0
1.91262,3.415773,1.26722,0.079394,0.100609,0.645662,0.757597,51.017865,1.0,0.0,0.892324,10.953396,0.0,0.0,0.9149,0
3.75026,9.076201,2.014944,0.154351,0.311008,0.710673,0.056575,-9.685212,1.0,0.0,0.998838,10.699892,0.0,0.0,0.0743,0
3.127704,24.58345,12.0,0.0,0.47131,0.734656,0.028396,18.728456,1.0,0.0,0.995435,10.881872,0.0,0.0,0.0236,0
4.294267,12.184799,12.0,0.0,0.271068,0.591641,0.056528,-3.335367,1.0,0.0,0.99992,10.488475,0.0,0.0,0.0329,0
3.288054,16.272855,5.934693,0.072901,0.432648,0.044093,0.034683,5.530245,1.0,0.0,0.830189,10.96169,0.0,0.0,0.0226,0
0.892399,3.717838,1.930858,0.113052,0.218287,0.598841,0.059348,14.798196,1.0,0.0,0.999084,10.873687,0.0,0.0,0.0717,0
-0.006827,-0.006827,0.743209,0.205306,0.152585,1.104692,0.071565,10.678347,1.0,1.0,0.99973,10.699529,0.0,0.0,0.0725,0
1.758197,1.758197,0.28771,0.148089,0.042607,1.071407,0.023732,8.255874,1.0,0.0,0.999801,10.631134,0.0,0.0,0.0218,0
0.510761,6.753608,3.612641,0.081297,0.293696,0.041578,0.043834,5.154725,1.0,0.0,0.965474,11.333421,0.0,0.0,0.1696,0
1.712376,4.257875,12.0,0.0,0.133604,0.693814,0.020065,-43.635204,1.0,0.0,0.988419,10.11232,0.0,0.0,0.9986,1
2.49694,8.187435,6.182486,0.028481,0.176084,0.404263,0.464859,4.034281,-0.157962,0.0,0.899407,10.194723,1.0,51.687023,0.0703,0
2.46619,21.622461,12.0,0.0,0.453709,0.054274,0.041233,0.616081,1.0,0.0,0.953261,11.806588,0.0,0.0,0.0262,0
1.103363,3.182835,2.064722,0.073535,0.15183,0.126436,0.026328,21.236737,1.0,0.0,0.834881,11.286184,0.0,0.0,0.1592,0
4.593278,29.983815,12.0,0.0,0.524224,0.314571,0.043078,-8.84361,1.0,0.0,0.992784,11.469176,0.0,0.0,0.0596,1
0.103222,0.103222,-1.080953,0.057337,-0.061979,0.293424,0.047162,-6.597181,1.0,0.0,0.998159,11.28462,0.0,0.0,0.6482,1
3.772314,18.520405,6.107376,0.075663,0.462101,0.308304,0.024017,19.759363,1.0,0.0,0.994781,11.075792,0.0,0.0,0.0219,0
0.825323,4.455847,12.0,0.0,0.136193,0.299751,0.067193,0.367038,1.0,0.0,0.998055,11.434259,0.0,0.0,0.1532,0
4.044156,7.374858,12.0,0.0,0.120951,1.05739,0.07092,37.95151,1.0,0.0,0.995478,11.169018,0.0,0.0,0.0249,0
1.46072,10.055091,12.0,0.0,0.229753,0.387809,0.374376,33.491347,-0.00433,0.0,0.823324,10.11471,1.0,56.421429,0.0229,0
2.87246,11.075863,2.961103,0.144964,0.429252,0.60299,0.043932,-2.698308,1.0,0.0,0.999715,9.733108,0.0,0.0,0.0572,0
-0.850036,-0.462532,12.0,0.0,-0.044501,0.598315,0.055167,-5.06915,1.0,9.0,0.99991,10.465668,0.0,0.0,0.5675,1
-0.405263,5.774813,2.086417,0.168883,0.352361,0.73818,0.093067,8.395036,1.0,3.0,0.996107,10.727529,0.0,0.0,0.1794,0
-1.871745,-1.871745,12.0,0.0,-0.148841,0.728214,0.078991,-11.225546,1.0,15.0,0.985652,11.570535,0.0,0.0,0.724,0
-0.304504,-0.304504,0.077868,0.100683,0.00784,1.133345,0.039231,10.648791,1.0,2.0,0.999603,10.759794,0.0,0.0,0.0334,0
1.903236,6.216169,12.0,0.0,0.148375,1.057614,0.091619,41.148254,1.0,0.0,0.995507,9.918218,0.0,0.0,0.0255,0
1.244191,11.963284,12.0,0.0,0.283846,0.364869,0.349661,1.618152,-0.172148,0.0,0.70568,10.436816,1.0,56.007634,0.0798,0
-0.174602,2.179438,12.0,0.0,0.036777,0.381036,0.418362,26.649186,0.252542,3.0,0.961253,10.785911,1.0,52.349206,0.0556,0
1.847317,36.365853,12.0,0.0,0.589789,0.694554,0.819218,57.278658,1.0,0.0,0.934463,10.408059,0.0,0.0,0.3639,0
0.847871,6.015233,12.0,0.0,0.152177,0.715076,0.043999,-4.547875,1.0,0.0,0.998571,10.104736,0.0,0.0,0.0507,0
4.791389,23.881082,12.0,0.0,0.453342,0.310198,0.023259,-9.595296,1.0,0.0,0.999981,10.609271,0.0,0.0,0.0614,0
2.4504,19.885758,11.65647,0.040554,0.472718,0.082599,0.088335,7.119415,1.0,0.0,0.913025,10.724544,0.0,0.0,0.0248,0
1.882291,11.434768,12.0,0.0,0.294759,0.091168,0.059243,-14.193833,1.0,0.0,0.705214,10.787779,0.0,0.0,0.1423,0
1.187817,4.676113,1.439646,0.131803,0.189749,0.469211,0.53045,11.003299,0.119142,0.0,0.934809,10.960928,1.0,53.621429,0.0644,0
3.124675,3.157056,12.0,0.0,-0.057254,1.062769,0.020167,14.951156,1.0,0.0,0.999263,11.335983,0.0,0.0,0.0301,1
2.966563,4.633755,12.0,0.0,0.025793,0.770306,0.034421,-35.331927,1.0,0.0,0.967021,10.315526,0.0,0.0,0.4835,0
2.067607,7.93502,2.564659,0.152013,0.389863,0.671935,0.095723,-39.802094,1.0,0.0,0.988881,10.889957,0.0,0.0,0.9961,1
-3.223174,-3.223174,-1.851543,0.156034,-0.288904,1.153286,0.05287,-30.455723,1.0,7.0,0.995252,9.22485,0.0,0.0,0.5631,1
1.908297,7.398847,5.35493,0.043723,0.234134,1.065072,0.02704,0.539924,1.0,0.0,0.999996,10.527172,0.0,0.0,0.0404,0
4.380962,5.264707,1.263927,0.142446,0.180041,0.618968,0.063151,-10.859672,1.0,0.0,0.999637,10.58366,0.0,0.0,0.0808,0
4.514989,15.754155,12.0,0.0,0.346651,0.597207,0.027867,2.639979,1.0,0.0,0.999989,11.472694,0.0,0.0,0.0232,0
2.586957,6.516787,2.501493,0.102445,0.256266,0.599739,0.037841,23.959222,1.0,0.0,0.99744,11.210649,0.0,0.0,0.0233,0
0.212278,4.602544,2.433836,0.10482,0.255116,0.593712,0.642846,-34.097513,1.0,0.0,0.871187,10.838704,0.0,0.0,0.6332,1
1.390557,5.464666,2.729926,0.069151,0.188778,0.808519,0.075608,35.781088,1.0,0.0,0.9747,11.532489,0.0,0.0,0.0461,0
2.069424,13.723178,12.0,0.0,0.351265,0.590542,0.054965,-1.004305,1.0,0.0,0.99975,10.252423,0.0,0.0,0.2172,1
-5.136665,-5.136665,-0.778816,0.216755,-0.168812,1.101543,0.107574,-0.118563,1.0,17.0,0.999987,10.309261,0.0,0.0,0.2435,1
-0.598405,0.00355,12.0,0.0,-0.047283,0.729514,0.087757,-2.856687,1.0,8.0,0.989481,10.901245,0.0,0.0,0.187,1
0.889847,6.702976,3.94168,0.068239,0.268977,0.057766,0.0496,1.332826,1.0,0.0,0.950131,11.657497,0.0,0.0,0.1141,0
3.439539,31.365895,12.0,0.0,0.544379,0.309399,0.063448,30.193542,1.0,0.0,0.991289,10.924343,0.0,0.0,0.0251,0
2.395783,6.796788,2.11401,0.151412,0.320086,0.162479,0.084958,-26.297382,1.0,0.0,0.890094,10.919575,0.0,0.0,0.1916,0
1.362977,5.277547,12.0,0.0,0.107606,0.716261,0.08423,-18.538023,1.0,0.0,0.987642,10.43667,0.0,0.0,0.1535,1
2.21499,6.443864,5.173623,0.036372,0.188173,0.147278,0.023927,24.65447,1.0,0.0,0.996159,11.414521,0.0,0.0,0.029,0
0.567075,2.223232,1.495139,0.115898,0.173284,0.585206,0.713095,-44.29057,1.0,0.0,0.979214,11.038899,0.0,0.0,0.9379,1
0.556363,9.279532,3.02463,0.133953,0.405159,0.290373,0.067938,1.315808,1.0,0.0,0.998525,10.281674,0.0,0.0,0.2046,0
2.379295,9.718364,12.0,0.0,0.238908,0.300376,0.0272,12.365048,1.0,0.0,0.997222,10.653995,0.0,0.0,0.022,0
4.550275,6.290408,1.284927,0.234776,0.30167,1.107486,0.020965,-7.142348,1.0,0.0,0.999838,10.717726,0.0,0.0,0.0403,0
1.240983,10.272263,9.298871,0.034289,0.318851,0.1237,0.047408,-22.201045,1.0,0.0,0.975287,11.169518,0.0,0.0,0.8621,1
0.965239,3.289358,12.0,0.0,0.092058,0.023979,0.02275,-1.226927,1.0,0.0,0.948857,10.537806,0.0,0.0,0.1203,0
0.362791,1.564448,12.0,0.0,0.004204,0.71479,0.061016,4.73094,1.0,0.0,0.998928,10.913646,0.0,0.0,0.0761,0
2.770157,10.362593,12.0,0.0,0.263338,0.571675,0.088339,16.269167,1.0,0.0,0.997357,10.497938,0.0,0.0,0.0252,0
1.718874,1.718874,0.581212,0.090834,0.052794,0.099535,0.05207,-14.019821,1.0,0.0,0.955896,10.651569,0.0,0.0,0.1926,0
4.283505,18.033044,12.0,0.0,0.373649,0.296954,0.03133,-5.860671,1.0,0.0,0.999797,11.201298,0.0,0.0,0.044,0
2.286672,18.953322,10.711683,0.043293,0.463741,0.065768,0.046239,-3.977646,1.0,0.0,0.972317,10.755345,0.0,0.0,0.0281,0
1.903624,13.183881,12.0,0.0,0.328386,0.027552,0.029602,2.0284,1.0,0.0,0.858623,10.076203,0.0,0.0,0.026,0
1.137055,9.682558,12.0,0.0,0.271314,0.039335,0.043438,2.752763,1.0,0.0,0.984796,10.496327,0.0,0.0,0.0894,0
4.215532,10.009049,12.0,0.0,0.219971,0.598564,0.030452,1.058209,1.0,0.0,0.999883,10.971622,0.0,0.0,0.0264,0
4.949731,15.975745,12.0,0.0,0.320571,1.08456,0.022499,-1.246667,1.0,0.0,0.999997,9.837303,0.0,0.0,0.0304,0
0.933826,5.673197,12.0,0.0,0.170108,0.316817,0.088173,5.871685,1.0,0.0,0.994944,10.176952,0.0,0.0,0.0924,1
-0.409242,3.000563,12.0,0.0,0.088807,0.757699,0.041449,25.439601,1.0,3.0,0.977435,10.358047,0.0,0.0,0.2099,0
1.435671,14.287361,3.212705,0.149346,0.479806,0.461275,0.369577,14.674671,-0.45371,0.0,0.977133,10.298476,1.0,53.941176,0.0247,0
3.08545,8.056131,12.0,0.0,0.17713,0.61975,0.074115,33.382691,1.0,0.0,0.996109,11.018963,0.0,0.0,0.0372,0
1.121735,5.595014,1.674947,0.193108,0.323445,0.716954,0.024265,-6.823792,1.0,0.0,0.998393,11.1495,0.0,0.0,0.0528,0
0.999258,6.476744,12.0,0.0,0.191001,0.034054,0.023573,4.211734,1.0,0.0,0.966298,10.736511,0.0,0.0,0.0752,0
0.982549,2.738833,1.427179,0.17556,0.250556,0.599255,0.042892,-1.61784,1.0,0.0,1.0,11.747977,0.0,0.0,0.1079,0
5.28598,9.242049,7.820849,0.026926,0.210583,0.639139,0.04267,-20.444838,1.0,0.0,0.997967,11.004568,0.0,0.0,0.1017,0
1.303532,27.794521,11.002706,0.053068,0.583896,0.144892,0.085485,25.598664,1.0,0.0,0.954464,10.721721,0.0,0.0,0.1026,0
3.585367,8.14013,7.796616,0.027245,0.212422,0.601477,0.05035,1.294712,1.0,0.0,0.999936,10.607452,0.0,0.0,0.0267,0
1.845327,13.149497,4.211102,0.101951,0.429327,0.075455,0.105118,1.695095,1.0,0.0,0.965179,10.62528,0.0,0.0,0.0302,0
1.174887,3.355463,1.629984,0.113522,0.185038,0.687528,0.765348,0.860765,1.0,0.0,0.951682,11.617187,0.0,0.0,0.4714,1
0.53249,0.812761,1.351003,0.064283,0.086847,0.652164,0.038707,-26.764997,1.0,0.0,0.995228,10.94496,0.0,0.0,0.9931,1
0.642494,1.087956,1.029179,0.15503,0.159554,0.615477,0.03091,-16.657818,1.0,0.0,0.998756,10.597346,0.0,0.0,0.5427,1
-0.371691,16.14412,12.0,0.0,0.385127,0.436613,0.467341,32.238582,0.427817,2.0,0.924588,11.43995,1.0,52.674242,0.0491,0
7.054757,23.956052,12.0,0.0,0.423785,1.181282,0.066768,-32.458558,1.0,0.0,0.994496,10.522253,0.0,0.0,0.3017,0
1.238312,14.358232,12.0,0.0,0.361408,0.297468,0.058176,5.570934,1.0,0.0,0.996206,11.311266,0.0,0.0,0.0839,1
2.059136,19.893211,5.243043,0.102109,0.535363,0.156543,0.030724,23.975605,1.0,0.0,0.854074,11.671652,0.0,0.0,0.0237,0
2.38725,9.919305,12.0,0.0,0.230473,0.732148,0.052611,-16.603939,1.0,0.0,0.997128,10.630073,0.0,0.0,0.1264,0
0.358351,12.248206,12.0,0.0,0.332455,0.460452,0.482672,-1.176092,1.0,0.0,0.85154,10.811133,0.0,0.0,0.9786,1
1.876478,5.005756,2.187011,0.130472,0.285343,0.619628,0.051856,-13.968315,1.0,0.0,0.998727,10.645315,0.0,0.0,0.446,0
3.68752,5.599642,12.0,0.0,0.075031,0.300658,0.038507,0.373249,1.0,0.0,0.995066,11.025498,0.0,0.0,0.0464,0
3.785327,15.778185,3.338043,0.137532,0.459088,0.733593,0.075219,-4.220335,1.0,0.0,0.999444,10.369154,0.0,0.0,0.0702,0
0.774675,8.989877,12.0,0.0,0.266072,0.107196,0.039024,-15.653452,1.0,0.0,0.912639,10.772647,0.0,0.0,0.9283,1
2.833602,10.941385,5.514217,0.060779,0.335148,0.602661,0.046695,22.857344,1.0,0.0,0.996488,10.787796,0.0,0.0,0.0239,0
2.381172,14.342382,12.0,0.0,0.323456,0.733684,0.052264,-8.752754,1.0,0.0,0.99278,10.802129,0.0,0.0,0.0649,0
2.234986,12.633153,5.492482,0.068684,0.377245,0.301909,0.039416,1.602708,1.0,0.0,0.99814,10.424666,0.0,0.0,0.0226,0
-0.366654,0.620836,12.0,0.0,-0.012829,0.72732,0.065332,-11.151593,1.0,4.0,0.999686,10.404645,0.0,0.0,0.6486,0
3.737978,15.361171,12.0,0.0,0.337109,0.053855,0.054832,-2.749878,1.0,0.0,0.937282,11.598994,0.0,0.0,0.0414,0
2.609083,12.234855,4.955832,0.074195,0.367696,0.05972,0.022342,8.719701,1.0,0.0,0.848152,10.764084,0.0,0.0,0.0223,0
2.498116,4.745258,12.0,0.0,0.111282,0.615026,0.03818,-10.293059,1.0,0.0,0.999664,11.895157,0.0,0.0,0.0808,0
4.159827,8.064442,12.0,0.0,0.14551,0.319291,0.102921,-4.0315,1.0,0.0,0.993517,10.678094,0.0,0.0,0.0352,0
0.331562,1.162166,0.983705,0.159413,0.156815,1.034406,0.06003,28.856397,1.0,0.0,0.997633,10.949852,0.0,0.0,0.0628,0
2.068966,2.068966,0.878379,0.135755,0.119244,0.301966,0.031898,-5.397125,1.0,0.0,0.998912,10.637429,0.0,0.0,0.0767,0
1.818348,2.987678,0.787075,0.084225,0.066291,0.725206,0.032613,5.243144,1.0,0.0,0.999962,10.731566,0.0,0.0,0.0322,0
0.323902,0.323902,-0.454206,0.052703,-0.023938,0.026456,0.033498,-0.558459,1.0,0.0,0.598663,11.380568,0.0,0.0,0.3746,0
2.118061,13.988862,7.216896,0.055183,0.398246,0.145691,0.104353,-21.859647,1.0,0.0,0.688123,10.758515,0.0,0.0,0.488,1
-0.405682,-0.383949,-0.056898,0.104662,-0.005955,1.09096,0.035365,22.630779,1.0,5.0,0.998436,9.900194,0.0,0.0,0.0357,0
2.639433,4.802467,1.398282,0.202083,0.282569,1.088731,0.024216,12.992066,1.0,0.0,0.999389,11.110244,0.0,0.0,0.022,0
2.632375,17.234162,12.0,0.0,0.396232,0.638922,0.074375,46.236693,1.0,0.0,0.991062,11.349165,0.0,0.0,0.0253,0
2.105294,7.193893,12.0,0.0,0.17546,0.529041,0.520142,34.699268,1.0,0.0,0.887762,11.894711,0.0,0.0,0.2117,0
1.268868,12.423657,12.0,0.024791,0.32727,0.774263,0.057996,30.770222,1.0,0.0,0.973049,11.278502,0.0,0.0,0.0249,0
-2.687949,-2.614941,-0.560707,0.116859,-0.065524,0.631666,0.093144,-10.183848,1.0,17.0,0.998895,10.446873,0.0,0.0,0.7306,1
3.411705,15.021244,12.0,0.0,0.335191,0.042459,0.043092,4.261218,1.0,0.0,0.924253,11.517921,0.0,0.0,0.0244,0
0.922903,13.07424,12.0,0.0,0.331136,0.770581,0.017703,28.005374,1.0,0.0,0.981846,11.558789,0.0,0.0,0.034,0
1.756566,12.508812,12.0,0.0,0.314833,0.157773,0.04238,27.380189,1.0,0.0,0.590222,10.615993,0.0,0.0,0.0242,0
0.135571,5.856248,2.017204,0.159141,0.32102,0.717259,0.051355,7.689679,1.0,0.0,0.993748,10.753122,0.0,0.0,0.055,0
2.357008,4.910639,5.756346,0.020114,0.115781,0.288892,0.047987,21.296536,1.0,0.0,0.997504,12.190176,0.0,0.0,0.0599,0
2.943299,4.470394,1.740065,0.084015,0.146191,0.05508,0.064396,2.001968,1.0,0.0,0.623792,10.717609,0.0,0.0,0.0274,0
0.791223,5.475111,2.092593,0.098204,0.205501,0.37969,0.355531,21.995659,0.090618,0.0,0.959818,11.055852,1.0,54.992593,0.023,0
3.145109,7.913261,2.201079,0.115428,0.254066,0.727529,0.052991,2.28108,1.0,0.0,0.998706,10.646751,0.0,0.0,0.0243,0
1.667003,6.355326,2.564323,0.117503,0.301316,0.59826,0.058479,17.403315,1.0,0.0,0.99817,10.526188,0.0,0.0,0.0729,0
1.703686,3.343968,12.0,0.0,-0.006693,0.415011,0.492357,-3.936506,0.131579,0.0,0.758669,10.810813,1.0,54.829457,0.1946,0
2.372242,7.538581,2.272139,0.127829,0.290445,0.715465,0.025323,-5.713015,1.0,0.0,0.999449,10.76894,0.0,0.0,0.0426,0
3.189832,6.069997,2.106522,0.094543,0.199157,1.096676,0.06877,23.97492,1.0,0.0,0.997844,10.344719,0.0,0.0,0.0244,0
1.233569,4.719694,12.0,0.0,0.152353,0.601191,0.053963,2.748583,1.0,0.0,0.999755,10.995174,0.0,0.0,0.186,0
2.275942,18.219178,4.849502,0.101144,0.490496,0.791058,0.039627,38.116396,1.0,0.0,0.97145,10.99433,0.0,0.0,0.0258,0
1.151667,2.79582,1.769645,0.04274,0.075634,0.771938,0.999391,14.958434,1.0,0.0,0.623263,11.073048,0.0,0.0,0.3209,0
-0.34635,1.102077,0.940368,0.194738,0.183126,0.538203,0.65898,-18.33237,0.07341,1.0,0.99997,10.054152,1.0,56.883721,0.9007,1
1.855304,10.644925,12.0,0.0,0.273203,0.280522,0.069727,22.321462,1.0,0.0,0.997609,11.220375,0.0,0.0,0.0244,0
2.127977,5.191585,12.0,0.0,0.132857,0.610266,0.056484,4.294473,1.0,0.0,0.999929,11.36082,0.0,0.0,0.0325,1
0.677266,7.699806,2.095415,0.182979,0.383418,0.728482,0.071722,-2.448745,1.0,0.0,0.998676,10.782853,0.0,0.0,0.0428,0
-2.240565,-2.240565,12.0,0.0,-0.130199,0.756801,0.036018,-29.636651,1.0,16.0,0.980381,10.455794,0.0,0.0,0.9993,1
-2.55684,-2.55684,-0.1355,0.129145,-0.017499,0.107022,0.062433,-15.84623,1.0,19.0,0.997819,10.967595,0.0,0.0,0.9921,1
0.701953,9.336384,4.302324,0.081476,0.350535,0.297979,0.082717,5.907195,1.0,0.0,0.996105,9.591385,0.0,0.0,0.133,0
3.637894,10.218077,12.0,0.0,0.219157,0.28204,0.059593,12.366496,1.0,0.0,0.999566,11.728663,0.0,0.0,0.026,0
1.847168,6.45287,12.0,0.0,0.167232,0.323913,0.108678,-9.640022,1.0,0.0,0.9958,11.148124,0.0,0.0,0.0333,0
0.478675,5.346238,12.0,0.0,0.166709,0.643609,0.768658,-2.709769,1.0,0.0,0.923896,10.270449,0.0,0.0,0.8026,1
2.81645,13.819006,12.0,0.0,0.322318,0.056179,0.079907,-0.288599,1.0,0.0,0.876821,10.977464,0.0,0.0,0.0254,0
1.287055,5.131888,2.072922,0.135158,0.280171,0.06149,0.031809,-8.74922,1.0,0.0,0.997214,11.531638,0.0,0.0,0.2107,1
2.30267,7.436697,12.0,0.0,0.176119,1.084109,0.019788,16.255983,1.0,0.0,0.999199,10.47005,0.0,0.0,0.0227,0
2.877073,5.153199,12.0,0.0,0.050802,0.753484,0.091059,-27.303742,1.0,0.0,0.997534,10.512486,0.0,0.0,0.4247,1
2.111536,13.431383,12.0,0.0,0.326764,0.291822,0.035508,11.938712,1.0,0.0,0.999199,11.676217,0.0,0.0,0.0236,0
3.06938,17.274997,12.0,0.0,0.377557,0.145183,0.043461,23.27534,1.0,0.0,0.878065,11.018933,0.0,0.0,0.0248,0
3.745618,6.603166,12.0,0.0,0.134543,0.636502,0.029767,-14.096884,1.0,0.0,0.998864,10.997868,0.0,0.0,0.0721,0
2.577374,9.777867,12.0,0.0,0.219088,0.730148,0.036553,-7.666221,1.0,0.0,0.996369,11.249992,0.0,0.0,0.0779,1
1.826085,3.024119,12.0,0.0,0.051293,0.044622,0.039568,-5.791102,1.0,0.0,0.776612,10.719336,0.0,0.0,0.0854,1
0.179469,0.849398,1.259251,0.111305,0.140161,0.324807,0.076541,-15.321968,1.0,0.0,0.992974,10.459685,0.0,0.0,0.9627,1
0.736797,4.631611,2.243709,0.115593,0.259356,0.031472,0.029891,3.237921,1.0,0.0,0.958501,10.096388,0.0,0.0,0.1045,0
-0.706015,0.330562,0.933748,0.0617,0.057612,0.514372,0.647968,32.646139,1.0,14.0,0.80466,10.792695,0.0,0.0,0.9978,1
4.642968,7.939646,2.380439,0.093057,0.221515,0.142528,0.102724,-15.633531,1.0,0.0,0.953494,10.459155,0.0,0.0,0.1603,0
0.767389,3.471116,12.0,0.0,0.100033,1.115406,0.025232,4.3095,1.0,0.0,0.999863,10.256011,0.0,0.0,0.099,0
3.589974,4.087187,12.0,0.0,0.01945,1.147687,0.088154,-14.25379,1.0,0.0,0.998927,10.639322,0.0,0.0,0.0518,1
1.045545,4.403719,12.0,0.0,0.125467,0.300718,0.085615,2.813161,1.0,0.0,0.995626,11.168391,0.0,0.0,0.098,0
3.109076,10.034925,12.0,0.0,0.228804,0.125007,0.056956,19.01196,1.0,0.0,0.948135,12.075602,0.0,0.0,0.0249,0
3.182835,13.235802,12.0,0.0,0.300256,0.323472,0.033765,23.445163,1.0,0.0,0.99406,11.146725,0.0,0.0,0.0236,0
2.282158,7.628635,2.493738,0.124089,0.309445,0.291603,0.02715,16.845837,1.0,0.0,0.998739,11.141381,0.0,0.0,0.0222,0
3.958345,10.780211,4.335134,0.070477,0.305525,0.113337,0.055195,-20.197565,1.0,0.0,0.908443,11.52103,0.0,0.0,0.1201,0
0.88111,5.399547,1.580112,0.219527,0.346878,0.724121,0.025774,-13.699905,1.0,0.0,0.992096,10.453648,0.0,0.0,0.1067,0
-0.137411,8.278694,12.0,0.0,0.223287,0.340653,0.357969,24.595911,0.054444,1.0,0.898409,10.6331,1.0,54.455882,0.0339,0
0.070016,5.647853,1.977805,0.131032,0.259156,0.784855,0.717813,43.300865,1.0,0.0,0.919962,11.132636,0.0,0.0,0.4185,0
-2.372963,-2.372963,-0.624905,0.300353,-0.187692,1.119068,0.030652,-20.278728,1.0,5.0,0.99855,10.45969,0.0,0.0,0.4039,0
3.309747,16.410514,7.96914,0.051866,0.413331,0.302045,0.03309,0.544692,1.0,0.0,0.998511,11.879498,0.0,0.0,0.0223,0
4.135662,15.113265,3.851671,0.11329,0.436355,0.040946,0.04284,0.489101,1.0,0.0,0.836378,11.145473,0.0,0.0,0.0227,0
3.078354,7.328908,12.0,0.0,0.155418,0.30466,0.017716,-9.535124,1.0,0.0,0.998782,10.530151,0.0,0.0,0.0542,1
3.386502,6.892929,12.0,0.0,0.129304,0.29696,0.031653,13.194619,1.0,0.0,0.996628,10.791205,0.0,0.0,0.0383,0
2.74933,24.456354,12.0,0.0,0.483817,0.103774,0.057781,15.551175,1.0,0.0,0.896056,11.733736,0.0,0.0,0.0243,0
3.004406,13.025015,12.0,0.017546,0.317879,0.12302,0.040893,21.466719,1.0,0.0,0.871832,10.630148,0.0,0.0,0.0231,0
3.516955,10.950736,10.277966,0.026142,0.26869,0.332112,0.078645,-0.367499,1.0,0.0,0.99725,10.291638,0.0,0.0,0.0269,0
2.848079,14.313364,12.0,0.0,0.330866,0.304155,0.027136,1.009101,1.0,0.0,0.999997,11.362255,0.0,0.0,0.0228,0
1.614872,3.472404,3.335334,0.034438,0.114863,0.589368,0.02118,4.231536,1.0,0.0,0.999714,10.711282,0.0,0.0,0.0433,0
4.038329,17.828376,12.0,0.0,0.386471,0.618153,0.031249,24.920018,1.0,0.0,0.99701,11.245788,0.0,0.0,0.0239,1
2.871215,8.430258,3.215323,0.087405,0.281036,0.065792,0.0245,9.566772,1.0,0.0,0.893111,10.534148,0.0,0.0,0.0229,0
0.914613,16.321556,12.0,0.0,0.391167,0.890439,0.988771,1.492541,1.0,0.0,0.630557,11.042628,0.0,0.0,0.7331,1
1.840077,2.1318,12.0,0.0,0.010132,1.122918,0.049375,-10.359731,1.0,0.0,0.999518,10.175574,0.0,0.0,0.081,0
-2.510719,-2.510719,12.0,0.0,-0.289432,1.11585,0.06428,-14.760096,1.0,8.0,0.999128,10.250695,0.0,0.0,0.1716,0
3.007122,6.095261,3.723103,0.043224,0.160927,0.032558,0.050836,-0.54149,1.0,0.0,0.855886,11.603986,0.0,0.0,0.0256,0
0.734525,13.617904,12.0,0.0,0.356846,1.105645,0.063763,-6.777187,1.0,0.0,0.999813,10.13086,0.0,0.0,0.265,0
0.895266,5.291905,2.760126,0.096124,0.265315,0.601735,0.020719,27.067858,1.0,0.0,0.996383,10.684976,0.0,0.0,0.1376,0
1.267502,13.542661,12.0,0.0,0.33701,0.727941,0.08907,2.954199,1.0,0.0,0.997016,10.469004,0.0,0.0,0.0535,0
0.396228,0.396228,0.806113,0.113557,0.09154,0.092114,0.075586,-11.897342,1.0,0.0,0.67569,11.441949,0.0,0.0,0.5967,1
0.271421,0.593547,12.0,0.0,0.009883,1.104957,0.043265,-0.618653,1.0,0.0,0.999999,10.060055,0.0,0.0,0.3015,0
4.632579,8.433387,3.696167,0.051404,0.189998,1.079297,0.055801,8.246171,1.0,0.0,0.999734,9.832697,0.0,0.0,0.0248,0
3.017076,13.031619,9.697242,0.034415,0.333732,0.304544,0.035202,25.588163,1.0,0.0,0.993254,11.117736,0.0,0.0,0.0233,0
2.371667,6.20962,12.0,0.0,0.140176,0.058554,0.050328,1.552503,1.0,0.0,0.921841,10.45021,0.0,0.0,0.0288,0
3.680509,17.510698,9.985099,0.040285,0.402247,0.722836,0.057502,-18.110848,1.0,0.0,0.986338,10.617022,0.0,0.0,0.1265,0
4.230538,11.729239,8.533506,0.036314,0.309886,0.634495,0.039815,-21.850663,1.0,0.0,0.998927,10.465686,0.0,0.0,0.1489,1
3.59897,4.080023,1.144697,0.173488,0.198592,0.174514,0.057205,-29.06475,1.0,0.0,0.938672,10.694271,0.0,0.0,0.2612,1
3.028181,6.502131,12.0,0.0,0.123647,1.123149,0.029741,46.047788,1.0,0.0,0.994716,10.406477,0.0,0.0,0.0237,0
0.809169,2.456723,1.946674,0.090648,0.176462,0.611945,0.015143,-9.718085,1.0,0.0,0.99967,9.973546,0.0,0.0,0.7339,1
0.977458,10.837167,12.0,0.0,0.302676,0.115602,0.062494,-17.738111,1.0,0.0,0.99611,11.211969,0.0,0.0,0.9422,1
-0.68439,14.108036,3.856528,0.124494,0.480115,0.48654,0.592244,49.42209,0.39455,2.0,0.834884,11.481376,1.0,56.485294,0.0735,0
1.67365,10.359218,12.0,0.022914,0.289651,0.346771,0.029943,42.76787,1.0,0.0,0.994708,11.728218,0.0,0.0,0.0327,0
1.075687,6.786721,12.0,0.0,0.18016,0.715037,0.03723,-1.004059,1.0,0.0,0.999661,10.330076,0.0,0.0,0.0458,0
1.308452,7.610261,12.0,0.0,0.197474,0.736891,0.071286,11.91702,1.0,0.0,0.991868,10.433363,0.0,0.0,0.0238,0
1.883332,1.883332,-0.171139,0.087243,-0.014931,1.106998,0.062589,13.566392,1.0,0.0,0.999539,9.8197,0.0,0.0,0.0377,0
3.241544,20.091045,12.0,0.019817,0.439111,0.291905,0.064414,9.820644,1.0,0.0,0.994224,10.834107,0.0,0.0,0.026,0
1.785115,2.752884,12.0,0.0,0.03834,0.320573,0.05088,2.704255,1.0,0.0,0.999595,11.4332,0.0,0.0,0.0637,0
1.042176,20.763116,7.176415,0.073794,0.529577,0.349638,0.081487,31.605243,1.0,0.0,0.999018,10.732964,0.0,0.0,0.0947,0
1.02741,3.887582,12.0,0.0,0.112301,0.052655,0.01578,-8.822255,1.0,0.0,0.969605,10.583211,0.0,0.0,0.3239,1
0.454335,5.082688,3.621047,0.053908,0.195203,0.736141,0.02395,-21.400683,1.0,0.0,0.986732,9.641414,0.0,0.0,0.9469,1
0.162179,9.404892,12.0,0.0,0.277114,0.82374,0.940716,38.353016,1.0,0.0,0.838904,10.397202,0.0,0.0,0.8761,1
2.703293,16.048504,9.595096,0.042639,0.409129,0.29471,0.015407,-4.742185,1.0,0.0,0.999834,10.682077,0.0,0.0,0.034,1
1.939423,1.939423,-2.343518,0.038489,-0.0902,0.722727,0.028927,-7.608194,1.0,0.0,0.997948,10.636454,0.0,0.0,0.1193,0
1.65921,2.450471,12.0,0.0,0.036596,0.108313,0.038112,-18.718817,1.0,0.0,0.998991,10.766538,0.0,0.0,0.2258,1
3.984148,10.673794,8.421034,0.034107,0.287216,0.656172,0.036454,-30.002769,1.0,0.0,0.995108,10.820017,0.0,0.0,0.195,0
0.599342,0.599342,12.0,0.0,-0.023922,0.025896,0.018294,2.740841,1.0,0.0,0.456178,10.630442,0.0,0.0,0.1868,0
-0.649495,-0.649495,12.0,0.0,-0.121403,0.137338,0.086545,-20.707571,1.0,4.0,0.365122,10.549903,0.0,0.0,0.4299,1
0.902201,2.506148,12.0,0.0,0.057665,0.612827,0.070418,7.805245,1.0,0.0,0.999814,10.859444,0.0,0.0,0.1056,0
2.595661,9.995543,12.0,0.0,0.241931,0.048878,0.029274,5.147215,1.0,0.0,0.833518,11.22146,0.0,0.0,0.0234,0
-0.580814,3.564683,2.449524,0.067798,0.166073,0.360565,0.376272,28.075254,0.518227,6.0,0.891904,11.652986,1.0,55.564885,0.057,0
4.57152,25.618646,12.0,0.0,0.476439,0.046838,0.043127,5.895839,1.0,0.0,0.489267,11.265037,0.0,0.0,0.0228,0
-0.718717,-0.46025,0.522556,0.103983,0.054337,0.617381,0.0461,-8.76212,1.0,8.0,0.999828,10.908838,0.0,0.0,0.5507,0
0.561774,14.256004,12.0,0.0,0.367511,0.347947,0.099664,29.754035,1.0,0.0,0.986979,10.646632,0.0,0.0,0.1771,0
2.496261,2.789271,0.991732,0.167566,0.16618,0.663151,0.072668,-29.297401,1.0,0.0,0.995555,11.036494,0.0,0.0,0.1762,0
2.471407,13.87816,5.189584,0.078559,0.40769,0.285405,0.0365,7.715899,1.0,0.0,0.997841,10.621423,0.0,0.0,0.0228,0
0.843451,1.062462,1.022322,0.097819,0.100003,0.077045,0.065424,7.9742,1.0,0.0,0.894349,11.442736,0.0,0.0,0.213,0
1.136314,1.588032,0.969487,0.050695,0.049148,0.608211,0.764778,-14.715154,1.0,0.0,0.965393,10.178179,0.0,0.0,0.8676,0
2.087611,10.49503,12.0,0.0,0.249894,0.739996,0.049659,13.254345,1.0,0.0,0.985532,9.947026,0.0,0.0,0.0242,0
5.548244,14.921824,2.583242,0.199231,0.514661,0.624572,0.034349,-20.955342,1.0,0.0,0.997884,10.662956,0.0,0.0,0.1249,1
0.235543,10.326098,3.636376,0.105744,0.384526,0.728459,0.042532,-5.721183,1.0,0.0,0.997983,10.898072,0.0,0.0,0.1797,1
2.878444,11.032204,12.0,0.0,0.257216,0.693137,0.691489,-8.110887,1.0,0.0,0.844195,11.542731,0.0,0.0,0.4009,1
3.335919,6.276429,2.708729,0.067394,0.182552,0.33657,0.078792,-24.023718,1.0,0.0,0.979141,10.11514,0.0,0.0,0.1502,0
-0.006769,-0.006769,0.516219,0.107554,0.055521,0.047258,0.035599,7.002759,1.0,1.0,0.882269,10.88626,0.0,0.0,0.3093,1
2.731451,19.538792,12.0,0.0,0.426971,0.606814,0.046266,39.833633,1.0,0.0,0.992772,11.688402,0.0,0.0,0.0244,0
3.63121,11.392708,12.0,0.0,0.241778,0.71925,0.097519,-0.088795,1.0,0.0,0.988244,9.924986,0.0,0.0,0.0299,0
0.03795,0.179133,12.0,0.0,-0.094675,0.608693,0.022977,-14.799335,1.0,0.0,0.999043,9.149359,0.0,0.0,0.2011,0
0.851683,8.366547,4.069745,0.08042,0.327291,0.049327,0.04732,-4.558488,1.0,0.0,0.936513,10.077866,0.0,0.0,0.2004,0
-4.491871,-4.491871,-0.689695,0.215134,-0.148377,1.174861,0.027185,-27.321147,1.0,14.0,0.99682,10.423086,0.0,0.0,0.2157,0
1.236299,29.602374,12.0,0.0,0.548382,0.30446,0.019906,22.454063,1.0,0.0,0.998809,11.141645,0.0,0.0,0.1149,0
2.193185,6.192805,12.0,0.0,0.114208,0.712132,0.031026,-4.675969,1.0,0.0,0.999993,10.874487,0.0,0.0,0.0431,0
4.895714,9.236984,12.0,0.0,0.178695,0.600911,0.071188,-14.890594,1.0,0.0,0.998367,10.935463,0.0,0.0,0.0594,0
1.486092,9.233579,3.264156,0.109204,0.356459,0.318722,0.069561,23.502845,1.0,0.0,0.999144,11.429892,0.0,0.0,0.0266,1
4.109719,12.432575,12.0,0.0,0.268241,0.071662,0.101011,0.456482,1.0,0.0,0.703954,11.429693,0.0,0.0,0.0254,0
1.36249,9.834978,12.0,0.0,0.211128,0.392143,0.427902,-6.150623,-0.084168,0.0,0.822609,10.126185,1.0,55.246154,0.1894,0
0.641292,5.869711,2.496333,0.122997,0.307042,0.076716,0.045666,10.142631,1.0,0.0,0.737707,11.759436,0.0,0.0,0.1437,0
1.20124,11.221417,4.703995,0.070816,0.333119,0.468926,0.548773,34.02205,0.213532,0.0,0.919602,11.046352,1.0,54.4,0.0251,0
1.863,8.744173,12.0,0.0,0.233611,0.63336,0.055012,41.0443,1.0,0.0,0.99482,11.826345,0.0,0.0,0.0297,0
2.320447,8.919173,12.0,0.0,0.234754,0.581909,0.03691,21.482288,1.0,0.0,0.99877,10.210676,0.0,0.0,0.0264,0
-4.847702,-4.847702,12.0,0.0,-0.261969,1.103028,0.121616,-4.502557,1.0,20.0,0.999954,10.961169,0.0,0.0,0.8127,1
3.095014,8.971192,2.987294,0.117529,0.351093,0.635315,0.755054,-28.818929,1.0,0.0,0.961786,10.720838,0.0,0.0,0.2177,0
0.64428,14.321578,12.0,0.029683,0.396691,0.346735,0.041892,36.048281,1.0,0.0,0.993775,11.518668,0.0,0.0,0.1291,0
0.910584,5.653432,2.275231,0.13299,0.302582,0.293672,0.044998,-2.917559,1.0,0.0,0.999841,11.207139,0.0,0.0,0.1622,0
1.244403,8.648883,6.883294,0.041837,0.28798,0.085153,0.078026,-10.839933,1.0,0.0,0.986488,10.883304,0.0,0.0,0.7706,1
2.573201,12.759809,7.22434,0.04513,0.326033,0.725313,0.075438,4.33817,1.0,0.0,0.9934,10.527357,0.0,0.0,0.0266,0
2.942076,9.901589,12.0,0.0,0.231806,0.069713,0.057194,1.404261,1.0,0.0,0.958922,10.138767,0.0,0.0,0.0267,0
1.391475,1.391475,12.0,0.0,-0.198142,1.109389,0.020171,-13.595148,1.0,0.0,0.999207,10.125873,0.0,0.0,0.1231,0
1.242764,21.268031,12.0,0.0,0.462693,0.11575,0.039318,19.461602,1.0,0.0,0.947604,11.199744,0.0,0.0,0.0965,0
1.978428,3.881723,1.648911,0.120583,0.198831,0.674963,0.696551,21.651264,1.0,0.0,0.929773,10.35553,0.0,0.0,0.6784,0
2.553125,9.268791,3.125084,0.114793,0.358737,0.587805,0.057519,7.934193,1.0,0.0,0.99983,10.87143,0.0,0.0,0.0334,0
-6.055538,-6.055538,-1.030216,0.170548,-0.175701,0.365453,0.492878,4.206193,-0.187794,24.0,0.44539,10.591283,1.0,57.262069,0.9998,1
-1.745997,1.363484,12.0,0.0,0.044296,0.503136,0.534624,15.266539,-0.083076,9.0,0.975043,10.147154,1.0,54.515385,0.9692,1
2.070661,10.578756,12.0,0.0,0.267691,0.289528,0.019022,3.538111,1.0,0.0,0.999064,10.219276,0.0,0.0,0.0218,0
2.378567,17.161217,12.0,0.0,0.390723,0.086685,0.080706,7.782569,1.0,0.0,0.948055,11.430587,0.0,0.0,0.0263,0
2.590081,3.108323,0.296167,0.065477,0.019392,1.078237,0.021272,30.681613,1.0,0.0,0.997257,10.399089,0.0,0.0,0.0302,0
-0.593918,0.722201,0.919639,0.05505,0.050626,0.723852,0.051678,-0.926254,1.0,8.0,0.99797,10.539185,0.0,0.0,0.1052,0
2.698779,12.751208,6.921359,0.050958,0.352696,0.093342,0.089013,7.920957,1.0,0.0,0.94076,10.98416,0.0,0.0,0.0261,0
1.0315,3.291333,1.262595,0.148759,0.187823,0.728768,0.040656,-14.894237,1.0,0.0,0.989502,11.275969,0.0,0.0,0.1483,0
2.48413,3.017152,0.818621,0.161111,0.131889,0.603981,0.11615,-9.193312,1.0,0.0,0.999763,10.453745,0.0,0.0,0.0468,0
2.19204,28.159078,12.0,0.0,0.527632,0.086704,0.05785,12.364668,1.0,0.0,0.936436,10.610781,0.0,0.0,0.029,0
3.295062,11.717291,6.163822,0.051344,0.316476,0.304448,0.039954,1.71744,1.0,0.0,0.999816,10.703059,0.0,0.0,0.0249,0
1.063665,10.723728,12.0,0.0,0.296997,0.068438,0.028715,-10.892958,1.0,0.0,0.903447,10.673337,0.0,0.0,0.6309,1
3.734046,6.358869,3.352483,0.05675,0.190253,0.627204,0.020082,-17.244856,1.0,0.0,0.998906,10.67873,0.0,0.0,0.1026,0
-0.581154,-0.399383,0.256478,0.146437,0.037558,0.617241,0.105229,-9.22468,1.0,5.0,0.999462,11.174131,0.0,0.0,0.1029,0
2.923683,11.232296,6.292626,0.050839,0.319909,0.076906,0.032208,-9.920041,1.0,0.0,0.969061,10.745283,0.0,0.0,0.062,0
5.076099,9.48114,1.739084,0.213121,0.370635,1.106604,0.026608,-7.957425,1.0,0.0,0.999784,10.197264,0.0,0.0,0.0419,0
-0.612352,-0.612352,0.434079,0.140237,0.060874,0.310573,0.032414,-10.681538,1.0,5.0,0.999446,10.220249,0.0,0.0,0.6049,1
-0.65592,4.014973,2.62196,0.082099,0.215259,0.516566,0.514603,52.060708,1.0,6.0,0.977265,11.301993,0.0,0.0,0.6173,1
1.305835,1.399528,12.0,0.0,0.019564,0.722318,0.043844,-49.707554,1.0,0.0,0.98989,10.026502,0.0,0.0,0.9971,1
3.118731,18.953438,12.0,0.0,0.404502,0.199199,0.103648,22.533515,1.0,0.0,0.931865,10.505294,0.0,0.0,0.0271,0
-0.637304,7.194828,2.955621,0.113073,0.3342,0.793346,0.070598,38.733513,1.0,4.0,0.963611,11.338304,0.0,0.0,0.1578,0
-0.898673,-0.648236,0.57979,0.095889,0.055595,0.620261,0.097468,-27.305719,1.0,8.0,0.995146,10.4739,0.0,0.0,0.9278,1
2.176021,3.647896,1.175414,0.1015,0.119304,1.078419,0.063076,33.770538,1.0,0.0,0.996884,10.214093,0.0,0.0,0.0257,0
1.667871,6.803126,3.507787,0.074796,0.262368,0.633342,0.050119,47.048787,1.0,0.0,0.990135,12.221031,0.0,0.0,0.0248,0
1.247547,5.740088,12.0,0.0,0.159319,0.194424,0.02911,32.695445,1.0,0.0,0.754406,10.678888,0.0,0.0,0.0574,0
-0.308936,7.430034,12.0,0.0,0.194956,0.522537,0.666346,8.387894,-0.00668,1.0,0.985713,10.270893,1.0,52.9,0.0715,0
0.271459,0.505702,0.875144,0.134102,0.117359,0.103543,0.043247,16.650095,1.0,0.0,0.795371,12.341398,0.0,0.0,0.2842,1
0.255425,0.255425,-0.306839,0.076997,-0.023626,0.120479,0.053416,-19.780648,1.0,0.0,0.913633,10.892278,0.0,0.0,0.4903,0
1.956242,3.719091,1.866005,0.077421,0.144468,0.105516,0.060201,13.798201,1.0,0.0,0.992188,11.310982,0.0,0.0,0.0728,0
2.432721,4.839133,2.64395,0.067152,0.177547,0.864605,1.114884,-5.78473,1.0,0.0,0.993928,10.42758,0.0,0.0,0.3975,0
-1.336299,0.08407,0.884462,0.153304,0.135592,0.475178,0.638156,28.587134,0.169937,19.0,0.870026,11.269355,1.0,55.373134,0.1744,0
0.727739,2.127768,1.755662,0.082515,0.144869,0.117184,0.053862,-20.088838,1.0,0.0,0.975743,10.486581,0.0,0.0,0.8771,1
0.436665,2.270909,1.525675,0.141053,0.2152,1.166081,0.0406,-28.531378,1.0,0.0,0.995999,9.971486,0.0,0.0,0.9975,1
1.148318,3.592818,1.905449,0.103962,0.198094,1.110039,0.014375,-5.653853,1.0,0.0,0.999891,10.761754,0.0,0.0,0.1662,0
3.068472,5.033242,12.0,0.0,0.07794,0.041225,0.015704,6.324488,1.0,0.0,0.993434,11.116438,0.0,0.0,0.0506,0
4.535284,9.021724,12.0,0.0,0.164341,1.174938,0.021205,-31.393827,1.0,0.0,0.99573,10.431729,0.0,0.0,0.2788,0
0.129168,0.994222,0.034003,0.058106,0.001976,0.727225,0.054735,13.338315,1.0,0.0,0.996481,10.154171,0.0,0.0,0.2495,1
2.553774,6.817435,12.0,0.0,0.185842,0.621609,0.078664,-8.865443,1.0,0.0,0.998604,10.458327,0.0,0.0,0.133,0
0.538615,9.008305,12.0,0.0,0.268037,0.084834,0.061084,10.386593,1.0,0.0,0.799149,9.913909,0.0,0.0,0.2112,0
5.135529,9.777771,12.0,0.0,0.163185,1.08552,0.018979,11.146417,1.0,0.0,0.999526,10.703497,0.0,0.0,0.0219,0
2.829035,10.875385,12.0,0.0,0.256111,0.313288,0.069472,-1.990912,1.0,0.0,0.997003,11.216654,0.0,0.0,0.0346,1
1.360236,3.293829,3.700389,0.029237,0.108189,0.599233,0.091901,2.031992,1.0,0.0,0.999817,10.601,0.0,0.0,0.0667,0
3.623216,6.213932,12.0,0.0,0.10334,0.072174,0.112882,-1.567663,1.0,0.0,0.858012,11.325984,0.0,0.0,0.0578,0
3.574551,12.786255,7.078129,0.050329,0.356236,0.605204,0.018121,-0.680235,1.0,0.0,0.999982,11.031102,0.0,0.0,0.0232,0
2.819877,11.891545,12.0,0.0,0.278596,0.329167,0.051368,33.055965,1.0,0.0,0.991285,11.274369,0.0,0.0,0.0232,0
2.320624,18.088086,12.0,0.0,0.408384,0.073776,0.078005,-7.371401,1.0,0.0,0.876856,11.136562,0.0,0.0,0.0462,0
1.373176,7.150283,3.6762,0.073236,0.26923,0.142085,0.075567,21.586461,1.0,0.0,0.984005,10.57798,0.0,0.0,0.034,0
3.126234,11.305195,4.395348,0.0685,0.30108,0.719701,0.045363,8.116836,1.0,0.0,0.994335,11.200201,0.0,0.0,0.0233,0
-3.61926,-3.61926,-0.362449,0.283003,-0.102574,1.120655,0.050515,-16.400446,1.0,11.0,0.999034,10.379371,0.0,0.0,0.1908,0
1.740339,13.141994,12.0,0.0,0.297926,0.440895,0.530469,42.414655,0.561868,0.0,0.989578,10.746106,1.0,54.371212,0.0217,0
0.322986,2.895217,1.893066,0.11195,0.211928,0.080133,0.033741,12.704004,1.0,0.0,0.990876,11.769764,0.0,0.0,0.2096,0
1.370243,13.041146,8.619644,0.044503,0.383596,0.095881,0.032108,-16.816877,1.0,0.0,0.777907,10.720337,0.0,0.0,0.8035,1
1.483987,6.133149,3.603714,0.063,0.227035,0.314859,0.04135,18.279313,1.0,0.0,0.996707,11.06448,0.0,0.0,0.0235,0
1.696071,2.203363,1.083385,0.059788,0.064774,0.611036,0.115058,-12.398549,1.0,0.0,0.99857,10.104607,0.0,0.0,0.0799,0
1.055977,13.857606,4.536677,0.094653,0.429409,0.748183,0.054113,19.559353,1.0,0.0,0.988904,10.82876,0.0,0.0,0.0274,0
3.960787,14.004847,12.0,0.0,0.29952,0.310092,0.043296,12.561002,1.0,0.0,0.998779,10.719749,0.0,0.0,0.0235,0
2.609701,6.792249,3.746377,0.055599,0.208294,0.533584,0.513995,-4.611675,1.0,0.0,0.976449,11.318295,0.0,0.0,0.1658,0
4.017693,8.393923,12.0,0.0,0.162911,0.076152,0.053271,-9.619486,1.0,0.0,0.521241,10.509243,0.0,0.0,0.0585,0
1.470764,1.560548,12.0,0.0,0.003271,0.701235,0.026103,-43.793316,1.0,0.0,0.990301,10.093179,0.0,0.0,0.9466,1
3.199097,5.170186,12.0,0.0,0.076275,0.590574,0.109459,-3.99296,1.0,0.0,0.999654,11.184885,0.0,0.0,0.0344,0
0.282463,3.30543,1.419996,0.113494,0.161161,0.457977,0.382244,49.632429,0.64171,0.0,0.979363,11.001538,1.0,55.586957,0.0605,0
-3.595905,-3.595905,0.033227,0.201677,0.006701,1.121073,0.090183,33.178782,1.0,22.0,0.996422,11.688516,0.0,0.0,0.5149,0
1.826051,7.875236,12.0,0.0,0.227978,0.589993,0.059679,5.117444,1.0,0.0,0.999642,10.746655,0.0,0.0,0.0946,1
0.044585,0.044585,12.0,0.0,-0.131,1.155609,0.028728,-16.769364,1.0,0.0,0.999068,10.808633,0.0,0.0,0.124,0
0.206745,11.816758,12.0,0.0,0.322068,0.73029,0.050074,-7.212893,1.0,0.0,0.996947,10.181457,0.0,0.0,0.7626,1
0.424035,6.849309,2.875803,0.11326,0.325713,0.314539,0.053706,22.490904,1.0,0.0,0.992935,10.757118,0.0,0.0,0.1744,1
0.239521,0.546179,12.0,0.0,-0.089129,0.731963,0.061575,3.607548,1.0,0.0,0.994143,10.484847,0.0,0.0,0.0992,0
1.285698,4.286337,4.394606,0.033784,0.148468,0.104221,0.056886,13.370308,1.0,0.0,0.998148,11.338036,0.0,0.0,0.066,0
1.800202,7.606337,2.70673,0.117395,0.317756,0.311456,0.045774,-13.808688,1.0,0.0,0.997955,10.609486,0.0,0.0,0.0676,1
0.794991,6.467684,12.0,0.0,0.195289,0.31136,0.034567,2.779241,1.0,0.0,0.99879,10.630018,0.0,0.0,0.1074,0
2.958275,11.597124,12.0,0.0,0.254063,0.721563,0.044752,2.294683,1.0,0.0,0.998828,10.565872,0.0,0.0,0.023,0
-2.393255,-2.393255,-0.085649,0.151435,-0.01297,0.311027,0.071653,-6.977623,1.0,16.0,0.992781,9.659578,0.0,0.0,0.7597,1
-0.188271,-0.188271,-0.648582,0.051299,-0.033271,0.127497,0.024611,-20.842813,1.0,2.0,0.927179,10.954191,0.0,0.0,0.4842,0
5.703901,13.135811,12.0,0.0,0.264249,0.643155,0.03783,-29.713246,1.0,0.0,0.993866,10.530512,0.0,0.0,0.1609,0
3.08359,5.21394,2.679943,0.050073,0.134194,0.602594,0.046347,10.68066,1.0,0.0,0.999023,10.924603,0.0,0.0,0.0263,0
2.680973,5.616993,1.686185,0.118163,0.199245,0.629681,0.081992,37.962154,1.0,0.0,0.994423,10.70433,0.0,0.0,0.0632,0
0.120091,3.433601,12.0,0.0,0.077049,0.731201,0.015291,-0.27658,1.0,0.0,0.999983,10.893145,0.0,0.0,0.0373,0
0.346867,6.527848,9.796256,0.023589,0.231085,0.310596,0.040899,21.451484,1.0,0.0,0.994869,10.974301,0.0,0.0,0.1671,1
1.495283,5.408648,3.581042,0.055628,0.199205,0.276643,0.071405,7.124068,1.0,0.0,0.992621,11.526895,0.0,0.0,0.0347,0
1.063718,6.144314,1.698189,0.213373,0.362348,0.741288,0.026684,-22.979621,1.0,0.0,0.990157,11.152504,0.0,0.0,0.2979,0
2.499847,9.57292,2.968527,0.120041,0.356344,0.04044,0.030642,-4.399038,1.0,0.0,0.983093,10.631008,0.0,0.0,0.0356,1
2.216605,9.774406,12.0,0.0,0.261878,0.603953,0.039516,21.363795,1.0,0.0,0.998264,10.189427,0.0,0.0,0.0365,0
1.781216,8.702195,12.0,0.0,0.238723,0.758053,0.766349,-27.992283,1.0,0.0,0.986419,10.59211,0.0,0.0,0.3713,0
0.901734,14.023494,5.205512,0.086709,0.451365,0.333519,0.056306,-18.320565,1.0,0.0,0.99875,10.391036,0.0,0.0,0.9798,1
-0.247278,6.128074,2.394395,0.124625,0.298401,0.737372,0.014638,20.117778,1.0,2.0,0.987318,11.23191,0.0,0.0,0.0487,0
-0.794451,-0.199639,0.452321,0.083147,0.037609,0.584774,0.076959,13.191237,1.0,9.0,0.999006,10.390389,0.0,0.0,0.3334,0
2.386086,3.30816,12.0,0.0,0.108933,0.90407,0.930249,-45.442825,1.0,0.0,0.802389,11.296878,0.0,0.0,0.9997,1
0.076443,0.076443,0.516491,0.143869,0.074307,0.023769,0.017222,-2.984697,1.0,0.0,0.885877,10.628839,0.0,0.0,0.1304,0
3.966299,4.337636,12.0,0.0,0.016673,0.320981,0.023655,-16.44838,1.0,0.0,0.998471,10.200422,0.0,0.0,0.1864,0
2.666775,4.720658,2.02647,0.078065,0.158197,0.294022,0.024122,-0.446083,1.0,0.0,0.998992,10.569655,0.0,0.0,0.0252,0
1.086412,1.376973,0.85131,0.202124,0.17207,0.617442,0.06967,-11.165905,1.0,0.0,0.99914,11.063108,0.0,0.0,0.087,1
-0.508512,0.408187,0.847684,0.165219,0.140054,0.802733,1.169903,23.858149,1.0,3.0,0.828556,11.235782,0.0,0.0,0.9746,1
3.716529,18.389475,12.0,0.0,0.385714,0.292712,0.072518,27.609769,1.0,0.0,0.997244,11.744624,0.0,0.0,0.025,0
0.455742,2.202914,12.0,0.0,0.065105,0.32355,0.067009,12.552399,1.0,0.0,0.991969,10.873226,0.0,0.0,0.3188,0
3.617148,13.423362,12.0,0.0,0.298304,0.077956,0.074654,7.184247,1.0,0.0,0.733019,10.723669,0.0,0.0,0.0246,0
3.723388,6.010653,2.073072,0.056695,0.117533,0.733877,0.05332,-8.429977,1.0,0.0,0.99985,11.168208,0.0,0.0,0.0708,0
1.584683,6.527168,2.452009,0.133163,0.326517,0.594055,0.030379,1.953616,1.0,0.0,0.999959,10.341343,0.0,0.0,0.0885,0
2.115499,6.889129,12.0,0.0,0.14087,0.717463,0.019277,1.412906,1.0,0.0,0.999553,10.564198,0.0,0.0,0.0218,0
2.157307,4.061311,2.002514,0.074654,0.149495,1.122176,0.054314,-10.376264,1.0,0.0,0.99955,11.099062,0.0,0.0,0.0549,0
2.337783,5.992453,12.0,0.0,0.097061,0.725209,0.041842,3.407056,1.0,0.0,0.999752,10.385865,0.0,0.0,0.025,0
-3.738679,-3.738679,12.0,0.0,-0.229326,1.189011,0.034536,-31.853038,1.0,15.0,0.995875,10.295229,0.0,0.0,0.9978,1
-3.310255,-3.310255,-0.147787,0.213542,-0.031559,1.088068,0.046785,-1.555773,1.0,14.0,0.999997,10.436368,0.0,0.0,0.189,0
2.439133,6.220572,1.906919,0.111733,0.213065,0.725261,0.023669,10.552786,1.0,0.0,0.999381,11.590166,0.0,0.0,0.0218,0
0.430558,3.05745,2.715125,0.059641,0.161934,0.082251,0.040351,11.511322,1.0,0.0,0.975375,12.183169,0.0,0.0,0.2093,0
1.410156,3.177656,1.473148,0.18953,0.279206,0.640069,0.069076,-13.751143,1.0,0.0,0.999665,10.343628,0.0,0.0,0.5934,1
2.836388,7.503375,12.0,0.0,0.167429,0.093964,0.05327,9.571255,1.0,0.0,0.961016,11.650813,0.0,0.0,0.0286,0
-0.789881,-0.789881,12.0,0.0,-0.249312,1.055311,0.053325,3.380188,1.0,3.0,0.999965,10.220215,0.0,0.0,0.109,0
2.74917,7.963083,12.0,0.0,0.146399,0.712536,0.042279,-4.214995,1.0,0.0,0.998798,10.56344,0.0,0.0,0.0449,0
0.112349,1.627203,1.24788,0.110997,0.13851,0.6218,0.017732,33.693293,1.0,0.0,0.995567,11.097471,0.0,0.0,0.1693,0
4.973274,17.443748,6.551527,0.063905,0.418678,0.108812,0.027296,-17.217489,1.0,0.0,0.959466,10.889887,0.0,0.0,0.1023,0
0.464558,6.092751,2.691899,0.115411,0.310675,0.059815,0.054022,5.636101,1.0,0.0,0.90221,10.974378,0.0,0.0,0.1845,0
0.929283,8.510456,3.107803,0.116072,0.360728,0.150685,0.045609,25.1432,1.0,0.0,0.714024,10.593717,0.0,0.0,0.071,0
1.789736,4.695493,1.225303,0.178251,0.218412,0.358201,0.410705,15.391172,-0.247775,0.0,0.974916,9.950174,1.0,58.041667,0.0604,0
0.449728,4.478391,1.982726,0.155358,0.308033,0.540602,0.483246,-26.215366,1.0,0.0,0.987804,10.831731,0.0,0.0,0.9962,1
0.840147,5.940447,3.779514,0.063768,0.241012,0.199484,0.094039,32.352527,1.0,0.0,0.572925,11.303771,0.0,0.0,0.1295,0
1.105125,3.206093,2.120497,0.072586,0.153918,0.313975,0.043377,-5.232077,1.0,0.0,0.999615,10.717022,0.0,0.0,0.1387,0
3.044445,15.046589,12.0,0.0,0.344649,0.114792,0.048071,-17.470831,1.0,0.0,0.680523,10.68233,0.0,0.0,0.1348,0
1.519544,6.24764,3.616498,0.069734,0.252191,0.610581,0.092703,17.570994,1.0,0.0,0.998783,10.695397,0.0,0.0,0.0752,0
3.993597,8.182624,12.0,0.0,0.194151,0.715071,0.082807,-46.356767,1.0,0.0,0.988027,11.00518,0.0,0.0,0.4532,0
4.055387,7.860893,12.0,0.0,0.136602,1.106797,0.059963,0.95823,1.0,0.0,1.0,10.655218,0.0,0.0,0.0241,0
1.491942,5.927749,12.0,0.0,0.140703,0.743371,0.557284,45.128752,1.0,0.0,0.960117,11.741037,0.0,0.0,0.2121,0
0.309837,11.027523,4.876499,0.080407,0.392103,0.30709,0.056075,25.948396,1.0,0.0,0.982872,12.070169,0.0,0.0,0.205,0
3.349343,4.193962,12.0,0.0,0.028538,0.585282,0.084533,-3.010487,1.0,0.0,0.999298,11.296702,0.0,0.0,0.0479,0
2.839054,11.437453,11.591941,0.024546,0.284533,0.757402,0.608381,49.4929,1.0,0.0,0.857656,11.106043,0.0,0.0,0.2202,0
2.733764,7.92852,2.283094,0.143033,0.326557,0.095458,0.082058,8.919748,1.0,0.0,0.912814,11.15042,0.0,0.0,0.0264,0
2.189951,11.885586,12.0,0.0,0.295728,0.048117,0.041506,-0.77727,1.0,0.0,0.906906,11.456746,0.0,0.0,0.0245,0
0.958004,4.364405,1.679683,0.194151,0.326111,0.33974,0.023031,-23.451267,1.0,0.0,0.992614,10.772714,0.0,0.0,0.9647,1
4.155174,6.097097,3.012122,0.040336,0.121498,0.088178,0.041622,-12.236152,1.0,0.0,0.887217,11.132178,0.0,0.0,0.0799,1
2.017978,12.108383,12.0,0.0,0.304756,0.291716,0.040282,-7.011566,1.0,0.0,0.998057,10.621553,0.0,0.0,0.0472,0
3.347881,5.452281,12.0,0.0,0.080422,1.077222,0.049503,5.217898,1.0,0.0,0.999871,10.420729,0.0,0.0,0.0236,0
1.118513,6.401215,2.68538,0.110486,0.296698,1.134912,0.057602,-23.762989,1.0,0.0,0.996463,10.088497,0.0,0.0,0.9207,1
0.878692,6.61588,12.0,0.0,0.200778,0.06038,0.041291,2.144083,1.0,0.0,0.965081,11.810809,0.0,0.0,0.1273,0
3.026732,20.39464,12.0,0.0,0.424779,0.354886,0.041523,32.234831,1.0,0.0,0.997836,11.268647,0.0,0.0,0.024,0
2.111314,7.560871,12.0,0.0,0.193482,0.320011,0.073777,-13.345465,1.0,0.0,0.999665,10.67535,0.0,0.0,0.1077,0
3.709197,9.910617,2.717357,0.12728,0.345866,0.609256,0.04508,33.224407,1.0,0.0,0.996617,10.731117,0.0,0.0,0.0243,0
1.161374,9.382843,12.0,0.0,0.261633,0.06205,0.02767,10.292446,1.0,0.0,0.914652,10.821767,0.0,0.0,0.063,0
2.469432,5.100049,3.119067,0.06238,0.194568,0.668964,0.049113,-32.756385,1.0,0.0,0.994234,11.992322,0.0,0.0,0.6887,1
-0.281006,-0.281006,-0.154546,0.090698,-0.014017,0.343951,0.06856,-19.93587,1.0,2.0,0.974836,10.341236,0.0,0.0,0.3969,1
4.44541,8.979164,2.396079,0.120027,0.287595,0.386236,0.114282,-28.712057,1.0,0.0,0.974955,11.708454,0.0,0.0,0.3326,1
1.907339,9.032396,12.0,0.0,0.254288,0.619085,0.07211,2.378411,1.0,0.0,0.999818,10.530545,0.0,0.0,0.0886,0
1.642647,3.494429,12.0,0.0,0.049919,0.611988,0.068998,17.634371,1.0,0.0,0.998146,10.587632,0.0,0.0,0.0604,0
3.863358,15.48844,9.171296,0.040809,0.374274,0.115127,0.080506,13.570366,1.0,0.0,0.929291,10.611899,0.0,0.0,0.0274,0
2.094283,7.498881,2.883251,0.0994,0.286595,0.091982,0.050411,13.974959,1.0,0.0,0.48364,10.496012,0.0,0.0,0.0235,0
-0.29513,-0.236141,0.794098,0.186708,0.148264,1.090499,0.107566,11.13927,1.0,7.0,0.999663,10.511639,0.0,0.0,0.1307,1
3.69972,10.561115,5.380304,0.053366,0.287126,0.108477,0.050367,-14.840632,1.0,0.0,0.994773,11.465417,0.0,0.0,0.0971,0
0.930649,6.716629,12.0,0.0,0.201766,0.341292,0.067717,-20.193349,1.0,0.0,0.999613,11.112704,0.0,0.0,0.9181,1
-0.15349,0.177784,0.136492,0.142385,0.019435,0.61494,0.082574,-9.565551,1.0,2.0,0.999788,10.260479,0.0,0.0,0.0957,0
1.840766,18.243476,9.919437,0.046517,0.461423,0.064081,0.045338,9.308965,1.0,0.0,0.781128,11.026251,0.0,0.0,0.0382,0
2.506823,6.922088,12.0,0.0,0.130749,0.741987,0.063816,19.219894,1.0,0.0,0.988397,11.448857,0.0,0.0,0.0331,0
-1.392682,-1.392682,-1.331213,0.120798,-0.160808,0.416057,0.378859,9.543597,-0.315128,7.0,0.913977,10.871451,1.0,56.30303,0.7441,1
1.951147,3.987158,3.423108,0.042539,0.145616,0.615633,0.022372,-11.665153,1.0,0.0,0.999198,9.828668,0.0,0.0,0.2106,0
3.064111,18.046367,12.0,0.0,0.382641,0.721502,0.045143,-4.231071,1.0,0.0,0.994844,9.972022,0.0,0.0,0.034,0
1.764519,9.420996,12.0,0.0,0.233508,0.732214,0.083191,20.709674,1.0,0.0,0.972887,11.273279,0.0,0.0,0.0266,0
0.334897,10.460358,12.0,0.0,0.284101,0.751846,0.107942,-22.578302,1.0,0.0,0.997129,9.271239,0.0,0.0,0.9657,1
0.427259,5.064436,5.763879,0.028276,0.162978,0.748111,0.071232,23.757323,1.0,0.0,0.983749,10.457232,0.0,0.0,0.0399,0
-1.951682,-1.951682,0.076362,0.154279,0.011781,1.120265,0.034303,-8.693321,1.0,10.0,0.999796,10.488399,0.0,0.0,0.2418,1
3.398593,4.408932,12.0,0.0,0.062197,0.630103,0.018209,-19.118001,1.0,0.0,0.99751,11.113353,0.0,0.0,0.0956,0
5.039509,15.290284,12.0,0.0,0.31853,0.678873,0.864461,47.062231,1.0,0.0,0.96941,10.599311,0.0,0.0,0.6504,0
-2.133097,-2.133097,0.135159,0.131579,0.017784,1.104167,0.018811,1.869217,1.0,13.0,0.999992,10.865365,0.0,0.0,0.1708,0
1.656853,6.43335,12.0,0.0,0.145954,0.734105,0.907226,-32.315849,1.0,0.0,0.851534,10.906249,0.0,0.0,0.7953,0
1.599894,2.316389,1.28047,0.212126,0.271621,0.673499,0.056673,-31.15764,1.0,0.0,0.994655,10.229815,0.0,0.0,0.9801,1
2.496476,5.881124,12.0,0.0,0.097904,0.597851,0.6922,26.561833,1.0,0.0,0.85705,11.248506,0.0,0.0,0.5756,0
3.440046,3.440046,0.774271,0.060607,0.046926,0.674391,0.794338,-40.78582,1.0,0.0,0.976359,11.638484,0.0,0.0,0.9158,1
3.09698,3.09698,0.769464,0.048149,0.037049,0.285796,0.029241,0.69233,1.0,0.0,0.999175,10.199795,0.0,0.0,0.1304,0
1.507394,7.619935,3.962413,0.069981,0.277295,0.311326,0.038661,2.731665,1.0,0.0,0.999503,10.515273,0.0,0.0,0.0349,0
1.253955,13.538551,12.0,0.0,0.344592,0.308452,0.019315,24.551354,1.0,0.0,0.99846,11.294368,0.0,0.0,0.0451,0
4.375139,8.310437,5.934554,0.029645,0.175929,0.332955,0.082722,-20.120989,1.0,0.0,0.993643,11.225113,0.0,0.0,0.1073,0
1.202837,1.202837,12.0,0.0,-0.006777,0.165766,0.04203,-27.286494,1.0,0.0,0.978792,10.350877,0.0,0.0,0.8116,0
2.810575,8.602738,12.0,0.0,0.204384,0.110755,0.085938,-17.162226,1.0,0.0,0.700956,10.951167,0.0,0.0,0.122,0
3.25392,7.007865,12.0,0.0,0.150047,0.613071,0.058841,25.180509,1.0,0.0,0.997622,11.821859,0.0,0.0,0.0366,0
2.783903,11.512525,6.017707,0.054482,0.327858,0.305399,0.053964,7.301215,1.0,0.0,0.999881,10.945602,0.0,0.0,0.0239,0
4.192449,4.267449,0.876974,0.232287,0.20371,1.050579,0.064882,10.286166,1.0,0.0,0.999426,9.916963,0.0,0.0,0.0261,0
4.909743,13.270893,6.583117,0.048429,0.318816,0.197356,0.078185,-30.549479,1.0,0.0,0.839861,10.908437,0.0,0.0,0.279,1
3.860393,12.055854,12.0,0.0,0.279094,0.608417,0.059063,23.496036,1.0,0.0,0.997871,10.618911,0.0,0.0,0.0247,0
0.093229,6.666877,2.823952,0.111507,0.314892,0.721877,0.018954,-10.926773,1.0,0.0,0.995588,10.945153,0.0,0.0,0.8264,1
0.752955,3.83031,12.0,0.0,0.132944,0.607866,0.049158,-0.936067,1.0,0.0,0.999784,11.365112,0.0,0.0,0.2881,1
0.448215,3.095944,1.767361,0.130455,0.230562,0.276611,0.049534,8.408654,1.0,0.0,0.999512,10.469458,0.0,0.0,0.1546,0
-0.617692,-0.225786,0.800248,0.159012,0.127249,0.59942,0.031807,-1.90053,1.0,8.0,0.999905,10.445236,0.0,0.0,0.2418,0
-5.50206,-5.50206,-0.319038,0.233045,-0.07435,1.068888,0.119225,15.252672,1.0,22.0,0.999168,10.011388,0.0,0.0,0.4669,0
2.289002,14.835892,12.0,0.024852,0.390118,0.594743,0.038422,7.652457,1.0,0.0,0.999551,11.182886,0.0,0.0,0.0661,0
3.417829,12.184132,10.005602,0.034007,0.340259,0.688169,0.851443,12.512079,1.0,0.0,0.725955,11.062312,0.0,0.0,0.2885,0
2.446166,7.754954,12.0,0.0,0.183442,1.021079,0.075079,9.920847,1.0,0.0,0.999744,10.034963,0.0,0.0,0.0261,0
1.207312,11.739357,12.0,0.0,0.311956,0.077566,0.058381,10.315529,1.0,0.0,0.793865,11.19405,0.0,0.0,0.0694,0
2.092647,24.55874,12.0,0.0,0.501884,0.61805,0.044257,30.281883,1.0,0.0,0.995421,10.597404,0.0,0.0,0.166,0
4.824023,11.081588,2.288814,0.189949,0.434758,0.651582,0.022186,-31.827999,1.0,0.0,0.994567,10.966111,0.0,0.0,0.1819,0
2.840998,11.362153,12.0,0.0,0.28323,0.598876,0.090423,6.71246,1.0,0.0,0.999831,10.973499,0.0,0.0,0.026,0
-2.851873,-2.851873,-1.530333,0.180334,-0.275971,1.128449,0.064946,-1.465715,1.0,7.0,0.999996,10.345687,0.0,0.0,0.4383,0
1.053527,8.439842,11.095469,0.023841,0.26453,0.129559,0.034832,21.421457,1.0,0.0,0.828602,10.946746,0.0,0.0,0.0622,0
0.855833,10.14528,12.0,0.0,0.285623,0.085088,0.013609,15.023146,1.0,0.0,0.972819,11.644315,0.0,0.0,0.1059,0
3.099876,10.470292,4.935369,0.061601,0.304024,0.080411,0.072414,6.328979,1.0,0.0,0.820653,10.019644,0.0,0.0,0.0266,0
3.796085,12.456937,12.0,0.0,0.274088,0.066142,0.075236,-8.093877,1.0,0.0,0.964002,10.426896,0.0,0.0,0.0518,0
1.235941,7.171461,12.0,0.0,0.163594,0.48361,0.603391,55.200429,0.556155,0.0,0.502866,11.943047,1.0,56.911765,0.0224,0
-0.533121,-0.533121,0.445972,0.190496,0.084956,1.151176,0.066772,-27.339055,1.0,3.0,0.996672,10.830026,0.0,0.0,0.605,1
4.152214,20.165819,12.0,0.0,0.425927,0.600789,0.070034,6.097615,1.0,0.0,0.999228,11.050959,0.0,0.0,0.0247,0
2.666259,2.666259,12.0,0.0,-0.033691,0.164476,0.051798,-26.819202,1.0,0.0,0.763892,10.870914,0.0,0.0,0.3534,0
0.623021,8.359216,12.0,0.0,0.25228,0.071011,0.068808,4.079739,1.0,0.0,0.945243,11.302282,0.0,0.0,0.1932,0
3.378683,10.500351,3.521763,0.093818,0.330405,0.033257,0.032362,-1.483437,1.0,0.0,0.924872,10.215174,0.0,0.0,0.0256,0
2.502813,22.702638,12.0,0.0,0.462892,0.229235,0.050617,39.193898,1.0,0.0,0.91604,11.68586,0.0,0.0,0.0247,0
-1.556693,-1.556693,-0.189566,0.122555,-0.023232,0.045318,0.024783,3.721614,1.0,14.0,0.762801,11.288218,0.0,0.0,0.6123,0
2.388938,7.146171,2.596419,0.108562,0.281872,0.0464,0.054837,-1.462253,1.0,0.0,0.895144,11.688538,0.0,0.0,0.0267,0
2.288397,2.288397,12.0,0.0,-0.041288,1.098024,0.049435,11.39558,1.0,0.0,0.999547,9.762588,0.0,0.0,0.0261,1
1.733359,11.902558,3.175115,0.140295,0.445452,0.319396,0.048394,-0.875823,1.0,0.0,0.998749,10.62923,0.0,0.0,0.0994,0
-1.209499,-1.130842,12.0,0.0,-0.121458,0.631766,0.030459,-28.072497,1.0,6.0,0.995386,10.681074,0.0,0.0,0.7191,0
5.26359,9.162557,2.163827,0.121125,0.262095,1.118621,0.046955,-4.212614,1.0,0.0,0.999847,10.422639,0.0,0.0,0.0263,0
1.045111,6.528857,5.07741,0.036001,0.18279,0.356031,0.377237,11.479032,0.336263,0.0,0.947991,11.199667,1.0,55.352113,0.028,0
3.769216,7.854767,2.7618,0.095669,0.264218,0.592092,0.048832,3.10322,1.0,0.0,0.999998,9.554492,0.0,0.0,0.023,0
2.961555,10.829528,12.0,0.0,0.238784,0.673187,0.350407,5.780417,1.0,0.0,0.977097,10.751925,0.0,0.0,0.6,0
2.120827,6.531362,2.945605,0.091904,0.270712,0.598138,0.061371,13.667004,1.0,0.0,0.997922,11.417616,0.0,0.0,0.0405,0
4.833292,6.24894,12.0,0.0,0.072539,0.624361,0.03144,-11.20788,1.0,0.0,0.998882,10.082648,0.0,0.0,0.0906,0
4.818834,5.700504,1.603407,0.08736,0.140074,0.623346,0.033961,-19.301381,1.0,0.0,0.998053,10.605709,0.0,0.0,0.0809,0
1.679035,2.225632,1.214728,0.079831,0.096973,0.312893,0.075077,9.849115,1.0,0.0,0.995901,11.039546,0.0,0.0,0.0809,0
2.149071,17.14498,12.0,0.0,0.392625,0.293777,0.027365,4.388144,1.0,0.0,0.998913,11.899713,0.0,0.0,0.0232,0
1.919118,10.422391,12.0,0.0,0.288524,0.592505,0.032342,1.355397,1.0,0.0,0.999986,10.968734,0.0,0.0,0.1027,0
1.586515,4.216426,12.0,0.0,0.119317,0.601021,0.016635,-3.090776,1.0,0.0,0.999945,11.160218,0.0,0.0,0.0904,0
1.307896,4.585049,12.0,0.0,0.120879,0.141758,0.060626,25.048814,1.0,0.0,0.856775,11.521041,0.0,0.0,0.0778,0
2.773063,11.494587,10.17946,0.029563,0.300937,0.179563,0.068316,29.98198,1.0,0.0,0.92814,10.997572,0.0,0.0,0.0247,0
0.915432,6.928909,2.225878,0.124751,0.27768,0.50865,0.525041,45.583745,0.50305,0.0,0.956089,11.473902,1.0,55.878049,0.0233,0
3.393824,19.574699,6.349099,0.074682,0.474164,0.732371,0.028438,10.975877,1.0,0.0,0.995454,10.695561,0.0,0.0,0.0222,0
2.434039,22.33963,12.0,0.0,0.467474,0.112915,0.043868,-18.03933,1.0,0.0,0.968223,10.749758,0.0,0.0,0.5207,0
4.094867,24.0999,12.0,0.0,0.467841,0.640996,0.7525,-11.810819,1.0,0.0,0.546122,10.412739,0.0,0.0,0.2567,0
3.128722,7.335488,12.0,0.0,0.158366,0.603134,0.038619,23.290709,1.0,0.0,0.995654,10.944762,0.0,0.0,0.0332,0
3.729566,9.526368,2.756402,0.113674,0.313331,0.06946,0.083005,6.473831,1.0,0.0,0.956892,10.711303,0.0,0.0,0.0267,0
-1.798537,-1.620045,0.533328,0.191122,0.101931,0.642476,0.022973,-25.729149,1.0,10.0,0.99621,10.528418,0.0,0.0,0.9953,1
1.676526,11.359531,12.0,0.0,0.293591,0.145287,0.059431,22.602155,1.0,0.0,0.865453,10.884486,0.0,0.0,0.0257,0
0.968463,3.250965,1.67743,0.127642,0.21411,0.29516,0.041649,6.125591,1.0,0.0,0.997194,11.535692,0.0,0.0,0.0844,0
1.264926,8.527455,12.0,0.0,0.241649,0.350149,0.032672,-27.199805,1.0,0.0,0.998235,11.050304,0.0,0.0,0.9621,1
0.278994,0.278994,1.015418,0.107118,0.108769,0.04629,0.031964,-7.663033,1.0,0.0,0.979977,10.101559,0.0,0.0,0.6649,1
4.076086,14.797071,12.0,0.0,0.319329,0.065004,0.021166,-9.883544,1.0,0.0,0.941667,10.66577,0.0,0.0,0.0544,0
2.364785,6.146661,2.605093,0.089786,0.233901,0.168609,0.062177,-29.664368,1.0,0.0,0.910357,10.300689,0.0,0.0,0.2146,0
1.301377,12.175194,12.0,0.0,0.282126,0.429483,0.400307,34.77538,0.304363,0.0,0.745546,10.153625,1.0,52.718519,0.0226,0
1.172607,5.656424,2.819857,0.087475,0.246666,0.118648,0.059707,18.14554,1.0,0.0,0.506727,11.176885,0.0,0.0,0.042,0
3.303911,5.741434,12.0,0.0,0.098338,0.625127,0.077906,11.867347,1.0,0.0,0.999078,10.818955,0.0,0.0,0.0444,0
4.024199,13.767856,4.362028,0.087582,0.382033,1.101866,0.029275,-1.831776,1.0,0.0,0.999986,9.889597,0.0,0.0,0.0274,0
1.514893,3.687872,2.466437,0.058079,0.143249,0.053002,0.032499,8.558592,1.0,0.0,0.953022,11.427498,0.0,0.0,0.0336,1
1.602684,18.991636,12.0,0.0,0.429209,0.092574,0.075284,11.105325,1.0,0.0,0.939739,10.3211,0.0,0.0,0.0674,0
-0.423874,-0.423874,-0.129108,0.155926,-0.020131,0.073147,0.091316,2.947709,1.0,3.0,0.920742,10.480878,0.0,0.0,0.4274,1
2.057304,7.390987,12.0,0.0,0.190124,0.321461,0.013352,-20.062387,1.0,0.0,0.998741,11.442851,0.0,0.0,0.1443,0
2.772127,2.772127,12.0,0.0,-0.094263,0.73104,0.060125,-26.781816,1.0,0.0,0.978624,10.453071,0.0,0.0,0.2935,0
2.249047,7.306248,2.548717,0.115322,0.293923,0.2981,0.08559,2.531214,1.0,0.0,0.998633,11.413115,0.0,0.0,0.0269,0
3.307004,10.388737,2.953021,0.11892,0.351173,0.289568,0.103796,0.311294,1.0,0.0,0.998888,11.099201,0.0,0.0,0.0257,0
2.637131,16.81331,12.0,0.0,0.39996,0.595666,0.024767,-6.996743,1.0,0.0,0.999682,10.617995,0.0,0.0,0.2681,0
0.881172,12.104018,4.638707,0.084409,0.391549,0.750035,0.040544,18.603201,1.0,0.0,0.992266,11.234239,0.0,0.0,0.0281,0
2.052625,7.668618,9.740555,0.022382,0.218018,0.093556,0.113548,-1.844688,1.0,0.0,0.842712,10.770191,0.0,0.0,0.0265,0
2.372287,5.440406,1.681578,0.126897,0.213388,0.760389,0.107972,21.790208,1.0,0.0,0.966803,11.452913,0.0,0.0,0.0261,0
3.722282,11.683051,6.892727,0.043622,0.300677,0.057978,0.054306,-5.637316,1.0,0.0,0.414715,10.915773,0.0,0.0,0.0382,0
1.716826,6.523872,12.0,0.0,0.144987,0.763634,0.053831,29.494478,1.0,0.0,0.978221,10.416949,0.0,0.0,0.0461,0
4.067944,4.067944,0.86095,0.181057,0.155881,1.101504,0.037285,-14.054559,1.0,0.0,0.998945,10.134534,0.0,0.0,0.0694,0
3.963684,22.699088,12.0,0.0,0.448416,0.325652,0.065189,-7.46103,1.0,0.0,0.994195,10.789517,0.0,0.0,0.0459,0
2.350682,3.316798,1.498823,0.069289,0.103852,1.080431,0.077898,11.897509,1.0,0.0,0.999572,10.695307,0.0,0.0,0.0247,0
1.378632,14.477136,4.383842,0.105891,0.46421,0.160515,0.054958,25.462683,1.0,0.0,0.972723,11.175422,0.0,0.0,0.0426,0
1.844971,9.227675,12.0,0.0,0.226868,0.783953,0.078577,29.708921,1.0,0.0,0.96091,11.284184,0.0,0.0,0.0256,0
0.092483,3.231172,12.0,0.0,0.088039,0.715931,0.034518,2.375077,1.0,0.0,0.999735,10.805422,0.0,0.0,0.0806,0
0.401319,8.398731,12.0,0.0,0.219305,0.406168,0.4632,29.741907,0.127109,0.0,0.969691,9.852193,1.0,53.028986,0.0228,0
4.595132,30.016352,12.0,0.0,0.531889,0.616843,0.025179,36.845339,1.0,0.0,0.993308,11.134945,0.0,0.0,0.0221,0
4.149059,28.387704,12.0,0.0,0.5132,0.04782,0.049402,0.605302,1.0,0.0,0.950961,10.659318,0.0,0.0,0.0248,0
0.635023,8.812149,12.0,0.0,0.262824,0.609488,0.571457,33.729744,1.0,0.0,0.927296,11.216234,0.0,0.0,0.6822,1
2.366278,2.701328,1.059859,0.154223,0.163455,0.042232,0.044517,2.663593,1.0,0.0,0.72894,11.025104,0.0,0.0,0.0458,0
2.96043,3.411222,12.0,0.0,0.0046,0.608416,0.100352,-10.984393,1.0,0.0,0.999354,10.919575,0.0,0.0,0.0969,1
2.229817,26.970269,12.0,0.0,0.513906,0.213513,0.058459,34.623456,1.0,0.0,0.789242,11.373522,0.0,0.0,0.0273,0
0.973716,5.383653,3.934691,0.055371,0.217868,0.876343,1.068803,17.996365,1.0,0.0,0.968916,10.461748,0.0,0.0,0.8242,0
2.516038,10.958907,3.031442,0.119211,0.361381,0.763142,0.094974,12.278188,1.0,0.0,0.998603,10.72319,0.0,0.0,0.0266,0
0.650785,1.562322,12.0,0.0,0.033307,0.104933,0.03765,13.792861,1.0,0.0,0.957539,10.877818,0.0,0.0,0.3017,0
0.29221,0.767034,12.0,0.0,0.020924,0.063359,0.072437,-2.577243,1.0,0.0,0.962474,11.10695,0.0,0.0,0.4334,0
1.212616,18.927673,12.0,0.0,0.42665,0.802153,0.798491,22.894392,1.0,0.0,0.850736,10.921163,0.0,0.0,0.5113,1
1.401165,8.173084,7.543768,0.034228,0.258205,0.176956,0.065892,26.125073,1.0,0.0,0.909389,11.44208,0.0,0.0,0.0305,0
3.440059,12.199575,12.0,0.0,0.27857,0.10939,0.044551,-18.105179,1.0,0.0,0.723349,9.983277,0.0,0.0,0.1004,0
3.617572,9.328496,12.0,0.0,0.198689,0.078791,0.071024,-9.167659,1.0,0.0,0.879316,11.109967,0.0,0.0,0.0459,0
0.813555,11.296509,12.0,0.0,0.316472,0.636091,0.825417,3.18918,1.0,0.0,0.639996,10.773418,0.0,0.0,0.8151,1
3.736964,12.144749,12.0,0.0,0.265743,0.088817,0.067351,9.520976,1.0,0.0,0.727811,10.997001,0.0,0.0,0.0262,0
-1.022327,-0.103131,0.698287,0.117912,0.082337,0.735597,0.77028,24.158868,1.0,12.0,0.939675,10.060307,0.0,0.0,0.9008,0
-3.398945,-3.398945,-0.251316,0.167005,-0.041971,0.328445,0.03688,-18.047296,1.0,17.0,0.997146,10.593256,0.0,0.0,0.9842,1
-1.725919,-1.725919,0.535805,0.209464,0.112232,1.07788,0.059684,13.536293,1.0,14.0,0.999524,10.637087,0.0,0.0,0.2095,0
-2.677808,-2.591188,-0.23631,0.12744,-0.030115,0.631196,0.053189,-22.374243,1.0,17.0,0.996615,9.600105,0.0,0.0,0.9776,1
3.234253,7.862092,12.0,0.0,0.165666,0.326094,0.087467,3.888556,1.0,0.0,0.99947,9.899179,0.0,0.0,0.0282,0
1.519202,2.917451,0.915516,0.125741,0.115118,0.782436,0.644722,36.690299,1.0,0.0,0.972008,10.976134,0.0,0.0,0.3888,1
2.208222,14.606895,12.0,0.0,0.344981,1.098775,0.070615,13.323696,1.0,0.0,0.999577,10.7484,0.0,0.0,0.0287,0
1.460341,17.488334,12.0,0.0,0.407714,0.311919,0.094617,17.797437,1.0,0.0,0.998456,11.451595,0.0,0.0,0.0552,0
5.997711,15.464685,12.0,0.0,0.310111,0.628799,0.037717,-17.278918,1.0,0.0,0.998425,9.987334,0.0,0.0,0.1097,0
-2.917856,-2.917856,12.0,0.0,-0.296847,1.06828,0.075195,-4.675158,1.0,12.0,0.999819,10.606087,0.0,0.0,0.1214,1
1.277299,6.459285,12.0,0.0,0.144049,0.744046,0.071211,-4.838238,1.0,0.0,0.99888,9.73252,0.0,0.0,0.0271,0
1.832975,4.925492,12.0,0.0,0.113376,0.302804,0.057336,21.446894,1.0,0.0,0.996381,10.900015,0.0,0.0,0.0586,0
1.245448,1.245448,0.705688,0.163892,0.115657,0.088104,0.028177,-15.029138,1.0,0.0,0.847035,10.94438,0.0,0.0,0.1318,0
1.859302,10.658274,5.49696,0.061064,0.335665,0.104602,0.03503,16.664982,1.0,0.0,0.797333,10.939144,0.0,0.0,0.0228,0
2.024451,7.447514,2.564583,0.129512,0.332143,0.590127,0.071375,25.783884,1.0,0.0,0.995744,11.389777,0.0,0.0,0.0352,0
0.597921,0.785543,-0.886725,0.055335,-0.049067,0.603287,0.083074,-7.68822,1.0,0.0,0.99977,9.999854,0.0,0.0,0.2098,0
2.457877,8.193695,2.715155,0.127676,0.346661,0.617023,0.060084,6.232799,1.0,0.0,0.999754,9.414764,0.0,0.0,0.0372,0
4.58097,12.799663,12.0,0.0,0.27387,0.600718,0.056942,14.755704,1.0,0.0,0.998171,11.696626,0.0,0.0,0.0247,0
-1.284962,3.552076,3.031135,0.061317,0.185861,0.426168,0.494655,35.897875,0.260276,9.0,0.717932,11.288025,1.0,52.723404,0.2122,1
5.042378,21.164213,12.0,0.0,0.429973,0.814761,1.228909,-14.821245,1.0,0.0,0.770879,11.498112,0.0,0.0,0.6054,0
2.247427,7.238233,4.350937,0.052436,0.228147,0.092069,0.038654,12.979616,1.0,0.0,0.953466,10.509496,0.0,0.0,0.0243,0
3.434912,14.353929,2.703166,0.185776,0.502184,1.053228,0.02386,16.369381,1.0,0.0,0.999285,10.391285,0.0,0.0,0.0229,0
1.639058,13.109062,12.0,0.0,0.330601,0.111903,0.035548,19.995897,1.0,0.0,0.686548,10.656956,0.0,0.0,0.0322,0
-0.252989,5.952581,12.0,0.0,0.158533,0.459334,0.481148,-9.402095,0.007901,2.0,0.877043,11.41077,1.0,56.382979,0.4766,1
-0.860203,0.666703,12.0,0.0,0.008087,0.733962,0.045072,12.040369,1.0,11.0,0.9987,11.203033,0.0,0.0,0.3437,1
1.136815,1.136815,0.874825,0.166203,0.145398,0.318207,0.022468,-12.685376,1.0,0.0,0.997767,10.580209,0.0,0.0,0.1071,0
3.332382,11.776749,3.612415,0.100346,0.362491,0.30705,0.054674,12.261572,1.0,0.0,0.998535,11.10924,0.0,0.0,0.024,0
4.080028,10.60846,3.786826,0.078725,0.298117,0.070094,0.062466,8.164205,1.0,0.0,0.981055,10.689344,0.0,0.0,0.025,0
2.048498,8.495936,3.519044,0.089516,0.315011,0.619033,0.020524,38.460961,1.0,0.0,0.992967,11.778793,0.0,0.0,0.023,0
2.186004,2.598554,1.151907,0.077546,0.089326,0.625134,0.038155,-21.082309,1.0,0.0,0.996166,10.648087,0.0,0.0,0.1204,0
1.301308,13.809154,12.0,0.0,0.36244,0.615251,0.046893,25.405922,1.0,0.0,0.996857,11.443367,0.0,0.0,0.2096,0
3.378957,4.24557,1.313031,0.204082,0.267966,0.655406,0.07595,-26.598186,1.0,0.0,0.997536,10.671527,0.0,0.0,0.231,0
-0.958534,-0.958534,-0.257759,0.222929,-0.057462,0.738648,0.019033,-20.291845,1.0,2.0,0.987046,11.170235,0.0,0.0,0.334,0
0.644157,18.035317,12.0,0.0,0.395463,0.430618,0.495037,4.624336,-0.066237,0.0,0.275425,11.153963,1.0,55.854015,0.1676,0
1.740282,9.323724,2.607084,0.153991,0.401468,0.041256,0.04861,0.80331,1.0,0.0,0.728507,10.887619,0.0,0.0,0.0301,0
3.266014,9.764882,2.234618,0.178977,0.399945,0.306688,0.079324,-10.724368,1.0,0.0,0.999045,10.302472,0.0,0.0,0.0936,0
1.713851,10.269808,3.006324,0.133463,0.401232,0.101412,0.091436,12.820934,1.0,0.0,0.811011,10.794508,0.0,0.0,0.0281,0
-0.697244,-0.664371,-0.147835,0.198366,-0.029325,0.601306,0.061074,-22.949015,1.0,4.0,0.996404,10.186894,0.0,0.0,0.3442,0
4.370529,12.309883,12.0,0.0,0.252019,1.115928,0.052762,7.998708,1.0,0.0,0.999813,11.066537,0.0,0.0,0.0244,0
0.821087,1.541895,-2.008487,0.023168,-0.046533,0.730865,0.019815,8.524723,1.0,0.0,0.996654,11.17185,0.0,0.0,0.2318,0
1.933992,10.436926,12.0,0.0,0.266246,0.310475,0.050203,14.506536,1.0,0.0,0.998586,10.840528,0.0,0.0,0.0263,0
-0.061105,0.993392,0.536222,0.081343,0.043618,0.355477,0.384799,24.9826,0.191226,3.0,0.938322,10.790212,1.0,57.090226,0.0417,1
0.435858,15.016635,4.486467,0.102245,0.45872,0.433879,0.391448,34.509923,0.387674,0.0,0.907711,10.421091,1.0,52.269231,0.0228,0
2.702579,4.522519,1.538049,0.134175,0.206367,0.073775,0.067361,10.753699,1.0,0.0,0.871512,11.57338,0.0,0.0,0.0394,0
2.859454,7.770211,12.0,0.0,0.175705,0.014809,0.01526,1.565909,1.0,0.0,0.847108,10.655504,0.0,0.0,0.0216,0
-0.69989,6.277772,12.0,0.0,0.189664,0.370461,0.33272,36.105894,0.530992,6.0,0.981764,10.338583,1.0,55.268657,0.0854,0
-0.993794,-0.993794,-0.610875,0.125859,-0.076884,0.360955,0.043964,-28.392733,1.0,4.0,0.978682,11.386589,0.0,0.0,0.7261,1
0.852038,2.272761,1.082913,0.065284,0.070697,0.708537,0.084481,-9.505438,1.0,0.0,0.999405,9.80283,0.0,0.0,0.0781,0
3.476059,10.146124,2.563084,0.144435,0.370199,0.035611,0.037818,-2.64374,1.0,0.0,0.9855,11.794932,0.0,0.0,0.0269,0
1.23746,2.598408,12.0,0.0,0.018167,0.774477,0.842398,6.864776,1.0,0.0,0.960993,10.546504,0.0,0.0,0.7754,1
-1.560955,-1.560955,-0.7327,0.124936,-0.091541,0.724486,0.044978,-13.874302,1.0,10.0,0.996832,11.144394,0.0,0.0,0.1892,0
1.233519,5.554217,2.30012,0.127623,0.293548,0.596929,0.020577,19.54003,1.0,0.0,0.998196,12.210644,0.0,0.0,0.0805,0
1.853801,2.953274,1.351616,0.127486,0.172312,0.041457,0.040566,3.964496,1.0,0.0,0.658938,11.460527,0.0,0.0,0.0337,0
2.44739,12.64313,12.0,0.0,0.284892,0.73072,0.037938,-16.255379,1.0,0.0,0.989579,11.288698,0.0,0.0,0.1377,0
2.35718,8.932848,12.0,0.0,0.227191,0.126102,0.046372,-20.598259,1.0,0.0,0.841609,10.689439,0.0,0.0,0.1568,0
3.664927,10.32572,12.0,0.0,0.224882,0.044946,0.057798,1.631102,1.0,0.0,0.873733,11.723516,0.0,0.0,0.0238,0
1.656383,1.656383,0.491852,0.054102,0.02661,0.33995,0.064082,-26.44213,1.0,0.0,0.997838,10.330591,0.0,0.0,0.2688,0
3.273846,9.833637,3.229136,0.099646,0.321772,0.080682,0.074561,5.636935,1.0,0.0,0.997847,11.721326,0.0,0.0,0.0265,0
-1.430182,11.936785,12.0,0.0,0.327583,0.407789,0.401589,39.336034,0.312333,4.0,0.919049,11.364119,1.0,56.71223,0.1747,0
0.556141,5.920455,3.528284,0.073582,0.259619,1.060267,0.059981,1.189044,1.0,0.0,0.999973,10.500785,0.0,0.0,0.38,1
3.070592,14.666142,3.984113,0.111052,0.442446,0.306613,0.047537,8.386871,1.0,0.0,0.998093,10.899771,0.0,0.0,0.0236,0
3.237423,28.922545,12.0,0.0,0.525472,0.103447,0.021274,17.896742,1.0,0.0,0.884909,10.849583,0.0,0.0,0.0217,0
4.303835,8.811219,12.0,0.0,0.159291,1.065814,0.080777,15.383123,1.0,0.0,0.998829,11.293993,0.0,0.0,0.0272,0
-1.045685,-1.045685,-0.229803,0.099998,-0.02298,0.728368,0.033832,-9.524006,1.0,9.0,0.995824,10.036839,0.0,0.0,0.1594,0
3.960667,14.238242,12.0,0.020219,0.329051,0.040829,0.044577,1.420842,1.0,0.0,0.774906,10.017995,0.0,0.0,0.0237,0
4.913469,20.569791,12.0,0.0,0.416829,0.596589,0.01283,20.82743,1.0,0.0,0.997771,11.122301,0.0,0.0,0.0218,0
1.152172,9.804296,12.0,0.0,0.246018,0.818521,1.155285,39.31942,1.0,0.0,0.657293,10.884684,0.0,0.0,0.2776,1
2.993528,14.802009,12.0,0.0,0.335605,0.15554,0.030327,26.983749,1.0,0.0,0.881711,10.574253,0.0,0.0,0.0223,0
0.53501,6.12473,5.363591,0.044135,0.236724,0.066281,0.060898,6.356532,1.0,0.0,0.956675,11.500922,0.0,0.0,0.1585,0
1.989564,3.125001,1.343603,0.132813,0.178448,0.040831,0.051839,-0.257501,1.0,0.0,0.642019,10.880888,0.0,0.0,0.0308,0
3.512231,19.888863,12.0,0.0,0.403706,0.740223,0.049951,13.227493,1.0,0.0,0.999058,11.199167,0.0,0.0,0.0236,0
3.339609,7.776395,2.484344,0.128242,0.318597,0.655651,0.096612,-28.122077,1.0,0.0,0.99693,10.853911,0.0,0.0,0.1768,0
2.334651,19.436133,12.0,0.0217,0.448856,0.061253,0.088646,-0.444442,1.0,0.0,0.755843,10.480912,0.0,0.0,0.045,0
2.394777,8.661474,4.394025,0.064334,0.282684,0.137091,0.054907,-21.632755,1.0,0.0,0.998108,9.879148,0.0,0.0,0.1675,1
0.865977,18.120149,12.0,0.0,0.426531,0.719256,0.6619,9.738679,1.0,0.0,0.985006,10.700589,0.0,0.0,0.6625,1
-1.177155,4.217276,12.0,0.0,0.127709,0.482741,0.575138,15.927388,-0.086187,4.0,0.977097,10.897379,1.0,52.214815,0.371,0
-2.49323,-2.226352,0.297861,0.169339,0.05044,0.608007,0.079835,2.998481,1.0,19.0,0.998788,11.923657,0.0,0.0,0.5572,1
4.110782,9.01476,8.865585,0.022478,0.199277,0.298638,0.068005,-11.723671,1.0,0.0,0.996397,11.057655,0.0,0.0,0.0753,0
4.429933,10.335902,2.786436,0.12748,0.355216,0.612487,0.030286,-13.039707,1.0,0.0,0.999323,11.59079,0.0,0.0,0.0692,0
2.951514,4.972626,12.0,0.0,0.078918,0.287632,0.030267,-1.91325,1.0,0.0,0.999257,10.559433,0.0,0.0,0.0507,0
2.461532,4.251257,2.356532,0.048804,0.115009,0.315545,0.051714,13.930289,1.0,0.0,0.998096,11.651367,0.0,0.0,0.0481,0
-0.726776,3.555192,1.685077,0.164135,0.276581,0.74327,0.084993,-6.691747,1.0,4.0,0.995457,10.227577,0.0,0.0,0.4909,0
4.852795,6.033753,1.411713,0.214277,0.302497,0.675546,0.031526,-35.179289,1.0,0.0,0.994309,11.0277,0.0,0.0,0.2639,0
1.218564,2.847268,1.526215,0.11585,0.176812,0.598643,0.037717,11.204001,1.0,0.0,0.99941,10.844351,0.0,0.0,0.0422,0
1.304917,4.836231,2.207309,0.108297,0.239045,0.044965,0.057326,4.157617,1.0,0.0,0.562481,10.578921,0.0,0.0,0.0417,0
2.505737,7.587239,12.0,0.0,0.19418,0.599024,0.044873,17.232905,1.0,0.0,0.998748,10.568713,0.0,0.0,0.0226,0
-0.114427,-0.034165,0.683442,0.06646,0.045422,0.326159,0.104804,2.195134,1.0,5.0,0.999395,11.001813,0.0,0.0,0.6045,1
1.991662,4.090069,1.896305,0.09432,0.17886,0.318243,0.04055,-17.951488,1.0,0.0,0.990236,10.835554,0.0,0.0,0.109,1
1.804171,8.003795,5.07141,0.051468,0.261017,0.065387,0.068259,7.477123,1.0,0.0,0.995518,11.963904,0.0,0.0,0.0248,0
0.335825,3.86591,2.688869,0.078925,0.212219,0.044731,0.026798,1.048247,1.0,0.0,0.970159,10.714039,0.0,0.0,0.3137,1
2.152525,9.483296,3.434314,0.111012,0.381249,0.666245,0.062968,-31.252244,1.0,0.0,0.996067,10.34037,0.0,0.0,0.9847,1
-1.174913,-1.174913,-0.613951,0.093287,-0.057274,1.113468,0.057219,-2.933219,1.0,4.0,0.999999,9.985267,0.0,0.0,0.0356,0
0.295998,8.855654,4.556517,0.072176,0.328872,0.702546,0.081481,6.442302,1.0,0.0,0.991412,11.530857,0.0,0.0,0.1338,1
2.635995,14.201242,5.142697,0.080098,0.411919,0.106495,0.066452,11.652713,1.0,0.0,0.927597,11.593193,0.0,0.0,0.0273,0
1.041779,4.619055,12.0,0.0,0.092655,0.733071,0.012037,7.269374,1.0,0.0,0.999252,10.619547,0.0,0.0,0.0253,0
2.766702,13.354404,3.074692,0.162232,0.498815,0.613665,0.060664,2.657743,1.0,0.0,0.999987,11.052936,0.0,0.0,0.0523,0
2.76346,5.378893,1.716401,0.087805,0.150709,0.734052,0.090778,8.218604,1.0,0.0,0.983766,10.38561,0.0,0.0,0.025,0
4.552847,4.552847,1.002586,0.03563,0.035722,0.201363,0.114573,-29.574329,1.0,0.0,0.77694,10.700636,0.0,0.0,0.2797,1
4.29098,13.029998,3.032989,0.145239,0.440509,0.604309,0.023044,6.592152,1.0,0.0,0.99988,10.125127,0.0,0.0,0.0223,0
4.166796,4.166796,12.0,0.0,-0.001477,0.466178,0.038064,-47.954841,1.0,0.0,0.967628,10.68324,0.0,0.0,0.5578,0
3.934025,6.73246,12.0,0.0,0.108734,0.327598,0.028815,-15.578509,1.0,0.0,0.996216,10.23603,0.0,0.0,0.0946,0
2.484396,7.584749,12.0,0.0,0.177207,0.183264,0.043751,30.655161,1.0,0.0,0.893824,10.778056,0.0,0.0,0.0461,0
0.253534,4.393965,2.178756,0.125756,0.273992,0.650016,0.666282,-9.011716,1.0,0.0,0.881859,11.530713,0.0,0.0,0.9973,1
0.297147,8.138076,2.239156,0.182503,0.408653,0.727753,0.018473,-11.88912,1.0,0.0,0.994946,10.466122,0.0,0.0,0.4566,0
2.549791,18.523893,4.40064,0.120312,0.529452,0.180445,0.100579,25.195356,1.0,0.0,0.882961,11.447117,0.0,0.0,0.0269,0
1.559686,6.767686,12.0,0.0,0.181855,0.296273,0.063653,13.185583,1.0,0.0,0.997561,10.61238,0.0,0.0,0.0312,0
-0.257727,4.977581,3.415273,0.063434,0.216643,0.754047,0.07494,-24.526048,1.0,3.0,0.991203,10.302603,0.0,0.0,0.9944,1
0.415128,2.86227,12.0,0.0,0.093339,0.296883,0.036442,5.79837,1.0,0.0,0.999193,11.230734,0.0,0.0,0.2589,1
-6.949644,-6.949644,-1.534466,0.312113,-0.478926,1.228756,0.073406,-52.457158,1.0,14.0,0.984845,10.472303,0.0,0.0,0.8237,1
1.620661,3.340062,1.684457,0.102264,0.172259,0.048436,0.05785,-3.924546,1.0,0.0,0.88818,11.892737,0.0,0.0,0.0366,0
1.971232,2.18774,12.0,0.0,0.009905,0.054773,0.055144,-4.025875,1.0,0.0,0.94625,10.745216,0.0,0.0,0.1041,0
4.350469,7.192206,2.362937,0.083628,0.197607,0.104625,0.029116,-17.684276,1.0,0.0,0.989125,10.599805,0.0,0.0,0.1039,0
0.747329,1.962743,1.362952,0.134372,0.183142,0.038963,0.025668,5.129611,1.0,0.0,0.820839,10.66014,0.0,0.0,0.1223,0
3.834705,9.462819,2.392985,0.124859,0.298786,0.727347,0.02161,5.605837,1.0,0.0,0.998247,10.668324,0.0,0.0,0.0216,0
2.642033,8.385273,2.228717,0.163668,0.364769,0.036553,0.034585,-4.765658,1.0,0.0,0.709126,10.332131,0.0,0.0,0.0361,0
1.652442,6.373339,12.0,0.0,0.172445,0.134945,0.069657,-21.622698,1.0,0.0,0.869216,11.238211,0.0,0.0,0.3408,0
3.853838,15.811569,3.321856,0.139735,0.464179,0.731356,0.058928,5.871133,1.0,0.0,0.99482,10.824864,0.0,0.0,0.0247,0
2.223856,20.539301,12.0,0.0,0.438812,0.175656,0.047061,28.925737,1.0,0.0,0.956359,11.504601,0.0,0.0,0.0244,0
3.548486,6.411402,1.569979,0.190753,0.299478,1.139034,0.018694,-12.419495,1.0,0.0,0.9994,9.894739,0.0,0.0,0.0568,0
1.973805,15.430901,12.0,0.0,0.367876,0.063818,0.048733,10.51726,1.0,0.0,0.977258,11.306013,0.0,0.0,0.0253,0
2.442413,12.038694,5.461675,0.064696,0.353351,0.305269,0.090376,29.645138,1.0,0.0,0.998403,11.302337,0.0,0.0,0.0261,0
3.478406,4.383916,1.441201,0.095248,0.137271,0.201486,0.079767,-32.035274,1.0,0.0,0.921626,11.648978,0.0,0.0,0.3665,0
2.241755,12.409002,3.54012,0.118526,0.419597,0.315551,0.066187,12.870342,1.0,0.0,0.997875,11.27848,0.0,0.0,0.0237,0
2.647627,4.126916,1.617456,0.090909,0.147042,0.123767,0.060388,21.680387,1.0,0.0,0.871586,11.258425,0.0,0.0,0.1028,0
3.259042,9.137341,3.718563,0.073512,0.273358,0.28147,0.077218,3.194342,1.0,0.0,0.99973,11.503231,0.0,0.0,0.0271,0
1.228961,11.273035,12.0,0.0,0.303145,0.129806,0.077651,18.174119,1.0,0.0,0.889322,10.496418,0.0,0.0,0.0764,0
1.552304,13.021612,8.557799,0.044063,0.377079,0.071407,0.079689,0.949908,1.0,0.0,0.993899,11.345952,0.0,0.0,0.0639,0
-1.576414,-1.576414,-0.40037,0.196298,-0.078592,1.03808,0.050209,7.927938,1.0,5.0,0.999717,9.98604,0.0,0.0,0.0317,0
0.531021,0.531021,-0.443935,0.125813,-0.055853,1.096296,0.080725,-9.2343,1.0,0.0,0.999499,9.8756,0.0,0.0,0.0438,0
-0.213012,0.408843,12.0,0.0,-0.069941,0.385493,0.471346,27.702524,0.013982,2.0,0.820411,10.786142,1.0,55.028986,0.0812,0
-1.65693,-1.551552,-0.308884,0.167614,-0.051773,0.598519,0.050859,-2.368975,1.0,7.0,0.999404,10.844013,0.0,0.0,0.3347,0
0.632608,6.99632,12.0,0.0,0.201133,0.760152,0.786121,26.313294,1.0,0.0,0.474878,11.180906,0.0,0.0,0.4641,1
0.613182,0.613182,0.808498,0.122815,0.099296,1.060539,0.130193,3.251426,1.0,0.0,0.999979,10.046705,0.0,0.0,0.0689,0
2.561115,3.295556,12.0,0.0,0.011069,0.594293,0.835122,-46.829637,1.0,0.0,0.824793,10.558819,0.0,0.0,0.6834,1
1.90648,23.219783,12.0,0.0,0.481717,0.045392,0.05913,-0.311337,1.0,0.0,0.697545,9.720301,0.0,0.0,0.0713,0
1.412028,3.64061,1.507274,0.163706,0.246749,0.591981,0.042229,12.002339,1.0,0.0,0.999262,11.058608,0.0,0.0,0.0329,1
0.536602,2.281244,3.380312,0.031719,0.107221,0.140864,0.068798,-20.897912,1.0,0.0,0.974986,11.365813,0.0,0.0,0.9857,1
3.204005,12.250922,12.0,0.0,0.291016,0.622269,0.862753,2.284964,1.0,0.0,0.815102,11.328114,0.0,0.0,0.3104,0
1.979624,6.626996,2.888541,0.05797,0.167449,0.348634,0.356607,14.192777,-0.079643,0.0,0.865159,11.016158,1.0,54.933824,0.0222,0
2.496056,4.0356,1.588796,0.094566,0.150246,0.325888,0.087324,19.58389,1.0,0.0,0.992799,11.317374,0.0,0.0,0.0886,0
2.689467,7.965031,12.0,0.0,0.184223,0.288823,0.048939,13.188426,1.0,0.0,0.997191,11.034362,0.0,0.0,0.0237,0
0.461987,4.390072,12.0,0.0,0.148181,0.37485,0.054758,-28.863581,1.0,0.0,0.997618,10.303959,0.0,0.0,0.9979,1
2.142141,9.000059,4.684475,0.061163,0.286517,0.201495,0.070098,30.04304,1.0,0.0,0.811305,10.469045,0.0,0.0,0.0273,0
-0.255793,-0.255793,-0.430088,0.136343,-0.058639,0.110777,0.038934,-18.89184,1.0,2.0,0.957429,11.118939,0.0,0.0,0.6461,1
1.02939,9.460414,2.690442,0.157405,0.42349,0.305985,0.068603,-2.182671,1.0,0.0,0.994778,10.57987,0.0,0.0,0.0968,0
3.737715,11.053308,12.0,0.0,0.24687,0.121939,0.083995,-14.321879,1.0,0.0,0.978141,11.096238,0.0,0.0,0.0923,0
0.884762,0.884762,0.249663,0.134588,0.033602,0.3256,0.077745,-2.715133,1.0,0.0,0.995688,11.238127,0.0,0.0,0.2332,0
4.187627,12.917875,4.8966,0.069711,0.341345,1.096674,0.012638,2.464921,1.0,0.0,0.99999,10.216585,0.0,0.0,0.0216,0
1.495885,2.570955,12.0,0.0,-0.029476,0.730229,0.049902,3.622178,1.0,0.0,0.993835,10.219183,0.0,0.0,0.066,0
-0.153755,1.712933,12.0,0.0,0.053497,0.623713,0.066405,19.998203,1.0,2.0,0.998856,11.471833,0.0,0.0,0.4025,1
1.777889,4.410789,12.0,0.0,0.101655,0.056379,0.02908,8.771787,1.0,0.0,0.908085,10.10264,0.0,0.0,0.0427,0
0.500248,5.297734,4.465446,0.049385,0.220528,0.301831,0.067457,-6.008042,1.0,0.0,0.99902,11.312254,0.0,0.0,0.5669,0
4.239923,14.053294,12.0,0.0,0.313297,0.596512,0.02305,9.39513,1.0,0.0,0.999594,10.505959,0.0,0.0,0.0224,0
3.757259,16.283405,12.0,0.022357,0.372635,0.122785,0.074104,20.039023,1.0,0.0,0.71101,10.84713,0.0,0.0,0.0249,0
4.048251,7.060854,1.798314,0.137487,0.247245,1.096326,0.131812,22.290467,1.0,0.0,0.998443,10.717268,0.0,0.0,0.0264,0
3.183293,7.241099,12.0,0.0,0.14761,1.072932,0.044021,-9.639172,1.0,0.0,0.999395,9.750067,0.0,0.0,0.0398,0
3.761829,8.396585,12.0,0.0,0.16669,0.08202,0.05744,11.466438,1.0,0.0,0.4875,11.016507,0.0,0.0,0.0339,0
3.953023,9.140036,7.856295,0.026665,0.209488,0.06417,0.03371,9.783881,1.0,0.0,0.621015,11.163829,0.0,0.0,0.0221,0
1.170066,7.569568,7.462338,0.033211,0.247829,0.118695,0.028157,19.679637,1.0,0.0,0.809357,11.350723,0.0,0.0,0.0455,0
-0.030488,2.464125,2.368367,0.056155,0.132995,0.597912,0.038415,21.451897,1.0,2.0,0.997043,10.4682,0.0,0.0,0.1868,0
0.893674,9.105943,12.0,0.0,0.260331,0.107554,0.07387,13.295612,1.0,0.0,0.913225,10.442279,0.0,0.0,0.1012,0
0.60929,6.081997,2.355631,0.142819,0.336429,0.051171,0.06307,-3.338847,1.0,0.0,0.535856,10.897476,0.0,0.0,0.3268,1
1.993095,2.642474,0.622176,0.13366,0.08316,0.605375,0.046451,17.975174,1.0,0.0,0.998835,11.762529,0.0,0.0,0.1514,1
1.454911,8.141391,12.0,0.0,0.218293,1.085522,0.010628,31.054063,1.0,0.0,0.997336,10.722052,0.0,0.0,0.0372,0
3.484182,12.062209,12.0,0.0,0.270443,0.297129,0.078006,-0.390454,1.0,0.0,0.991739,11.746707,0.0,0.0,0.0269,0
0.342336,0.721474,12.0,0.0,-0.040911,0.618108,0.01889,-11.096796,1.0,0.0,0.999352,10.924683,0.0,0.0,0.1322,1
-0.879948,-0.879948,-2.322332,0.101248,-0.235132,1.082708,0.053914,-6.212148,1.0,3.0,0.999793,10.620846,0.0,0.0,0.2504,0
4.682897,16.041071,12.0,0.0,0.340945,0.604585,0.019288,26.457393,1.0,0.0,0.996984,10.625441,0.0,0.0,0.0219,0
3.058739,8.681816,4.040608,0.065115,0.263102,0.066185,0.056463,-8.445912,1.0,0.0,0.920149,11.003308,0.0,0.0,0.0473,0
3.125659,19.607071,12.0,0.0,0.415836,0.120456,0.077799,19.02796,1.0,0.0,0.608748,10.725462,0.0,0.0,0.0241,0
1.274262,12.190987,12.0,0.0,0.317832,0.218783,0.07,36.683075,1.0,0.0,0.935847,10.346681,0.0,0.0,0.0443,0
-0.845334,0.178021,0.932129,0.089665,0.08358,0.724868,0.062307,-2.023231,1.0,12.0,0.997712,10.971033,0.0,0.0,0.2745,0
2.065624,8.874406,2.934971,0.121203,0.355728,0.138021,0.074116,-17.647051,1.0,0.0,0.847172,11.200362,0.0,0.0,0.3326,0
2.906353,5.863925,12.0,0.0,0.064086,0.748261,0.070602,-13.399763,1.0,0.0,0.99308,10.152622,0.0,0.0,0.111,0
2.827542,7.635604,12.0,0.0,0.169355,1.07814,0.023901,5.865621,1.0,0.0,0.999839,10.062056,0.0,0.0,0.0222,0
1.024782,6.081589,3.798042,0.063444,0.240965,0.075112,0.073603,0.239914,1.0,0.0,0.976135,11.124734,0.0,0.0,0.0776,0
2.019258,3.785547,1.861741,0.092752,0.17268,0.626247,0.045905,-12.50224,1.0,0.0,0.998888,10.549011,0.0,0.0,0.063,0
-0.036517,0.518154,1.040473,0.109724,0.114165,0.122208,0.018218,20.246636,1.0,5.0,0.944778,11.463219,0.0,0.0,0.5302,0
1.639437,3.036189,1.095735,0.157573,0.172658,0.737739,0.779732,25.104555,1.0,0.0,0.827993,11.192371,0.0,0.0,0.5368,0
1.309867,3.245174,12.0,0.0,0.089897,0.594511,0.087567,-8.87068,1.0,0.0,0.999358,10.738209,0.0,0.0,0.1949,1
-2.854784,-2.854784,-0.399901,0.206814,-0.082705,0.670922,0.052264,-35.786037,1.0,8.0,0.991267,10.351224,0.0,0.0,0.5455,0
2.090046,27.773816,12.0,0.03795,0.554258,0.742964,0.040934,16.887114,1.0,0.0,0.991806,10.714277,0.0,0.0,0.0258,0
0.854275,9.663568,12.0,0.0,0.262341,0.726851,0.057015,3.736619,1.0,0.0,0.999789,11.296232,0.0,0.0,0.0589,0
1.215891,1.251271,0.66765,0.188565,0.125896,1.06622,0.016555,12.327856,1.0,0.0,0.999473,10.742587,0.0,0.0,0.024,0
5.007758,5.71057,12.0,0.0,0.048449,0.659126,0.093558,-29.279381,1.0,0.0,0.994015,10.200267,0.0,0.0,0.1555,0
-5.162854,-5.162854,0.000169,0.291449,4.9e-05,1.130553,0.022129,-19.484409,1.0,19.0,0.998428,11.10953,0.0,0.0,0.9796,1
2.162016,12.071394,12.0,0.0,0.275894,0.716698,0.048698,-6.201209,1.0,0.0,0.992933,10.712757,0.0,0.0,0.0511,0
1.367623,3.015668,12.0,0.0,0.021964,0.711745,0.048961,5.217726,1.0,0.0,0.998213,11.26851,0.0,0.0,0.043,0
2.532755,16.308221,12.0,0.0,0.343629,0.336812,0.363616,20.248153,-0.266151,0.0,0.637486,10.274809,1.0,55.933333,0.0619,0
0.864063,9.191172,12.0,0.0,0.235387,0.722051,0.036189,6.892098,1.0,0.0,0.998769,10.889099,0.0,0.0,0.0236,0
0.505634,2.263785,12.0,0.0,0.072772,0.079353,0.068854,-4.805277,1.0,0.0,0.95059,11.044357,0.0,0.0,0.6292,1
0.61481,12.276853,12.0,0.0,0.33303,0.271152,0.088166,10.186182,1.0,0.0,0.993359,11.045564,0.0,0.0,0.1839,0
0.638942,9.305256,4.247212,0.084049,0.356975,0.391222,0.052806,-22.93184,1.0,0.0,0.997692,10.834139,0.0,0.0,0.9924,1
0.809081,2.070124,12.0,0.0,-0.012224,0.73625,0.089792,3.408545,1.0,0.0,0.992281,9.717237,0.0,0.0,0.0636,0
1.393161,6.335694,2.551745,0.112945,0.288206,0.287523,0.044685,0.854052,1.0,0.0,0.99928,11.000545,0.0,0.0,0.0427,0
1.39136,9.44883,12.0,0.0,0.255523,0.194098,0.027993,33.99325,1.0,0.0,0.983154,11.855284,0.0,0.0,0.0255,0
0.067904,4.698205,12.0,0.0,0.128734,0.724981,0.039614,4.72549,1.0,0.0,0.997592,10.994147,0.0,0.0,0.0544,0
3.85799,4.961611,1.298611,0.138634,0.180032,0.290981,0.043908,0.014343,1.0,0.0,0.99931,10.553065,0.0,0.0,0.0325,0
3.825559,14.019624,12.0,0.026138,0.334225,0.372263,0.068182,-24.094909,1.0,0.0,0.998325,11.661498,0.0,0.0,0.2652,0
0.749793,5.782648,12.0,0.0,0.17543,1.113998,0.014841,-0.505128,1.0,0.0,0.999998,10.616686,0.0,0.0,0.1218,1
1.846645,13.531706,12.0,0.0,0.350727,0.604651,0.071322,16.78098,1.0,0.0,0.999047,10.483142,0.0,0.0,0.1349,0
0.678633,0.943003,0.105575,0.193087,0.020385,0.850361,0.898071,-19.562058,1.0,0.0,0.960731,10.687251,0.0,0.0,0.8997,1
3.503124,11.391289,12.0,0.0,0.256324,0.307806,0.054123,-13.437459,1.0,0.0,0.998895,10.437374,0.0,0.0,0.0779,0
3.196401,11.145086,12.0,0.0,0.235508,0.761136,0.068701,19.732633,1.0,0.0,0.986348,10.38014,0.0,0.0,0.0248,0
3.504297,18.676927,12.0,0.0,0.394437,0.107308,0.077985,10.026915,1.0,0.0,0.930125,10.935587,0.0,0.0,0.027,0
3.103085,11.582131,12.0,0.0,0.289047,0.598142,0.047785,-0.850192,1.0,0.0,0.999911,11.106705,0.0,0.0,0.0363,0
1.527406,11.847328,4.568486,0.085065,0.388617,0.70456,0.988951,-0.625121,1.0,0.0,0.918694,11.511066,0.0,0.0,0.9302,1
4.096013,26.03776,12.0,0.0,0.489325,0.048224,0.04022,-5.276693,1.0,0.0,0.960703,11.241013,0.0,0.0,0.0329,0
1.855167,4.803006,1.911462,0.116023,0.221773,0.178316,0.037084,30.648802,1.0,0.0,0.884388,11.379347,0.0,0.0,0.0785,0
-0.462348,-0.462348,0.496612,0.112814,0.056025,0.311434,0.047864,-11.87896,1.0,3.0,0.999733,10.397007,0.0,0.0,0.767,1
2.879068,8.24835,12.0,0.0,0.185359,0.153155,0.115386,19.346411,1.0,0.0,0.986362,10.256997,0.0,0.0,0.0368,0
1.401431,17.697309,12.0,0.031806,0.442895,0.167626,0.03739,29.58069,1.0,0.0,0.978038,10.605502,0.0,0.0,0.0443,0
3.689409,8.694621,12.0,0.0,0.193498,0.59002,0.0503,-6.063456,1.0,0.0,0.999492,9.890853,0.0,0.0,0.0387,0
4.872765,24.208702,12.0,0.0,0.44648,0.716635,0.092468,-6.824825,1.0,0.0,0.997593,8.757956,0.0,0.0,0.0429,0
0.373087,2.933957,1.188682,0.118607,0.140987,0.75321,0.013713,26.501372,1.0,0.0,0.981675,12.280023,0.0,0.0,0.084,0
3.396111,20.075528,12.0,0.0,0.420874,0.056972,0.074641,-2.028099,1.0,0.0,0.701021,11.043421,0.0,0.0,0.0399,0
3.968272,10.869164,12.0,0.0,0.24674,0.612078,0.055994,24.197764,1.0,0.0,0.99754,11.483434,0.0,0.0,0.0252,0
0.732058,0.974796,12.0,0.0,0.012536,0.14918,0.07376,-20.688458,1.0,0.0,0.907994,10.519854,0.0,0.0,0.97,1
1.002001,15.116336,5.146482,0.084428,0.434507,0.438427,0.508854,57.390849,0.439439,0.0,0.889461,11.355616,1.0,51.548148,0.0273,0
7.062744,14.063078,12.0,0.0,0.234543,1.162611,0.024916,-29.338181,1.0,0.0,0.996316,10.242925,0.0,0.0,0.2654,1
2.483925,25.677264,10.622278,0.051934,0.551656,0.129714,0.03356,23.093399,1.0,0.0,0.751884,10.4458,0.0,0.0,0.0232,0
2.784942,19.944172,7.21534,0.066359,0.478802,0.933862,0.797406,36.896807,1.0,0.0,0.592882,11.337576,0.0,0.0,0.5739,1
0.746871,14.126841,12.0,0.0,0.366415,0.068796,0.026249,11.734447,1.0,0.0,0.805049,11.365124,0.0,0.0,0.1743,0
4.520133,8.672112,12.0,0.0,0.19167,0.671478,0.03995,-30.895028,1.0,0.0,0.995664,10.428355,0.0,0.0,0.2634,1
2.004379,6.601663,4.38091,0.038573,0.168985,0.733444,0.04037,6.679186,1.0,0.0,0.999858,11.288562,0.0,0.0,0.0223,0
1.583938,2.610689,1.191901,0.041071,0.048952,0.739162,0.993026,1.838704,1.0,0.0,0.954731,11.172067,0.0,0.0,0.9063,1
1.079533,2.382824,12.0,0.0,-0.04802,0.446647,0.486423,14.659185,-0.126642,0.0,0.875641,10.655577,1.0,56.449275,0.1873,0
3.344867,8.263274,12.0,0.0,0.168539,1.074729,0.020022,25.838117,1.0,0.0,0.998148,10.744505,0.0,0.0,0.025,0
1.33952,6.281406,2.464698,0.12026,0.296406,0.062243,0.050519,8.896334,1.0,0.0,0.860664,10.981257,0.0,0.0,0.0432,0
0.879531,0.879531,12.0,0.0,-0.193178,0.721693,0.035657,-11.880994,1.0,0.0,0.996941,10.811715,0.0,0.0,0.2975,0
1.394861,10.971878,12.0,0.0,0.274556,0.719086,0.056911,3.124188,1.0,0.0,0.997925,10.821184,0.0,0.0,0.0252,0
1.000681,8.487724,12.0,0.0,0.241316,0.305984,0.023628,22.016825,1.0,0.0,0.997466,11.126845,0.0,0.0,0.0581,0
6.531624,10.759999,12.0,0.0,0.199499,0.742848,0.063563,-55.516907,1.0,0.0,0.981316,10.252321,0.0,0.0,0.563,0
1.264945,13.942863,12.0,0.0,0.348871,1.071508,0.06439,26.078147,1.0,0.0,0.998164,10.536914,0.0,0.0,0.0669,0
2.130419,5.858587,12.0,0.0,0.138662,0.296622,0.048726,-9.738565,1.0,0.0,0.998677,11.622342,0.0,0.0,0.0521,0
0.164017,2.903563,12.0,0.0,0.104054,0.301444,0.069444,-6.959631,1.0,0.0,0.990822,10.610619,0.0,0.0,0.5041,0
2.428201,16.170888,6.474258,0.068371,0.44265,0.329211,0.06886,-12.943848,1.0,0.0,0.995379,10.571879,0.0,0.0,0.1082,0
-0.656473,-0.656473,12.0,0.0,-0.036495,0.080353,0.050443,-9.825638,1.0,13.0,0.982782,11.002663,0.0,0.0,0.9219,1
1.45221,4.81203,4.550939,0.036443,0.165849,0.083749,0.028821,-13.885237,1.0,0.0,0.947562,11.375149,0.0,0.0,0.2614,1
-3.494039,-3.494039,-0.811429,0.178775,-0.145063,1.079084,0.057666,8.768904,1.0,15.0,0.999581,10.883163,0.0,0.0,0.1046,0
2.650592,2.734466,0.920108,0.12808,0.117847,0.045338,0.028117,7.531296,1.0,0.0,0.937601,10.70572,0.0,0.0,0.0726,0
2.611267,3.693597,1.14226,0.112102,0.12805,0.594027,0.023909,19.714174,1.0,0.0,0.997854,10.656319,0.0,0.0,0.0539,0
-0.57193,11.877299,10.403214,0.032966,0.342951,0.487437,0.430947,17.642592,0.426475,2.0,0.755539,11.003965,1.0,55.568182,0.0485,0
-2.653979,-2.604827,0.083476,0.153055,0.012776,0.597989,0.083112,-20.699159,1.0,18.0,0.996048,10.853674,0.0,0.0,0.9607,1
2.546411,6.1512,12.0,0.0,0.137075,0.332964,0.042194,-20.990909,1.0,0.0,0.997579,10.219615,0.0,0.0,0.1407,0
0.932644,12.104488,12.0,0.026542,0.350758,0.118157,0.050303,18.450327,1.0,0.0,0.994701,10.470824,0.0,0.0,0.1098,0
0.884169,12.206405,12.0,0.0,0.331213,0.039562,0.046115,-1.718559,1.0,0.0,0.715869,10.81334,0.0,0.0,0.3082,0
3.235797,10.77057,12.0,0.0,0.248524,0.045111,0.021332,-6.969236,1.0,0.0,0.746492,10.993608,0.0,0.0,0.0474,0
2.233761,10.387391,12.0,0.0,0.257684,0.175355,0.098943,25.031181,1.0,0.0,0.797991,12.247254,0.0,0.0,0.0274,0
3.003988,4.191567,12.0,0.0,0.047909,0.039638,0.019921,5.219994,1.0,0.0,0.874572,11.245959,0.0,0.0,0.0642,1
3.04299,11.007446,12.0,0.0,0.289398,0.65059,0.020744,-27.707434,1.0,0.0,0.99568,9.592483,0.0,0.0,0.7521,1
3.024378,7.911011,5.163116,0.033378,0.172332,0.73242,0.020051,10.25308,1.0,0.0,0.996733,10.669441,0.0,0.0,0.0223,0
1.794919,7.31517,12.0,0.0,0.189772,0.306568,0.033684,18.798721,1.0,0.0,0.997422,10.868686,0.0,0.0,0.0254,0
2.602317,7.417425,12.0,0.0,0.17239,0.042559,0.059166,-0.181977,1.0,0.0,0.737217,10.091564,0.0,0.0,0.0263,0
2.291611,13.404861,12.0,0.0,0.336619,0.598223,0.026072,19.184667,1.0,0.0,0.998584,11.213866,0.0,0.0,0.0399,0
0.041094,12.36687,12.0,0.0,0.331551,0.716177,0.064149,-3.239267,1.0,0.0,0.998486,10.13161,0.0,0.0,0.3416,0
3.3504,13.897118,12.0,0.0,0.311357,1.136627,0.018442,-8.105598,1.0,0.0,0.999696,10.280844,0.0,0.0,0.04,0
3.176767,7.092652,2.119302,0.156355,0.331363,0.620164,0.113058,-3.276627,1.0,0.0,0.999664,10.608873,0.0,0.0,0.033,0
2.008813,7.517734,3.521908,0.075845,0.267118,0.05259,0.030969,6.974168,1.0,0.0,0.912043,10.832087,0.0,0.0,0.0225,0
1.206993,3.228289,12.0,0.0,0.078935,0.304776,0.045621,5.424933,1.0,0.0,0.999497,11.556137,0.0,0.0,0.1001,0
3.46743,17.057355,12.0,0.0,0.369939,0.086953,0.066128,10.57639,1.0,0.0,0.963172,11.191023,0.0,0.0,0.0269,0
2.329034,12.85069,7.705542,0.044048,0.339415,0.713909,0.046683,-11.417451,1.0,0.0,0.998089,9.755704,0.0,0.0,0.116,1
4.69653,13.67664,12.0,0.0,0.295406,0.602054,0.022512,22.234305,1.0,0.0,0.997852,11.128466,0.0,0.0,0.0231,0
1.516929,1.516929,12.0,0.0,-0.1226,0.372535,0.382604,9.088245,-0.193819,0.0,0.935529,11.057821,1.0,54.405405,0.3294,0
0.48875,7.923963,4.059008,0.079586,0.323039,0.322788,0.027713,-7.651457,1.0,0.0,0.998711,10.857632,0.0,0.0,0.6565,1
4.387089,12.10652,12.0,0.0,0.275015,0.614695,0.040231,-9.175699,1.0,0.0,0.999675,9.777214,0.0,0.0,0.0411,0
2.602876,24.008448,12.0,0.0,0.480479,0.142798,0.036856,23.839785,1.0,0.0,0.968766,10.299004,0.0,0.0,0.0247,0
0.442338,11.2719,12.0,0.0,0.280726,0.36224,0.448743,18.338976,-0.095178,0.0,0.878163,10.564384,1.0,56.169355,0.0428,0
1.523252,9.425577,12.0,0.0,0.25778,0.070209,0.066053,-2.841718,1.0,0.0,0.941275,10.729047,0.0,0.0,0.0601,0
3.829536,4.055154,1.143663,0.221668,0.253514,0.669259,0.034223,-34.635082,1.0,0.0,0.99454,9.452341,0.0,0.0,0.2748,1
1.403073,3.462441,1.969683,0.075142,0.148006,0.340343,0.06071,33.143703,1.0,0.0,0.991292,11.410639,0.0,0.0,0.2315,0
1.037153,10.614308,2.925356,0.14978,0.43816,1.083936,0.040971,11.163983,1.0,0.0,0.999628,10.410936,0.0,0.0,0.0903,0
2.192438,7.390988,4.093082,0.059283,0.24265,0.616753,0.049518,30.606402,1.0,0.0,0.997118,11.134542,0.0,0.0,0.026,0
1.264471,4.690034,1.755997,0.123928,0.217617,0.792063,0.065529,33.450083,1.0,0.0,0.96272,11.629294,0.0,0.0,0.0434,0
-0.747334,-0.747334,0.538521,0.309844,0.166858,1.139437,0.019207,-23.718136,1.0,3.0,0.997627,10.391899,0.0,0.0,0.1945,0
2.792607,4.986856,2.421467,0.057493,0.139218,0.317071,0.073871,18.501775,1.0,0.0,0.998192,11.428424,0.0,0.0,0.0635,0
1.033489,9.729086,12.0,0.0,0.276299,0.067884,0.065909,-10.297348,1.0,0.0,0.848925,10.547042,0.0,0.0,0.5803,1
2.237478,6.730309,12.0,0.0,0.194225,0.63226,0.069565,-21.948356,1.0,0.0,0.996887,10.415844,0.0,0.0,0.7631,1
2.254286,11.106528,12.0,0.0,0.277375,0.065806,0.079225,-0.84168,1.0,0.0,0.841738,11.131428,0.0,0.0,0.0329,0
3.64739,7.168892,2.045313,0.124598,0.254843,1.090744,0.09033,-20.87309,1.0,0.0,0.998133,10.096597,0.0,0.0,0.0858,0
3.126515,7.86751,2.58159,0.105759,0.273026,0.10728,0.076495,15.628373,1.0,0.0,0.987535,11.010544,0.0,0.0,0.0255,0
1.672976,23.573537,12.0,0.0,0.47745,0.72263,0.025015,-1.251673,1.0,0.0,0.999712,11.058338,0.0,0.0,0.0505,0
3.340444,10.573225,5.605815,0.05399,0.302659,0.596628,0.081915,18.147329,1.0,0.0,0.997989,10.907029,0.0,0.0,0.0252,0
1.755715,2.90214,1.170942,0.159912,0.187247,0.79596,0.794915,-4.123065,1.0,0.0,0.971388,9.728018,0.0,0.0,0.4596,0
5.277326,16.381046,4.895364,0.08766,0.429129,0.598799,0.044103,8.670074,1.0,0.0,0.999292,10.606202,0.0,0.0,0.0249,0
2.578992,12.008734,5.756283,0.061361,0.353209,0.046348,0.029219,-8.454649,1.0,0.0,0.856956,10.575016,0.0,0.0,0.0433,0
-0.526136,-0.526136,-4.196065,0.042723,-0.179268,1.118035,0.028348,-9.909079,1.0,2.0,0.999663,10.682179,0.0,0.0,0.0895,0
-0.312341,-0.110981,-0.938622,0.054277,-0.050946,0.603385,0.036234,-4.971416,1.0,4.0,0.999626,11.387878,0.0,0.0,0.2223,0
3.49425,10.329388,3.456332,0.107958,0.373139,0.661351,0.024005,-34.702631,1.0,0.0,0.993986,11.034809,0.0,0.0,0.497,1
2.938133,8.337185,12.0,0.0,0.202921,0.592091,0.030158,13.160056,1.0,0.0,0.999556,11.279265,0.0,0.0,0.0239,0
2.588584,7.178501,12.0,0.0,0.183388,0.599305,0.03063,9.728845,1.0,0.0,0.999664,11.226649,0.0,0.0,0.0222,0
-0.286785,-0.286785,0.566156,0.140123,0.079332,0.035154,0.051197,-2.333974,1.0,4.0,0.875859,11.169138,0.0,0.0,0.2504,0
0.895588,0.895588,-2.438148,0.054905,-0.133866,0.736586,0.032721,-21.452918,1.0,0.0,0.98833,10.228706,0.0,0.0,0.2753,0
3.852185,7.660663,12.0,0.0,0.156557,0.601248,0.064379,-4.43524,1.0,0.0,0.99945,11.293355,0.0,0.0,0.026,0
2.796305,9.944128,3.727522,0.09288,0.346213,0.606388,0.034133,15.9697,1.0,0.0,0.99837,10.950974,0.0,0.0,0.0225,0
-2.826588,-2.826588,-3.24781,0.044635,-0.144966,0.666323,0.144111,-35.830985,1.0,15.0,0.991139,10.984481,0.0,0.0,0.9823,1
-0.496812,-0.496812,0.302884,0.148694,0.045037,0.306067,0.045388,3.709652,1.0,4.0,0.998951,10.2382,0.0,0.0,0.2049,1
0.374692,6.849108,9.921345,0.024301,0.241101,0.128382,0.092679,22.816043,1.0,0.0,0.9025,10.372043,0.0,0.0,0.2039,0
0.399137,6.634165,4.244419,0.06521,0.276781,0.080389,0.017094,14.143471,1.0,0.0,0.990481,11.581403,0.0,0.0,0.1877,0
2.645153,14.602929,12.0,0.0,0.331594,0.711649,0.03688,1.676662,1.0,0.0,0.998119,10.380835,0.0,0.0,0.0231,0
1.280731,2.989486,2.218913,0.054185,0.120231,0.28312,0.068586,-3.142469,1.0,0.0,0.998242,11.057529,0.0,0.0,0.0629,0
1.136892,4.326261,1.348079,0.23491,0.316677,0.730894,0.040249,-16.849166,1.0,0.0,0.985558,10.652504,0.0,0.0,0.1541,0
3.0828,7.07344,3.167947,0.068322,0.21644,0.040929,0.037653,-0.479047,1.0,0.0,0.991499,10.989258,0.0,0.0,0.0474,0
2.981567,12.485633,12.0,0.0,0.278188,0.752647,0.080025,11.624006,1.0,0.0,0.999167,10.594222,0.0,0.0,0.0263,0
-0.298714,2.662061,1.450367,0.082642,0.119861,0.413567,0.504103,19.394033,0.149299,3.0,0.802506,11.272062,1.0,53.717391,0.0242,0
2.557304,7.696499,12.0,0.0,0.183599,0.061378,0.052148,-7.641489,1.0,0.0,0.963545,10.690521,0.0,0.0,0.051,0
1.645478,19.011116,12.0,0.0,0.412378,0.76179,0.123443,21.114073,1.0,0.0,0.956429,10.302928,0.0,0.0,0.025,0
3.668238,18.702482,12.0,0.0,0.397194,0.074152,0.03387,-12.41229,1.0,0.0,0.978469,10.401256,0.0,0.0,0.0625,0
2.424075,9.142799,2.745532,0.13114,0.360049,0.067145,0.048749,-10.363623,1.0,0.0,0.906907,11.245143,0.0,0.0,0.0618,0
4.141401,8.831917,1.85336,0.199416,0.36959,0.170578,0.07313,-25.004274,1.0,0.0,0.997685,10.051031,0.0,0.0,0.2579,1
4.481557,22.887222,12.0,0.0,0.443307,0.311253,0.050289,-3.644419,1.0,0.0,0.997422,10.273509,0.0,0.0,0.0428,0
2.055324,2.055324,0.201504,0.146636,0.029548,0.157818,0.023929,-27.631608,1.0,0.0,0.972118,11.200263,0.0,0.0,0.398,0
0.789667,6.400959,12.0,0.0,0.168982,0.726173,0.016608,0.713435,1.0,0.0,0.999958,10.563499,0.0,0.0,0.0327,0
2.408183,20.885749,12.0,0.0,0.443402,0.090206,0.053749,9.712228,1.0,0.0,0.905377,11.726921,0.0,0.0,0.0241,0
1.911948,9.389398,12.0,0.0,0.199395,0.446606,0.463879,33.565601,0.34942,0.0,0.859079,10.802301,1.0,55.507692,0.022,0
-1.138755,0.956213,1.14792,0.068897,0.079088,0.533678,0.642504,1.372182,0.037614,11.0,0.968163,10.698472,1.0,55.641791,0.9451,1
-0.977314,2.597931,1.465415,0.184073,0.269743,0.738172,0.06999,-4.503461,1.0,5.0,0.99708,10.262165,0.0,0.0,0.2477,0
1.377404,7.566236,12.0,0.0,0.1691,0.377267,0.457471,33.077578,0.232844,0.0,0.871711,11.257875,1.0,54.02963,0.0267,0
-1.712035,-1.131942,-0.290364,0.056362,-0.016365,0.407513,0.399648,13.359513,0.203029,24.0,0.973478,11.92422,1.0,56.717391,0.4199,1
2.237238,7.437411,12.0,0.0,0.150351,0.729614,0.05287,2.378974,1.0,0.0,0.996779,11.210491,0.0,0.0,0.0261,0
2.276755,8.739919,2.821744,0.134158,0.378561,0.612636,0.071415,-3.535763,1.0,0.0,0.999897,11.242515,0.0,0.0,0.122,0
2.709765,17.91349,4.931495,0.100361,0.49493,0.132298,0.036909,21.923611,1.0,0.0,0.967502,11.255357,0.0,0.0,0.0228,0
2.85854,17.077944,9.292185,0.048819,0.453635,0.626723,0.041928,-20.30916,1.0,0.0,0.997038,11.531249,0.0,0.0,0.7871,1
-0.146355,6.572754,12.0,0.0,0.189014,0.737305,0.037975,8.354716,1.0,2.0,0.993533,11.28823,0.0,0.0,0.0686,0
-0.156809,-0.156809,-0.125922,0.126604,-0.015942,0.296306,0.055118,-6.889052,1.0,1.0,0.99781,10.987536,0.0,0.0,0.45,0
2.852768,6.53533,12.0,0.0,0.132588,0.169843,0.050503,29.200196,1.0,0.0,0.995833,11.128352,0.0,0.0,0.0757,0
1.210524,8.477027,12.0,0.0,0.220959,0.723397,0.024794,6.642045,1.0,0.0,0.998702,10.315739,0.0,0.0,0.0248,0
4.232556,13.689674,12.0,0.0,0.317089,0.633498,0.069114,-14.651657,1.0,0.0,0.997389,10.569552,0.0,0.0,0.0615,0
3.774137,15.898318,5.782986,0.071297,0.412311,0.297708,0.021291,19.343723,1.0,0.0,0.997954,10.935826,0.0,0.0,0.022,1
3.673632,20.400131,12.0,0.029699,0.450664,0.044753,0.057514,-0.015348,1.0,0.0,0.919073,11.019091,0.0,0.0,0.0248,0
2.798059,2.798059,12.0,0.0,-0.046567,0.022876,0.022854,0.563458,1.0,0.0,0.878175,10.72863,0.0,0.0,0.1181,1
0.96368,3.97676,2.265187,0.090479,0.204952,0.302627,0.073533,-10.209277,1.0,0.0,0.999671,10.577762,0.0,0.0,0.4209,0
3.799363,15.497899,12.0,0.021272,0.357674,0.088019,0.083989,7.9806,1.0,0.0,0.961336,10.698474,0.0,0.0,0.0257,0
2.946451,5.546096,2.313956,0.082736,0.191448,0.214763,0.035564,-36.497365,1.0,0.0,0.926275,9.436041,0.0,0.0,0.3487,1
1.799144,11.132689,12.0,0.0,0.284592,0.324762,0.033845,24.795912,1.0,0.0,0.996224,10.9604,0.0,0.0,0.0229,0
5.34346,20.748743,7.405281,0.066503,0.492477,0.638739,0.048801,-23.637316,1.0,0.0,0.998807,10.826012,0.0,0.0,0.1466,0
0.643984,5.656821,3.515418,0.072358,0.254367,0.091097,0.061043,-12.863536,1.0,0.0,0.569399,10.764382,0.0,0.0,0.8785,1
5.094242,16.675226,12.0,0.0,0.347511,0.604099,0.128005,13.105675,1.0,0.0,0.997531,12.038931,0.0,0.0,0.0259,0
1.554406,10.554922,3.05647,0.116862,0.357184,0.362599,0.402492,-9.442312,0.052507,0.0,0.883785,11.16955,1.0,54.96875,0.3144,0
2.375199,7.593896,1.982573,0.182529,0.361876,1.091833,0.027465,24.821996,1.0,0.0,0.998469,10.836028,0.0,0.0,0.0226,0
2.822855,10.931866,12.0,0.0,0.277894,0.605399,0.074715,-12.922112,1.0,0.0,0.9971,10.733833,0.0,0.0,0.1417,0
2.01838,15.442315,3.61977,0.123387,0.446634,0.50903,0.536493,28.679316,-0.062078,0.0,0.996468,10.434231,1.0,57.626866,0.0295,0
2.532835,16.100249,12.0,0.0,0.367457,0.174215,0.023033,29.009174,1.0,0.0,0.929816,11.463581,0.0,0.0,0.0245,0
3.474127,11.416047,12.0,0.0,0.253521,0.336527,0.067276,-6.831217,1.0,0.0,0.996115,11.609898,0.0,0.0,0.0578,0
0.288749,1.09162,0.746335,0.152948,0.11415,0.417361,0.502433,6.39129,-0.189668,0.0,0.922964,11.196653,1.0,52.613793,0.0625,0
1.144659,3.958775,12.0,0.0,0.058696,0.729687,0.052688,2.48553,1.0,0.0,0.999567,11.434488,0.0,0.0,0.0285,0
1.902709,4.032971,1.554942,0.146072,0.227133,1.070742,0.034153,1.998008,1.0,0.0,0.999986,9.709709,0.0,0.0,0.0288,0
3.141,4.860322,12.0,0.0,0.051853,0.674838,0.758518,-25.59522,1.0,0.0,0.980012,10.964253,0.0,0.0,0.7838,1
4.287899,12.838699,12.0,0.0,0.282206,0.586041,0.061047,18.138233,1.0,0.0,0.997668,11.385448,0.0,0.0,0.0256,0
1.944404,7.331889,2.332554,0.142712,0.332884,0.040382,0.044386,-0.602223,1.0,0.0,0.870963,11.410652,0.0,0.0,0.0281,0
1.051463,30.386818,12.0,0.041616,0.597415,0.342609,0.03974,36.552798,1.0,0.0,0.994662,11.414072,0.0,0.0,0.1311,0
1.520217,6.252846,12.0,0.0,0.184631,0.60472,0.033433,7.824753,1.0,0.0,0.999705,12.213018,0.0,0.0,0.0817,0
-0.442328,-0.442328,12.0,0.0,-0.131622,0.682223,0.7005,-6.9931,1.0,2.0,0.906648,10.323337,0.0,0.0,0.9897,1
3.948861,11.939909,10.751601,0.026883,0.289036,0.12387,0.032863,-21.462741,1.0,0.0,0.787568,9.680502,0.0,0.0,0.1344,0
1.643073,8.139857,12.0,0.0,0.217656,0.062492,0.070686,6.375645,1.0,0.0,0.87001,11.188265,0.0,0.0,0.0286,0
0.952051,4.048228,3.611704,0.047074,0.170017,0.619134,0.053999,12.592752,1.0,0.0,0.999597,9.988276,0.0,0.0,0.1115,0
1.146232,1.563109,12.0,0.0,-0.082072,0.713853,0.056585,5.270277,1.0,0.0,0.997963,10.529081,0.0,0.0,0.0975,0
1.865383,6.730248,2.944088,0.088875,0.261656,0.130137,0.106229,19.186706,1.0,0.0,0.681543,11.345838,0.0,0.0,0.0266,0
-1.047711,-0.515112,-0.402753,0.170349,-0.068609,0.443443,0.535022,17.162811,-0.152594,5.0,0.875923,10.688654,1.0,54.446809,0.4403,1
-0.215135,3.945503,1.580542,0.188398,0.297771,0.742452,0.056543,-8.454699,1.0,2.0,0.997398,10.905527,0.0,0.0,0.3695,0
1.314679,30.957933,12.0,0.0,0.551758,0.941731,0.934902,82.465628,1.0,0.0,0.757993,11.178844,0.0,0.0,0.3493,0
4.555884,4.555884,0.825121,0.112238,0.09261,1.147226,0.034809,-27.06714,1.0,0.0,0.996318,9.720407,0.0,0.0,0.2056,0
1.133605,1.685696,12.0,0.0,0.016959,1.094355,0.034377,4.523924,1.0,0.0,0.999916,10.631871,0.0,0.0,0.0516,0
1.251053,7.573169,4.880682,0.055325,0.270025,0.066927,0.065919,7.287302,1.0,0.0,0.922362,11.163024,0.0,0.0,0.0611,0
1.919737,2.689794,12.0,0.0,0.034753,0.071529,0.027366,-11.601657,1.0,0.0,0.972125,10.343667,0.0,0.0,0.1227,1
1.445814,11.572926,12.0,0.0,0.282181,0.748974,0.062638,17.815427,1.0,0.0,0.988651,10.230726,0.0,0.0,0.0237,0
3.457184,6.574796,2.159597,0.121341,0.262048,0.604782,0.038549,-16.654385,1.0,0.0,0.998707,11.011465,0.0,0.0,0.0861,0
3.718224,13.272965,12.0,0.0,0.291264,0.078029,0.016462,13.21391,1.0,0.0,0.991615,11.530137,0.0,0.0,0.0224,0
3.675348,13.327467,12.0,0.0,0.301214,0.182199,0.06544,-30.700681,1.0,0.0,0.639495,10.984231,0.0,0.0,0.3005,0
2.55628,11.12527,3.105383,0.128734,0.399768,0.034473,0.031117,2.717665,1.0,0.0,0.889904,11.244,0.0,0.0,0.0227,0
1.695422,1.695422,12.0,0.0,-0.064595,1.090692,0.060439,-11.03356,1.0,0.0,0.999663,10.812404,0.0,0.0,0.1059,1
0.666946,0.666946,0.937718,0.189656,0.177844,0.151624,0.067483,-23.457121,1.0,0.0,0.934913,10.467528,0.0,0.0,0.881,0
3.42411,12.331133,12.0,0.0,0.276216,1.117354,0.022366,-8.91125,1.0,0.0,0.999683,8.436066,0.0,0.0,0.0522,0
4.418382,7.348443,1.545756,0.197253,0.304906,1.095555,0.038326,14.216385,1.0,0.0,0.999547,10.091798,0.0,0.0,0.0253,0
0.445797,0.776985,0.127278,0.062841,0.007998,0.626244,0.041044,-15.261781,1.0,0.0,0.999098,9.75626,0.0,0.0,0.1261,1
-1.549222,-1.478573,-0.196861,0.130423,-0.025675,0.626073,0.021707,-17.10802,1.0,7.0,0.998826,10.926016,0.0,0.0,0.3384,1
-0.340947,2.262436,1.280067,0.099814,0.127768,0.478157,0.589236,12.536028,0.094276,2.0,0.80726,10.813013,1.0,56.919118,0.0243,0
2.678992,6.560912,3.339011,0.062901,0.210026,0.067314,0.036596,-10.446994,1.0,0.0,0.891418,11.150668,0.0,0.0,0.0739,0
0.910165,0.910165,12.0,0.0,0.001214,0.090747,0.052745,-13.858581,1.0,0.0,0.86803,10.293289,0.0,0.0,0.7561,1
3.351636,25.070934,12.0,0.041226,0.526005,0.301149,0.052458,-8.389508,1.0,0.0,0.997234,10.491332,0.0,0.0,0.0472,0
1.180987,12.718558,12.0,0.0,0.335401,0.065873,0.043718,-8.49758,1.0,0.0,0.506062,10.378453,0.0,0.0,0.5573,0
2.044007,3.072409,1.360538,0.11302,0.153768,0.299627,0.074211,1.427195,1.0,0.0,0.997343,11.352831,0.0,0.0,0.0431,0
3.27656,29.751016,12.0,0.0,0.531517,0.22226,0.080401,34.200492,1.0,0.0,0.505979,11.871848,0.0,0.0,0.0256,0
0.852067,5.51762,5.228111,0.039983,0.209036,0.098267,0.089484,8.746617,1.0,0.0,0.848612,11.142972,0.0,0.0,0.1177,0
3.331619,10.383385,3.254173,0.101531,0.330398,0.200872,0.02727,35.078912,1.0,0.0,0.753183,10.256944,0.0,0.0,0.0217,0
4.474886,7.734855,1.777321,0.163548,0.290678,0.10281,0.022519,-18.394394,1.0,0.0,0.796114,11.053042,0.0,0.0,0.0928,0
5.050519,14.920555,12.0,0.0,0.315285,0.615207,0.068672,19.370762,1.0,0.0,0.998494,9.682077,0.0,0.0,0.0261,0
0.918722,15.432948,9.457379,0.045891,0.434004,0.052352,0.03389,-8.538553,1.0,0.0,0.869929,11.769565,0.0,0.0,0.6858,1
3.685749,24.100454,12.0,0.0,0.45884,0.720417,0.107483,-6.995426,1.0,0.0,0.990208,9.986627,0.0,0.0,0.0876,0
0.966272,3.234964,2.455459,0.062419,0.153266,0.050436,0.050367,1.762065,1.0,0.0,0.957075,11.405941,0.0,0.0,0.0906,0
1.037218,4.774779,2.133171,0.078977,0.168471,0.47783,0.418125,17.028463,0.055085,0.0,0.990237,10.614804,1.0,56.654412,0.0229,0
5.016979,22.607439,12.0,0.0,0.4217,0.733412,0.035886,-15.367725,1.0,0.0,0.997057,10.198939,0.0,0.0,0.1271,0
-1.861241,-1.861241,-0.751419,0.229508,-0.172457,1.153909,0.035669,-30.122424,1.0,4.0,0.996292,11.064153,0.0,0.0,0.2546,0
1.168834,1.168834,-0.5412,0.09324,-0.050461,0.674201,0.77306,-30.309675,1.0,0.0,0.987274,11.155535,0.0,0.0,0.9718,1
2.689862,4.804884,1.817476,0.105417,0.191593,0.061068,0.025342,-9.457109,1.0,0.0,0.967158,10.454774,0.0,0.0,0.0533,0
4.134538,4.324446,0.759834,0.06591,0.05008,1.077753,0.060158,8.003413,1.0,0.0,0.99967,9.627953,0.0,0.0,0.0254,0
2.481492,11.762566,2.866918,0.154595,0.443212,0.066795,0.020414,-10.857531,1.0,0.0,0.986236,11.105751,0.0,0.0,0.0626,0
1.035787,2.076327,1.5723,0.08111,0.127529,0.615148,0.029714,-8.202042,1.0,0.0,0.999727,10.117611,0.0,0.0,0.285,0
3.50058,3.782915,1.393173,0.039887,0.055569,0.082798,0.034612,-12.56519,1.0,0.0,0.91632,10.985149,0.0,0.0,0.1094,1
0.300565,0.830871,0.770214,0.0989,0.076174,0.597372,0.028523,0.689601,1.0,0.0,0.999957,9.3257,0.0,0.0,0.0603,0
2.562432,9.099221,12.0,0.0,0.195765,0.732194,0.102633,-4.150267,1.0,0.0,0.996597,10.916122,0.0,0.0,0.0444,0
2.028695,3.858164,3.77109,0.034614,0.130534,0.614578,0.033892,-15.618209,1.0,0.0,0.999044,11.194921,0.0,0.0,0.3058,0
2.186373,2.657933,0.746252,0.089784,0.067001,0.744777,0.060278,-21.675572,1.0,0.0,0.976522,10.039651,0.0,0.0,0.242,0
0.622458,1.680214,1.292818,0.142749,0.184549,0.055183,0.066862,6.525446,1.0,0.0,0.961941,10.732198,0.0,0.0,0.1691,0
4.630032,14.744215,12.0,0.0,0.307546,0.095625,0.067524,-14.425418,1.0,0.0,0.95011,10.340438,0.0,0.0,0.1108,0
2.888934,11.781717,12.0,0.0,0.292955,0.688002,0.889889,-6.397011,1.0,0.0,0.768535,10.892023,0.0,0.0,0.2697,0
1.443207,1.443207,0.204184,0.207834,0.042436,1.050908,0.041654,-3.747868,1.0,0.0,0.999883,10.628608,0.0,0.0,0.0356,0
-0.147442,-0.147442,-0.675013,0.126666,-0.085501,0.365942,0.026795,-26.039379,1.0,1.0,0.990139,10.490145,0.0,0.0,0.7475,1
-0.859303,9.664762,2.956913,0.145434,0.430035,0.751663,0.046224,18.605886,1.0,5.0,0.984968,10.002174,0.0,0.0,0.2198,0
0.786547,9.803491,3.419814,0.107695,0.368296,0.720263,0.047546,0.080593,1.0,0.0,0.99544,10.715785,0.0,0.0,0.0528,0
2.259421,8.141471,12.0,0.0,0.19674,0.91205,0.760663,-29.545254,1.0,0.0,0.975288,11.606729,0.0,0.0,0.3769,0
3.479476,4.479758,12.0,0.0,0.036723,1.091758,0.050216,11.445586,1.0,0.0,0.999691,10.642376,0.0,0.0,0.0241,0
1.575912,1.779977,0.616111,0.177907,0.109611,0.641145,0.046072,-25.977871,1.0,0.0,0.995566,10.953163,0.0,0.0,0.135,0
-2.381147,-2.381147,-0.183968,0.144221,-0.026532,0.493326,0.65437,5.509538,-0.063529,24.0,0.929098,10.903682,1.0,55.5,0.8866,1
0.999216,5.549909,2.832067,0.088986,0.252014,0.583522,0.082523,18.407124,1.0,0.0,0.998488,10.945207,0.0,0.0,0.0812,0
2.034463,5.925229,2.29241,0.097184,0.222785,0.722005,0.062532,-16.196364,1.0,0.0,0.997502,10.601842,0.0,0.0,0.2023,1
1.255641,3.433744,1.161203,0.225759,0.262152,0.711574,0.052452,-15.406248,1.0,0.0,0.987834,11.424357,0.0,0.0,0.1147,0
3.410928,21.745944,12.0,0.0,0.440475,0.113123,0.055112,17.144112,1.0,0.0,0.988387,10.859924,0.0,0.0,0.0249,0
3.205255,19.190396,12.0,0.0,0.407937,0.144329,0.048612,23.368487,1.0,0.0,0.822625,11.779513,0.0,0.0,0.0248,0
-1.390752,-0.173694,0.744246,0.08944,0.066565,0.725255,0.03689,5.003863,1.0,15.0,0.997483,9.884928,0.0,0.0,0.1801,1
4.681744,12.84913,12.0,0.0,0.266193,0.127337,0.064552,-20.780823,1.0,0.0,0.901606,11.010681,0.0,0.0,0.165,1
2.22685,2.28283,0.495571,0.107787,0.053416,0.10912,0.064909,14.975225,1.0,0.0,0.87796,11.346477,0.0,0.0,0.3537,0
2.181396,14.213329,12.0,0.0,0.344422,0.053624,0.046402,-6.859415,1.0,0.0,0.964835,10.564358,0.0,0.0,0.0498,0
3.121207,4.765744,12.0,0.0,0.055971,0.59898,0.068979,7.634536,1.0,0.0,0.999782,10.695752,0.0,0.0,0.0566,0
0.675372,1.43499,1.910994,0.03975,0.075963,0.127021,0.057756,-22.688024,1.0,0.0,0.918379,10.827383,0.0,0.0,0.9524,1
-0.924465,-0.924465,-1.25766,0.099159,-0.124708,0.733147,0.073188,-18.871739,1.0,3.0,0.983764,9.514728,0.0,0.0,0.5372,1
0.735144,12.561518,11.32164,0.032961,0.373169,0.335028,0.082792,-18.077971,1.0,0.0,0.994846,10.420017,0.0,0.0,0.9692,1
2.953163,11.276576,4.052568,0.092637,0.37542,0.607305,0.05139,14.617377,1.0,0.0,0.997962,10.381519,0.0,0.0,0.0249,0
3.3215,16.266883,9.439962,0.042357,0.399849,0.311816,0.055417,10.810831,1.0,0.0,0.996124,11.658653,0.0,0.0,0.0236,0
0.977655,8.929708,4.389826,0.068781,0.301935,0.782997,0.942076,20.121389,1.0,0.0,0.940904,10.870073,0.0,0.0,0.2455,0
3.447805,6.938526,3.22114,0.0603,0.194234,0.75651,0.66354,37.534894,1.0,0.0,0.778412,10.291181,0.0,0.0,0.2668,0
3.443658,9.532386,12.0,0.0,0.224267,0.593034,0.018524,17.345598,1.0,0.0,0.998546,11.596715,0.0,0.0,0.0221,0
2.954891,16.213794,12.0,0.0,0.392076,0.646564,0.034414,-26.474707,1.0,0.0,0.995774,10.884511,0.0,0.0,0.9424,1
3.886502,5.506047,1.890223,0.069858,0.132047,0.287299,0.088344,5.117307,1.0,0.0,0.989957,11.269452,0.0,0.0,0.0384,0
3.591812,6.389599,3.37887,0.046194,0.156082,0.317996,0.034454,-18.438463,1.0,0.0,0.996453,10.169303,0.0,0.0,0.1238,0
0.927118,3.313847,1.807637,0.075257,0.136037,0.714512,0.992176,-13.277939,1.0,0.0,0.845299,10.602108,0.0,0.0,0.6673,1
-0.036428,-0.036428,12.0,0.0,-0.135387,1.097884,0.024241,27.001631,1.0,2.0,0.997819,11.392597,0.0,0.0,0.0807,0
2.195723,6.204507,12.0,0.0,0.111326,0.71986,0.108759,4.600045,1.0,0.0,0.995368,11.15632,0.0,0.0,0.026,0
2.116711,21.022414,12.0,0.0,0.448726,0.095858,0.087333,13.075773,1.0,0.0,0.776255,10.779073,0.0,0.0,0.0265,0
2.843306,8.700124,4.417632,0.059782,0.264096,0.035662,0.03347,-4.394861,1.0,0.0,0.951614,10.355208,0.0,0.0,0.0316,0
-1.185106,-1.185106,-0.091634,0.167233,-0.015324,0.723844,0.048079,4.489623,1.0,11.0,0.999161,10.630985,0.0,0.0,0.1551,0
-4.696025,-4.696025,-1.231114,0.218772,-0.269334,1.117777,0.033337,-9.502844,1.0,14.0,0.999437,10.922217,0.0,0.0,0.2896,0
2.399545,17.185756,12.0,0.0,0.378095,0.723169,0.024892,0.163176,1.0,0.0,0.999658,10.656134,0.0,0.0,0.0227,0
-0.760853,6.071281,12.0,0.0,0.169239,0.460883,0.516973,24.010175,-0.033692,2.0,0.997172,11.337468,1.0,57.708661,0.0436,0
1.121696,6.372117,3.052437,0.082096,0.250593,0.841785,0.904528,7.642939,1.0,0.0,0.826336,10.060082,0.0,0.0,0.3986,0
3.179423,15.436818,12.0,0.0,0.346078,0.306659,0.052352,-2.804237,1.0,0.0,0.999283,11.093936,0.0,0.0,0.0243,0
3.111533,9.087537,3.914554,0.070215,0.274862,0.041606,0.059475,-1.500779,1.0,0.0,0.720177,11.542966,0.0,0.0,0.0237,0
2.635158,5.195351,12.0,0.0,0.102923,0.082353,0.068762,-9.276746,1.0,0.0,0.96635,12.47144,0.0,0.0,0.0662,0
-2.515124,-2.515124,-0.679896,0.087317,-0.059366,1.15604,0.051408,-28.019221,1.0,12.0,0.996711,9.711011,0.0,0.0,0.9985,1
0.001387,0.052009,0.639688,0.07869,0.050337,0.06954,0.047538,7.220495,1.0,0.0,0.686481,11.991443,0.0,0.0,0.5222,0
3.318344,7.309292,2.065163,0.140468,0.29009,0.042611,0.018514,-5.841886,1.0,0.0,0.997884,10.743972,0.0,0.0,0.0416,0
4.031016,11.126095,3.247658,0.109158,0.354507,0.605378,0.047984,18.916658,1.0,0.0,0.997893,11.09631,0.0,0.0,0.0256,0
2.068724,10.471549,12.0,0.0,0.268368,0.032772,0.043731,0.456397,1.0,0.0,0.913398,11.108068,0.0,0.0,0.0258,0
1.244129,17.063157,6.845653,0.069413,0.475177,0.287856,0.103821,10.608869,1.0,0.0,0.999749,11.292186,0.0,0.0,0.1086,0
1.339727,1.339727,0.695799,0.097067,0.067539,0.129733,0.106258,-16.203326,1.0,0.0,0.629697,11.405337,0.0,0.0,0.1256,0
1.559479,2.37666,0.695906,0.183073,0.127401,0.495248,0.56711,-4.866814,-0.02104,0.0,0.997692,11.165963,1.0,54.732283,0.176,0
-1.530425,-1.530425,-0.150889,0.07508,-0.011329,1.075467,0.027981,2.614776,1.0,11.0,0.999957,10.256997,0.0,0.0,0.1726,0
-0.855753,2.349926,1.424151,0.156438,0.222792,0.418201,0.442476,6.460184,-0.174859,6.0,0.72956,10.306647,1.0,52.474074,0.8222,1
1.026035,4.679187,1.705292,0.183739,0.313329,1.075532,0.045957,15.391051,1.0,0.0,0.999282,10.557794,0.0,0.0,0.0662,0
0.387331,3.04349,1.401232,0.080876,0.113326,0.419111,0.40014,49.246191,0.617622,0.0,0.883486,10.461983,1.0,55.30597,0.0511,0
3.390172,6.226335,1.763076,0.141151,0.24886,0.079247,0.032329,11.98423,1.0,0.0,0.902234,11.569914,0.0,0.0,0.0271,0
2.519793,4.034679,1.105241,0.15054,0.166383,0.720279,0.022232,1.250852,1.0,0.0,0.99945,10.544385,0.0,0.0,0.0217,0
1.469727,4.559518,1.944785,0.129855,0.25254,0.597716,0.066305,10.837141,1.0,0.0,0.99963,9.795131,0.0,0.0,0.0499,0
3.012865,12.795477,12.0,0.0,0.311792,0.596927,0.041126,16.494711,1.0,0.0,0.998736,11.929454,0.0,0.0,0.0223,0
2.475762,10.571653,2.475361,0.174568,0.432119,1.144546,0.056243,-15.36684,1.0,0.0,0.998933,10.441322,0.0,0.0,0.091,0
1.503024,2.506893,1.38472,0.122329,0.169391,0.094898,0.113939,-7.6897,1.0,0.0,0.541369,10.059056,0.0,0.0,0.0924,1
2.166087,7.964553,12.0,0.0,0.221827,0.620665,0.053004,-18.514497,1.0,0.0,0.997846,11.304551,0.0,0.0,0.596,1
0.286947,15.159036,5.789101,0.078398,0.453856,0.58708,0.555304,18.171064,1.0,0.0,0.932851,10.408711,0.0,0.0,0.564,0
4.041917,12.849305,12.0,0.0,0.292833,0.596772,0.047718,7.074407,1.0,0.0,0.999939,11.235488,0.0,0.0,0.0253,0
4.355305,22.423875,8.594869,0.058175,0.500009,0.864698,0.874962,-20.640932,1.0,0.0,0.962133,11.379767,0.0,0.0,0.2492,0
2.899856,8.827344,4.425322,0.065093,0.288057,0.609207,0.064001,7.622967,1.0,0.0,0.999308,10.913158,0.0,0.0,0.0255,0
1.549146,19.491841,12.0,0.0,0.436494,0.085856,0.054412,12.116064,1.0,0.0,0.984171,10.502818,0.0,0.0,0.0673,0
3.93598,5.476471,12.0,0.0,0.057629,0.471836,0.622338,-10.578474,1.0,0.0,0.897315,10.057371,0.0,0.0,0.4801,0
2.389774,4.997678,12.0,0.0,0.107054,0.153089,0.061348,-26.880455,1.0,0.0,0.693921,10.378246,0.0,0.0,0.1782,0
3.308567,8.343643,1.947336,0.182486,0.355361,1.085531,0.013889,21.68464,1.0,0.0,0.998671,10.106134,0.0,0.0,0.0217,0
1.457025,15.671796,12.0,0.0,0.382373,0.074298,0.064356,-1.595903,1.0,0.0,0.962012,10.670758,0.0,0.0,0.1016,0
5.893229,21.808074,12.0,0.0,0.406204,1.11204,0.033671,-6.348481,1.0,0.0,0.99989,9.823878,0.0,0.0,0.0367,0
-0.157514,1.335933,12.0,0.0,-0.022581,0.534833,0.568621,21.250002,0.144586,1.0,0.939626,11.152988,1.0,54.789916,0.059,1
3.497909,7.990306,12.0,0.0,0.173252,0.217773,0.038102,-35.579397,1.0,0.0,0.907306,10.148901,0.0,0.0,0.2925,0
2.836547,11.937884,12.0,0.0,0.270618,0.687782,0.673908,17.827736,1.0,0.0,0.99573,11.115776,0.0,0.0,0.1644,0
1.857057,4.340458,1.265877,0.220374,0.278967,0.719765,0.0392,-10.197429,1.0,0.0,0.99171,10.240411,0.0,0.0,0.0685,0
-0.236807,3.245931,1.742759,0.130673,0.227732,0.6712,0.772116,60.899043,1.0,2.0,0.945976,11.115679,0.0,0.0,0.5647,1
0.906772,10.781608,12.0,0.0,0.298603,0.077436,0.031501,12.563476,1.0,0.0,0.98226,10.84306,0.0,0.0,0.1091,0
2.023148,10.353002,12.0,0.0,0.25994,1.076623,0.082006,10.041187,1.0,0.0,0.999519,10.552073,0.0,0.0,0.0301,0
3.028304,8.161589,4.187125,0.057169,0.239375,0.302509,0.074999,-2.413586,1.0,0.0,0.998873,11.306357,0.0,0.0,0.0409,0
2.637076,2.883458,0.609479,0.14593,0.088941,0.61712,0.026456,-13.757933,1.0,0.0,0.999052,11.504011,0.0,0.0,0.0808,0
3.210142,23.534089,12.0,0.0,0.468152,0.093295,0.078881,12.636474,1.0,0.0,0.851924,11.234491,0.0,0.0,0.0251,0
-1.128543,-0.927897,-2.587304,0.036049,-0.09327,0.728748,0.089374,7.901321,1.0,12.0,0.991311,11.056828,0.0,0.0,0.4117,1
0.511524,15.444267,12.0,0.0,0.377523,0.726241,0.037846,-13.521711,1.0,0.0,0.995433,10.843252,0.0,0.0,0.8037,0
3.615345,9.597017,5.070261,0.050889,0.258018,0.028066,0.016977,-2.596431,1.0,0.0,0.859714,11.156223,0.0,0.0,0.0329,0
0.736263,3.375881,12.0,0.0,0.096137,0.620161,0.416772,-16.516782,1.0,0.0,0.984782,9.81328,0.0,0.0,0.9399,1
0.505264,23.07649,12.0,0.030331,0.512699,0.759289,0.020001,23.325247,1.0,0.0,0.983802,10.451033,0.0,0.0,0.0886,0
2.032455,3.127854,12.0,0.0,0.046165,0.600348,0.041894,-13.870267,1.0,0.0,0.998487,10.513951,0.0,0.0,0.068,0
1.094259,7.163964,3.343976,0.089959,0.300821,0.108465,0.075067,-15.704121,1.0,0.0,0.998148,11.653178,0.0,0.0,0.6436,1
5.446715,10.804156,2.192546,0.178793,0.392012,0.602909,0.021775,-6.952033,1.0,0.0,0.999762,10.786645,0.0,0.0,0.0339,0
0.432931,7.993129,12.0,0.0,0.232183,0.58604,0.597833,50.921053,1.0,0.0,0.888859,11.660445,0.0,0.0,0.4453,0
2.214487,10.027524,6.175165,0.054711,0.337849,0.663603,0.058562,-33.526593,1.0,0.0,0.995065,10.580317,0.0,0.0,0.9965,1
2.368395,4.431659,12.0,0.0,0.080506,0.307629,0.042155,-3.283399,1.0,0.0,0.997624,10.633409,0.0,0.0,0.0578,0
4.481926,9.09041,2.05985,0.156249,0.32185,0.346409,0.08056,-10.551273,1.0,0.0,0.999887,10.215172,0.0,0.0,0.0908,0
2.331084,15.087882,12.0,0.02998,0.380979,1.083218,0.01561,35.900964,1.0,0.0,0.996416,10.759187,0.0,0.0,0.0216,0
3.461968,3.550815,12.0,0.0,0.006887,0.065436,0.069537,-6.581646,1.0,0.0,0.842754,11.134853,0.0,0.0,0.1255,0
3.327951,11.736599,12.0,0.02371,0.289248,0.109326,0.024179,17.902667,1.0,0.0,0.860901,11.526904,0.0,0.0,0.0216,0
2.808591,10.262108,12.0,0.0,0.243734,0.710749,0.727673,-27.603016,1.0,0.0,0.76357,11.294881,0.0,0.0,0.3608,1
3.380627,25.637594,9.988935,0.054534,0.544737,0.099215,0.054043,12.92991,1.0,0.0,0.923108,11.670957,0.0,0.0,0.0249,0
1.125947,5.45858,12.0,0.0,0.155027,1.10572,0.065176,-5.197725,1.0,0.0,0.999914,10.697586,0.0,0.0,0.1454,0
2.56723,7.320441,12.0,0.0,0.139267,0.739612,0.087701,5.385803,1.0,0.0,0.997975,10.59681,0.0,0.0,0.027,0
1.553585,9.646868,12.0,0.0,0.273481,0.607682,0.08836,25.430718,1.0,0.0,0.996306,11.099777,0.0,0.0,0.1205,0
3.13835,3.869756,0.922136,0.153497,0.141545,0.626003,0.058572,8.358007,1.0,0.0,0.9995,10.92496,0.0,0.0,0.0313,0
3.785108,10.165416,2.773581,0.121988,0.338345,0.122657,0.066932,18.286812,1.0,0.0,0.784813,11.316893,0.0,0.0,0.0246,0
0.532047,6.121022,6.451904,0.027295,0.176105,0.376004,0.424705,16.302837,0.297487,0.0,0.833875,10.971181,1.0,53.093525,0.0231,0
3.674208,13.564051,12.0,0.0,0.296498,0.308385,0.06145,26.871335,1.0,0.0,0.997206,11.455722,0.0,0.0,0.0259,0
4.45545,13.308584,2.844123,0.161371,0.458959,0.617793,0.060385,-11.682919,1.0,0.0,0.998106,10.58266,0.0,0.0,0.0589,0
0.772674,2.461064,1.95438,0.070232,0.137259,0.326369,0.079528,-8.899597,1.0,0.0,0.998982,10.690384,0.0,0.0,0.5685,0
2.103091,7.772206,2.524766,0.105598,0.26661,0.72557,0.029132,-10.100364,1.0,0.0,0.996002,10.120957,0.0,0.0,0.0687,1
3.202179,9.476666,12.0,0.0,0.213921,0.068696,0.068324,-1.853447,1.0,0.0,0.96581,11.026452,0.0,0.0,0.0376,0
2.434472,14.075436,12.0,0.0,0.348537,0.612304,0.051492,0.253126,1.0,0.0,0.999998,10.272782,0.0,0.0,0.0497,0
1.45136,1.563507,12.0,0.0,-0.105744,0.617214,0.071793,-11.974804,1.0,0.0,0.999308,10.821977,0.0,0.0,0.2567,0
0.810479,14.372413,12.0,0.0,0.36981,0.026961,0.03016,0.797508,1.0,0.0,0.713272,10.812368,0.0,0.0,0.1785,0
1.229816,2.982184,12.0,0.0,0.082098,0.5902,0.053174,-5.797418,1.0,0.0,0.999746,11.028179,0.0,0.0,0.1965,0
3.742438,20.643612,5.393235,0.095767,0.516494,0.121082,0.076368,17.604452,1.0,0.0,0.954173,10.824614,0.0,0.0,0.027,0
1.718461,10.383916,12.0,0.0,0.271307,0.069729,0.02189,11.857456,1.0,0.0,0.761252,10.079058,0.0,0.0,0.0239,0
0.580113,6.69144,3.170334,0.088734,0.281316,0.746142,1.026936,30.123947,1.0,0.0,0.997854,11.45846,0.0,0.0,0.928,1
1.23747,7.451534,12.0,0.0,0.22303,0.592635,0.036362,23.659953,1.0,0.0,0.997756,11.552256,0.0,0.0,0.1151,0
1.997782,1.997782,0.200671,0.041517,0.008331,0.073333,0.062487,-10.883095,1.0,0.0,0.899103,10.955989,0.0,0.0,0.2201,1
1.567026,9.616018,12.0,0.0,0.230699,0.743538,0.054758,2.104652,1.0,0.0,0.994264,11.461713,0.0,0.0,0.027,0
3.196501,17.672211,12.0,0.0,0.382667,0.167009,0.024878,27.46979,1.0,0.0,0.849367,10.687843,0.0,0.0,0.0227,0
0.082116,3.66475,3.011113,0.035326,0.106371,0.439347,0.555792,27.369057,0.08702,0.0,0.699375,10.515779,1.0,54.078014,0.0271,0
4.069787,14.279312,12.0,0.0,0.307147,0.030406,0.031247,3.480418,1.0,0.0,0.88781,11.338159,0.0,0.0,0.0223,0
1.634283,7.648378,12.0,0.0,0.204678,0.287094,0.070672,-3.550306,1.0,0.0,0.990504,10.87295,0.0,0.0,0.039,0
4.342778,13.142907,2.975922,0.153035,0.455419,0.632365,0.072155,-4.234052,1.0,0.0,0.999685,10.408739,0.0,0.0,0.0399,0
2.503034,6.097352,12.0,0.0,0.132484,0.588555,0.635077,44.422183,1.0,0.0,0.945627,11.872376,0.0,0.0,0.2107,0
0.465956,1.955504,12.0,0.0,0.061277,0.302237,0.062654,-12.358212,1.0,0.0,0.998142,10.155747,0.0,0.0,0.8786,1
3.951624,14.634923,5.593122,0.065209,0.364724,0.748871,0.052343,-14.313155,1.0,0.0,0.991236,11.616249,0.0,0.0,0.1292,0
1.471195,25.633113,12.0,0.0,0.511381,0.117125,0.046148,16.600737,1.0,0.0,0.83421,10.911073,0.0,0.0,0.1142,0
1.819479,18.309562,5.32531,0.095736,0.509823,0.097696,0.075214,11.918167,1.0,0.0,0.722693,10.596667,0.0,0.0,0.0316,0
0.628589,0.912869,0.417424,0.140998,0.058856,0.609375,0.051016,-4.905992,1.0,0.0,0.999937,10.7293,0.0,0.0,0.0848,0
-0.808331,-0.808331,0.113119,0.123446,0.013964,1.061179,0.069309,1.615837,1.0,3.0,0.999967,11.032415,0.0,0.0,0.0423,0
0.634246,0.634246,12.0,0.0,-0.015517,0.309533,0.022052,-4.890874,1.0,0.0,0.998457,10.698625,0.0,0.0,0.4477,0
0.739595,3.505711,1.899532,0.120661,0.229199,0.082263,0.055542,-11.551678,1.0,0.0,0.930749,11.579607,0.0,0.0,0.8195,1
-1.807833,-1.807833,0.009927,0.194162,0.001928,0.141874,0.02013,-23.646038,1.0,8.0,0.831217,10.705428,0.0,0.0,0.4329,1
0.243475,0.243475,-0.342449,0.081898,-0.028046,0.387131,0.47241,19.299636,-0.233397,0.0,0.665532,10.268993,1.0,55.626984,0.1146,0
-1.640419,-1.640419,-0.34634,0.118497,-0.04104,0.462431,0.47515,-13.985143,0.003273,16.0,0.941098,10.912383,1.0,56.682927,0.4526,0
3.278886,13.719088,12.0,0.0,0.31008,0.309722,0.032213,5.826652,1.0,0.0,0.999227,10.939659,0.0,0.0,0.0219,0
4.791961,16.564998,12.0,0.0,0.353396,0.607599,0.076526,-3.095243,1.0,0.0,0.999974,10.205054,0.0,0.0,0.0421,0
1.347044,4.802487,2.336832,0.100384,0.234581,0.59065,0.064163,9.449351,1.0,0.0,0.999564,11.721184,0.0,0.0,0.055,0
2.021416,13.142561,12.0,0.0,0.342868,0.605446,0.02396,2.803093,1.0,0.0,0.999851,10.7489,0.0,0.0,0.1118,0
0.596982,6.942027,4.549959,0.053832,0.244933,0.747701,0.081482,9.570544,1.0,0.0,0.998384,11.237592,0.0,0.0,0.0507,0
-0.801913,-0.801913,12.0,0.0,-0.133746,0.391366,0.018876,-32.797445,1.0,4.0,0.987119,10.410199,0.0,0.0,0.6143,0
0.716803,10.037576,3.280126,0.115926,0.380253,0.739628,0.086976,13.972624,1.0,0.0,0.981271,10.096414,0.0,0.0,0.0384,0
3.808594,6.94214,12.0,0.0,0.117842,0.297079,0.052071,-5.101349,1.0,0.0,0.999499,11.365885,0.0,0.0,0.0545,0
1.240658,21.679837,5.629782,0.100992,0.568562,0.168861,0.043462,28.798193,1.0,0.0,0.861911,11.422969,0.0,0.0,0.0929,0
4.03059,15.819109,4.238868,0.105118,0.445582,0.063198,0.036337,-8.677139,1.0,0.0,0.687134,11.186659,0.0,0.0,0.0577,0
1.268872,5.607436,2.57804,0.104465,0.269316,0.598441,0.035933,21.632699,1.0,0.0,0.998455,11.456875,0.0,0.0,0.0671,0
3.639719,4.084341,1.092748,0.127291,0.139097,0.270622,0.07793,4.35001,1.0,0.0,0.994311,10.658891,0.0,0.0,0.0553,0
2.688233,6.639005,1.676063,0.156677,0.2626,0.71088,0.062547,-2.574477,1.0,0.0,0.99471,9.394174,0.0,0.0,0.0388,0
1.667996,12.083078,12.0,0.0,0.330852,0.60123,0.023051,-3.832097,1.0,0.0,0.999963,10.822287,0.0,0.0,0.4262,0
1.202482,7.6376,12.0,0.0,0.216759,1.127609,0.097434,-7.453458,1.0,0.0,0.999699,10.141753,0.0,0.0,0.3602,1
-0.683802,-0.683802,0.264711,0.198545,0.052557,0.736914,0.087402,-2.559356,1.0,6.0,0.989379,10.782043,0.0,0.0,0.0762,0
0.624857,0.624857,0.524724,0.095999,0.050373,0.331689,0.060207,-19.993155,1.0,0.0,0.998482,11.046543,0.0,0.0,0.3496,1
1.37846,5.329771,12.0,0.0,0.147173,0.041997,0.029475,-5.180449,1.0,0.0,0.874173,10.916528,0.0,0.0,0.0778,1
2.273354,12.136111,12.0,0.0,0.297825,0.130422,0.079257,17.082706,1.0,0.0,0.901494,11.000004,0.0,0.0,0.0273,0
2.468852,4.033202,0.982596,0.137113,0.134727,0.703006,0.064154,4.402047,1.0,0.0,0.994208,10.790131,0.0,0.0,0.0252,0
0.376234,0.376234,0.082147,0.244272,0.020066,1.130505,0.04042,-13.409835,1.0,0.0,0.999435,10.198143,0.0,0.0,0.079,0
2.351198,7.482404,12.0,0.0,0.198524,0.582914,0.072662,5.158929,1.0,0.0,0.999725,10.005047,0.0,0.0,0.0327,0
2.922487,18.782983,12.0,0.0,0.396531,0.688794,0.60491,-29.938658,1.0,0.0,0.889793,11.077298,0.0,0.0,0.5041,0
2.191906,10.964771,12.0,0.0,0.273074,0.08262,0.032472,14.243751,1.0,0.0,0.965738,11.414749,0.0,0.0,0.0222,0
1.136178,5.648916,7.444039,0.024948,0.185717,0.291608,0.05263,13.171179,1.0,0.0,0.998128,11.424038,0.0,0.0,0.0611,0
0.660985,8.906089,4.380368,0.072849,0.319107,0.616537,0.800534,34.450801,1.0,0.0,0.766749,11.494087,0.0,0.0,0.3037,1
-2.106562,-1.867704,0.060268,0.127795,0.007702,0.614454,0.046781,2.998222,1.0,18.0,0.999964,9.744611,0.0,0.0,0.4558,0
1.865274,3.910579,12.0,0.0,0.09191,0.606646,0.039091,-6.216611,1.0,0.0,0.999428,10.722924,0.0,0.0,0.0563,0
0.250648,10.938517,12.0,0.0,0.309321,0.631099,0.778807,-25.075302,1.0,0.0,0.638541,10.511145,0.0,0.0,0.9963,1
1.696406,1.696406,0.582424,0.143573,0.08362,0.060997,0.026919,8.931122,1.0,0.0,0.874178,11.637675,0.0,0.0,0.1568,0
-0.005425,-0.005425,0.064611,0.200683,0.012966,0.746228,0.048863,-16.643903,1.0,1.0,0.985721,10.423768,0.0,0.0,0.2371,0
2.414902,18.159888,4.789058,0.107189,0.513333,0.618756,0.763967,-1.847905,1.0,0.0,0.750361,11.784062,0.0,0.0,0.2216,0
1.879588,4.462905,12.0,0.0,0.126362,0.602508,0.096509,-22.254071,1.0,0.0,0.996022,10.448536,0.0,0.0,0.5122,0
1.290985,12.513345,12.0,0.0,0.324415,0.336936,0.054476,18.015911,1.0,0.0,0.997516,11.389586,0.0,0.0,0.0556,0
1.981343,2.5863,1.191883,0.180023,0.214566,0.619107,0.085526,-21.864823,1.0,0.0,0.998007,10.682086,0.0,0.0,0.2191,1
0.411573,0.689954,0.580547,0.104161,0.06047,0.627919,0.03915,-12.8494,1.0,0.0,0.999364,11.263178,0.0,0.0,0.0845,1
1.999619,6.11992,12.0,0.0,0.154289,0.069957,0.034046,-11.391332,1.0,0.0,0.764825,10.929335,0.0,0.0,0.0615,0
-1.759453,-1.595401,-0.464305,0.085291,-0.039601,0.732592,0.036876,2.137461,1.0,17.0,0.998124,10.11635,0.0,0.0,0.3605,0
3.305422,13.188103,12.0,0.0,0.299105,0.295683,0.056029,-4.59777,1.0,0.0,0.992502,11.420912,0.0,0.0,0.038,0
1.357069,17.827905,12.0,0.0,0.405243,0.743225,0.062701,10.969143,1.0,0.0,0.996952,10.26134,0.0,0.0,0.0344,0
0.598026,0.845055,0.586618,0.127939,0.075051,1.082007,0.050295,21.989524,1.0,0.0,0.998908,11.324166,0.0,0.0,0.0238,0
1.961547,13.325204,12.0,0.0,0.329174,0.068148,0.055895,9.209501,1.0,0.0,0.858963,11.116305,0.0,0.0,0.0256,0
1.357726,2.895961,2.790881,0.04965,0.138568,0.611235,0.047037,-17.512653,1.0,0.0,0.997645,11.352619,0.0,0.0,0.8706,0
-0.0183,-0.0183,0.791752,0.269728,0.213557,1.133403,0.045381,-5.638344,1.0,1.0,0.999771,9.45956,0.0,0.0,0.2526,1
1.266104,10.008086,12.0,0.0,0.271901,0.309221,0.067271,1.053245,1.0,0.0,0.995301,10.597983,0.0,0.0,0.0844,0
-1.383126,-0.942399,0.374448,0.109702,0.041078,0.398653,0.442636,0.220387,0.093898,24.0,0.969954,10.153922,1.0,52.698529,0.9343,1
-0.130476,0.851875,1.029038,0.04859,0.050001,0.721401,0.022684,-13.006898,1.0,2.0,0.998432,10.91909,0.0,0.0,0.8224,1
4.403184,18.692888,12.0,0.0,0.40175,0.617964,0.041873,-15.520581,1.0,0.0,0.998634,11.477182,0.0,0.0,0.0728,0
0.447746,3.336601,12.0,0.0,0.108805,0.134186,0.071887,21.052697,1.0,0.0,0.868978,11.168147,0.0,0.0,0.3131,0
0.985738,3.035234,1.614975,0.11455,0.184996,0.190458,0.062106,29.61614,1.0,0.0,0.831357,11.538077,0.0,0.0,0.1335,0
4.24808,7.921729,12.0,0.0,0.16148,0.642415,0.061019,-23.040758,1.0,0.0,0.996008,10.519413,0.0,0.0,0.1358,0
0.946115,9.144686,7.743041,0.037237,0.288327,0.740707,0.062796,-20.225069,1.0,0.0,0.974444,9.176328,0.0,0.0,0.9109,1
0.609111,3.240797,4.072104,0.03195,0.130102,0.325079,0.052003,8.68752,1.0,0.0,0.999784,11.072778,0.0,0.0,0.1707,0
0.709027,11.779843,12.0,0.0,0.320797,0.301257,0.031926,21.610316,1.0,0.0,0.996934,10.80668,0.0,0.0,0.1223,0
1.459041,11.939253,12.0,0.0,0.286724,0.728591,0.031168,-2.252043,1.0,0.0,0.999331,10.738582,0.0,0.0,0.026,0
2.158858,9.076068,3.705771,0.091278,0.338255,0.597713,0.013073,11.856897,1.0,0.0,0.999169,11.281352,0.0,0.0,0.0434,0
2.024335,4.076624,12.0,0.0,0.091794,0.615474,0.082934,-7.611768,1.0,0.0,0.999924,11.055974,0.0,0.0,0.0641,0
2.525328,3.566574,1.751252,0.056556,0.099044,0.298064,0.076955,-4.387817,1.0,0.0,0.999729,10.722528,0.0,0.0,0.0529,0
0.878529,5.010935,12.0,0.0,0.148338,0.283022,0.059854,11.593677,1.0,0.0,0.999648,10.959755,0.0,0.0,0.1129,0
-1.534132,-1.534132,0.141995,0.192101,0.027277,0.351905,0.043519,-16.189391,1.0,8.0,0.996158,11.109739,0.0,0.0,0.3868,0
-2.795126,-2.471031,0.091801,0.138391,0.012704,0.589827,0.043712,6.904737,1.0,19.0,0.999981,11.290484,0.0,0.0,0.7379,0
1.036142,9.386231,12.0,0.0,0.243318,0.729697,0.016273,-15.602321,1.0,0.0,0.994003,11.16039,0.0,0.0,0.3395,1
3.097814,16.623655,12.0,0.0,0.36753,0.285705,0.06406,11.145901,1.0,0.0,0.997919,11.254814,0.0,0.0,0.0265,0
4.254787,11.089831,4.744802,0.061684,0.292678,0.065572,0.053949,-8.623571,1.0,0.0,0.75887,10.143137,0.0,0.0,0.0483,0
4.013397,10.322976,2.437631,0.162882,0.397045,0.616834,0.063468,-1.353798,1.0,0.0,0.999682,11.372224,0.0,0.0,0.0274,0
3.793185,6.203029,12.0,0.0,0.092002,0.267559,0.054352,12.176268,1.0,0.0,0.996608,10.943708,0.0,0.0,0.0502,0
1.484954,7.171096,12.0,0.0,0.164097,0.73122,0.023583,13.501906,1.0,0.0,0.992848,10.624869,0.0,0.0,0.022,0
1.181644,12.724311,12.0,0.0,0.33113,0.125353,0.072255,21.257556,1.0,0.0,0.950458,9.687527,0.0,0.0,0.0743,0
3.831359,10.096766,12.0,0.0,0.186485,0.753256,0.09079,-15.855287,1.0,0.0,0.977584,10.280572,0.0,0.0,0.0887,0
1.458183,8.838298,12.0,0.0,0.239944,0.121563,0.044564,18.999219,1.0,0.0,0.874147,11.187949,0.0,0.0,0.03,0
-0.890822,-0.890822,0.044632,0.101168,0.004515,0.300314,0.04862,-3.301051,1.0,10.0,0.997651,11.801997,0.0,0.0,0.4844,0
3.66252,12.804162,3.261006,0.132396,0.431744,0.592038,0.064097,16.47137,1.0,0.0,0.997814,11.236793,0.0,0.0,0.026,0
4.963668,26.124772,12.0,0.0,0.501158,0.61803,0.08729,-16.374069,1.0,0.0,0.998307,10.074512,0.0,0.0,0.0716,0
-0.548753,11.468737,12.0,0.0,0.294947,0.404981,0.469693,15.905474,0.014062,1.0,0.954195,9.982243,1.0,56.268657,0.0413,0
3.089177,5.236578,12.0,0.0,0.0774,0.624015,0.116365,5.542489,1.0,0.0,0.999839,10.61675,0.0,0.0,0.0579,0
0.515956,6.919527,2.751977,0.125503,0.345382,0.044648,0.035378,-4.46485,1.0,0.0,0.943188,11.275195,0.0,0.0,0.4974,1
5.812289,6.313804,12.0,0.0,0.02038,1.139034,0.041602,-20.3756,1.0,0.0,0.998491,9.335522,0.0,0.0,0.1091,0
-2.027166,-2.027166,12.0,0.0,-0.145388,0.383622,0.471523,-4.576005,0.07025,24.0,0.689421,11.116554,1.0,53.719697,0.8974,1
0.259088,1.417644,-0.057379,0.02844,-0.001632,0.391079,0.399632,25.441408,0.085937,0.0,0.974648,11.153115,1.0,56.522388,0.055,0
-3.342683,-3.342683,12.0,0.0,-0.267796,1.1225,0.058685,4.077603,1.0,15.0,0.999984,10.691276,0.0,0.0,0.1772,0
4.87773,8.157381,12.0,0.0,0.118776,1.105614,0.100829,0.482343,1.0,0.0,0.999968,10.9944,0.0,0.0,0.0259,0
1.367092,6.36777,12.0,0.0,0.193438,0.615777,0.080954,15.642152,1.0,0.0,0.998414,10.373659,0.0,0.0,0.1255,0
1.030588,7.476389,12.0,0.0,0.202373,0.729076,0.028465,14.281438,1.0,0.0,0.992738,11.152767,0.0,0.0,0.0324,0
3.889077,8.923795,12.0,0.0,0.179465,0.29979,0.017422,-10.493529,1.0,0.0,0.997602,11.19657,0.0,0.0,0.0544,0
2.266691,25.115291,12.0,0.0,0.500871,0.108808,0.062503,-17.565191,1.0,0.0,0.919269,11.311069,0.0,0.0,0.5367,1
2.487243,4.569835,1.630696,0.136399,0.222426,0.399208,0.07085,-33.199307,1.0,0.0,0.990533,10.693857,0.0,0.0,0.3321,1
3.464837,14.879802,4.062531,0.105166,0.427238,0.481154,0.604722,29.673131,1.0,0.0,0.957655,11.322015,0.0,0.0,0.6334,1
-5.126834,-5.126834,-2.723404,0.080694,-0.219762,0.716704,0.067752,-8.848813,1.0,24.0,0.999325,9.859878,0.0,0.0,0.9969,1
0.681504,12.606739,12.0,0.024475,0.362516,0.293471,0.070272,11.680582,1.0,0.0,0.998099,10.856868,0.0,0.0,0.1687,0
3.627627,4.973255,1.649906,0.092321,0.152322,0.619471,0.037533,-7.537338,1.0,0.0,0.999868,10.272197,0.0,0.0,0.0636,0
1.875701,17.162159,12.0,0.0,0.398611,0.07761,0.101857,4.064668,1.0,0.0,0.935537,10.540816,0.0,0.0,0.043,0
5.015289,24.040045,12.0,0.0,0.452679,0.31276,0.017348,-8.823058,1.0,0.0,0.998115,11.332662,0.0,0.0,0.0548,0
4.091083,8.946952,12.0,0.0,0.170096,1.124074,0.097892,14.02895,1.0,0.0,0.999061,10.928884,0.0,0.0,0.026,0
2.577738,12.315357,12.0,0.0,0.293033,0.316185,0.065063,19.260522,1.0,0.0,0.996271,10.693567,0.0,0.0,0.0273,0
0.761206,2.986338,12.0,0.0,0.00576,0.394964,0.304069,20.342043,0.333305,0.0,0.999175,10.522771,1.0,53.783582,0.0646,0
4.05596,9.669985,5.742076,0.045332,0.260299,0.58286,0.040378,8.138416,1.0,0.0,0.999834,11.167523,0.0,0.0,0.0224,0
-1.004871,-0.759152,-1.056036,0.046995,-0.049628,0.611885,0.103775,-4.469071,1.0,6.0,0.999508,11.170064,0.0,0.0,0.5476,1
1.093836,5.804709,12.0,0.0,0.180391,0.601286,0.035773,22.592286,1.0,0.0,0.997853,11.548777,0.0,0.0,0.119,1
-0.249671,-0.249671,12.0,0.0,-0.112437,0.725141,0.060219,-2.268492,1.0,4.0,0.998134,10.839271,0.0,0.0,0.147,0
0.210674,0.210674,-1.055686,0.090331,-0.095361,1.179332,0.01425,-36.39246,1.0,0.0,0.993687,9.692968,0.0,0.0,0.3049,0
2.087291,4.387068,12.0,0.0,0.087856,0.108727,0.066232,15.392838,1.0,0.0,0.995855,11.058081,0.0,0.0,0.0817,0
3.418163,21.5054,12.0,0.0,0.440263,0.098534,0.089276,13.108145,1.0,0.0,0.816288,11.193259,0.0,0.0,0.0259,0
-1.108883,2.894401,1.465983,0.190749,0.279635,0.425064,0.436021,-19.614837,0.143579,4.0,0.98158,9.731033,1.0,55.791667,0.9996,1
3.828515,19.569092,12.0,0.0,0.393353,0.717944,0.027945,-6.091105,1.0,0.0,0.997939,9.576471,0.0,0.0,0.0543,0
2.719743,13.486532,7.790412,0.044171,0.344108,0.743052,0.038118,13.748503,1.0,0.0,0.996908,10.991768,0.0,0.0,0.0223,0
3.556315,8.561968,4.156296,0.055825,0.232025,0.289841,0.023211,4.412081,1.0,0.0,0.999427,11.256823,0.0,0.0,0.0223,0
0.347467,2.706065,12.0,0.0,0.090731,0.306281,0.026194,7.396944,1.0,0.0,0.999738,11.358835,0.0,0.0,0.2956,0
2.217959,5.148128,1.723725,0.145684,0.251119,0.461556,0.579062,12.565406,1.0,0.0,0.981839,11.175742,0.0,0.0,0.3513,1
1.693317,7.917239,12.0,0.0,0.212185,0.30437,0.02802,-2.572798,1.0,0.0,0.999901,11.709796,0.0,0.0,0.0354,0
1.072325,6.478433,3.538893,0.075388,0.266791,0.058142,0.041913,-5.284238,1.0,0.0,0.985259,11.206297,0.0,0.0,0.3251,0
2.270682,7.135624,2.983002,0.103499,0.308738,0.641546,0.092447,-15.872381,1.0,0.0,0.999672,10.664568,0.0,0.0,0.6782,0
1.887187,14.829003,4.301627,0.108393,0.466267,0.292542,0.027049,0.348442,1.0,0.0,0.99991,10.149963,0.0,0.0,0.0285,0
2.053323,9.683529,4.231936,0.080054,0.338781,0.605064,0.032841,27.26415,1.0,0.0,0.996864,11.179598,0.0,0.0,0.0296,0
5.48927,13.176271,12.0,0.0,0.246156,1.151687,0.057323,1.315667,1.0,0.0,0.999979,11.322483,0.0,0.0,0.025,0
3.009961,19.750608,5.263682,0.098473,0.518328,0.084342,0.070333,14.507455,1.0,0.0,0.979194,10.759193,0.0,0.0,0.0251,0
4.269199,6.131268,12.0,0.0,0.076771,0.117429,0.039531,-19.586638,1.0,0.0,0.954719,11.179729,0.0,0.0,0.1687,0
1.289368,1.585438,12.0,0.0,0.006441,0.30462,0.031591,6.064806,1.0,0.0,0.999565,10.579048,0.0,0.0,0.115,0
1.827011,4.771213,1.826389,0.138313,0.252614,0.295895,0.046075,-4.578332,1.0,0.0,0.999206,10.835216,0.0,0.0,0.0447,0
1.28938,2.118759,0.60124,0.14259,0.085731,0.37193,0.359332,23.200433,-0.185752,0.0,0.659719,10.719443,1.0,55.251748,0.0416,0
4.463647,12.628309,12.0,0.0,0.263715,0.770829,0.716252,-40.645924,1.0,0.0,0.969691,10.721851,0.0,0.0,0.2608,0
0.425039,4.510259,12.0,0.0,0.119492,0.728455,0.084507,14.849812,1.0,0.0,0.986263,10.381176,0.0,0.0,0.0617,0
2.931139,12.252733,3.723536,0.104074,0.387522,0.298955,0.054311,17.731481,1.0,0.0,0.99691,11.976754,0.0,0.0,0.0257,0
1.965946,15.156733,12.0,0.0,0.3269,0.412793,0.461674,19.688654,0.314648,0.0,0.861343,10.832765,1.0,54.914729,0.0229,0
2.319518,7.399594,3.08954,0.090693,0.280198,0.850076,1.178201,-5.784331,1.0,0.0,0.598725,11.393409,0.0,0.0,0.3699,1
2.243246,6.128208,2.730652,0.085373,0.233124,0.071304,0.076094,-5.92792,1.0,0.0,0.778979,11.191227,0.0,0.0,0.0616,0
0.458795,4.264948,12.0,0.0,0.139062,0.076762,0.070416,4.131504,1.0,0.0,0.813737,10.793157,0.0,0.0,0.2022,0
2.532446,16.102922,12.0,0.0,0.368177,0.138419,0.052966,22.329798,1.0,0.0,0.80522,11.94247,0.0,0.0,0.0247,0
2.441008,26.805668,12.0,0.0,0.517382,0.075835,0.039068,-10.85739,1.0,0.0,0.866069,11.399268,0.0,0.0,0.3001,0
2.109483,2.721047,1.269516,0.170767,0.216792,0.629285,0.059091,-29.516053,1.0,0.0,0.994581,10.174463,0.0,0.0,0.4282,0
-0.29152,6.834255,12.0,0.0,0.205904,0.719398,0.060139,-3.159626,1.0,3.0,0.998085,11.184788,0.0,0.0,0.1761,0
5.698683,12.91747,12.0,0.0,0.258389,0.649065,0.105647,-27.550965,1.0,0.0,0.99779,11.588253,0.0,0.0,0.1071,0
2.623443,8.271088,9.728963,0.022295,0.216909,0.157906,0.034112,26.712499,1.0,0.0,0.95995,10.757976,0.0,0.0,0.0238,0
4.198493,10.928148,6.881821,0.040389,0.277948,0.591,0.015141,13.702321,1.0,0.0,0.999058,11.122821,0.0,0.0,0.0217,0
1.142337,21.537713,8.948747,0.057514,0.514681,0.719807,0.066897,1.262141,1.0,0.0,0.990241,10.80561,0.0,0.0,0.0485,0
0.573616,9.610515,7.266214,0.042049,0.305535,0.606744,0.928823,-18.207996,1.0,0.0,0.990401,11.269427,0.0,0.0,0.9781,1
1.155071,18.60934,12.0,0.0,0.432082,0.062512,0.0613,-3.863808,1.0,0.0,0.948124,9.993143,0.0,0.0,0.2152,0
-0.604633,5.556401,12.0,0.0,0.180793,0.75116,1.04596,74.41419,1.0,5.0,0.796217,11.220491,0.0,0.0,0.8206,1
3.306704,9.60738,12.0,0.0,0.214924,0.750052,0.897732,-38.117983,1.0,0.0,0.869481,11.177601,0.0,0.0,0.5025,0
1.489448,19.765947,12.0,0.0,0.43968,0.112167,0.071355,12.124776,1.0,0.0,0.989082,11.679207,0.0,0.0,0.0719,1
2.585802,9.888751,12.0,0.0,0.236355,0.189895,0.059019,33.232356,1.0,0.0,0.896475,11.099154,0.0,0.0,0.0267,0
1.768915,3.506813,1.021369,0.08971,0.091627,0.332865,0.415306,19.900541,-0.209107,0.0,0.995988,10.49249,1.0,56.022059,0.0652,0
1.007388,5.358134,12.0,0.0,0.153792,1.086277,0.037114,15.340209,1.0,0.0,0.999194,11.408764,0.0,0.0,0.0779,0
1.800229,16.884546,12.0,0.0,0.408347,0.598255,0.066531,7.428974,1.0,0.0,0.999738,11.567163,0.0,0.0,0.1721,0
0.626478,3.156694,12.0,0.0,0.101405,0.065848,0.032256,-10.568474,1.0,0.0,0.787056,9.987227,0.0,0.0,0.7805,1
4.021524,25.723333,12.0,0.0,0.504608,0.728753,0.875404,47.535735,1.0,0.0,0.833577,11.103268,0.0,0.0,0.4121,0
2.08402,7.244663,12.0,0.0,0.180822,0.296465,0.01929,3.840211,1.0,0.0,0.999786,11.657866,0.0,0.0,0.0217,0
0.688016,1.982792,12.0,0.0,0.047519,0.605269,0.039001,3.412828,1.0,0.0,0.999823,10.739271,0.0,0.0,0.1496,0
2.999798,11.367042,2.525846,0.153752,0.388355,0.721696,0.048933,9.395863,1.0,0.0,0.993484,10.522324,0.0,0.0,0.0233,0
2.513902,13.227674,12.0,0.0,0.279482,0.305523,0.309663,-12.724155,-0.125507,0.0,0.87047,10.193849,1.0,56.852713,0.2325,1
-1.479844,-1.479844,-0.85232,0.210698,-0.179582,1.125198,0.020319,-12.299506,1.0,4.0,0.999448,10.398092,0.0,0.0,0.2241,0
2.294826,2.294826,0.978602,0.151125,0.147891,0.246425,0.027935,-43.210601,1.0,0.0,0.907501,11.17406,0.0,0.0,0.4288,0
2.078094,6.068762,1.944777,0.157225,0.305767,0.060861,0.066888,-4.943195,1.0,0.0,0.948492,11.198829,0.0,0.0,0.0286,0
2.462276,8.685331,2.915792,0.108436,0.316178,0.124468,0.07811,17.991304,1.0,0.0,0.957437,10.597805,0.0,0.0,0.0267,0
1.157411,11.675561,3.603461,0.118522,0.42709,1.095117,0.027447,10.207431,1.0,0.0,0.999609,10.229155,0.0,0.0,0.0906,0
3.906747,6.961985,12.0,0.0,0.119035,0.295222,0.05654,-11.611522,1.0,0.0,0.999695,10.667991,0.0,0.0,0.0686,0
4.390691,18.251397,12.0,0.0,0.39412,0.612097,0.043106,-12.006394,1.0,0.0,0.998361,9.985309,0.0,0.0,0.0524,0
3.119496,12.519509,8.355627,0.037264,0.311365,0.761004,0.067236,14.641437,1.0,0.0,0.992637,11.126102,0.0,0.0,0.027,0
1.099822,6.240645,12.0,0.0,0.142084,0.716347,0.067226,-2.769112,1.0,0.0,0.994523,10.269856,0.0,0.0,0.0309,0
2.94807,6.345343,1.892255,0.14596,0.276193,0.367787,0.073756,-26.762299,1.0,0.0,0.997078,11.358207,0.0,0.0,0.2719,1
3.642216,10.342773,12.0,0.0,0.224519,0.050895,0.036474,8.304546,1.0,0.0,0.862422,11.580752,0.0,0.0,0.0233,0
2.273046,11.868794,12.0,0.0,0.288326,0.258765,0.036408,43.691674,1.0,0.0,0.939712,11.124795,0.0,0.0,0.0276,0
3.901213,15.842891,12.0,0.0,0.346371,0.149909,0.065569,-23.080987,1.0,0.0,0.839891,10.365643,0.0,0.0,0.1866,0
0.807079,11.462466,12.0,0.0,0.310911,1.109862,0.042357,28.041979,1.0,0.0,0.998016,11.427211,0.0,0.0,0.1336,0
2.679211,12.131408,12.0,0.0,0.287517,0.111633,0.064788,13.787719,1.0,0.0,0.993364,11.138082,0.0,0.0,0.0243,0
2.810126,9.226372,2.403007,0.156457,0.375967,0.06427,0.041414,-7.687545,1.0,0.0,0.974855,10.277097,0.0,0.0,0.0332,0
-1.417719,0.081949,0.516565,0.063157,0.032625,0.427428,0.42589,55.692591,0.6549,23.0,0.951154,10.831458,1.0,56.641221,0.4806,0
1.56114,8.43831,2.645168,0.126129,0.333632,0.732649,0.064917,-9.461823,1.0,0.0,0.995899,10.866857,0.0,0.0,0.0731,0
0.269785,0.700382,12.0,0.0,-0.027129,0.733034,0.038226,-12.745188,1.0,0.0,0.993622,10.119122,0.0,0.0,0.635,0
0.148005,5.408134,12.0,0.0,0.13762,0.339332,0.33283,25.920935,0.180593,0.0,0.739337,10.9588,1.0,54.152778,0.024,0
3.56679,9.14267,3.105904,0.092651,0.287766,0.333917,0.049563,-17.382193,1.0,0.0,0.994674,11.830102,0.0,0.0,0.1283,0
-2.602012,-2.602012,-0.555844,0.185425,-0.103067,0.217653,0.074871,-36.648463,1.0,10.0,0.988318,10.229438,0.0,0.0,0.8502,0
0.550189,6.957668,12.0,0.0,0.215898,0.136747,0.065099,20.466629,1.0,0.0,0.999625,10.76931,0.0,0.0,0.1673,0
2.131835,8.998419,12.0,0.0,0.224663,0.604304,0.532772,25.7861,1.0,0.0,0.642707,10.905159,0.0,0.0,0.2338,0
2.542367,7.779072,12.0,0.0,0.189192,0.139044,0.052056,-22.245329,1.0,0.0,0.903301,10.372178,0.0,0.0,0.1414,0
0.878705,5.64639,2.566903,0.091699,0.235383,0.736566,0.074036,10.838961,1.0,0.0,0.98369,10.43481,0.0,0.0,0.03,0
-1.644243,-1.50246,0.117156,0.162293,0.019014,0.826373,0.936818,-44.397682,1.0,6.0,0.618016,11.665507,0.0,0.0,0.9986,1
2.382966,2.699252,12.0,0.0,-0.030867,0.628628,0.041842,-13.139661,1.0,0.0,0.998916,10.661918,0.0,0.0,0.1439,0
0.992598,2.599926,1.340973,0.153864,0.206327,1.106762,0.107298,29.109149,1.0,0.0,0.997921,11.528341,0.0,0.0,0.0509,0
1.971963,4.961066,2.095184,0.105238,0.220493,0.041807,0.049741,4.622308,1.0,0.0,0.85525,11.204682,0.0,0.0,0.0221,0
1.859436,7.339242,2.577507,0.133997,0.345379,0.598082,0.038072,12.384508,1.0,0.0,0.999593,10.539767,0.0,0.0,0.0692,0
-0.591685,-0.591685,12.0,0.0,-0.147077,1.1338,0.108795,-10.510523,1.0,3.0,0.999852,10.552334,0.0,0.0,0.0925,0
2.676719,22.407039,12.0,0.0,0.455984,0.334659,0.045891,28.773859,1.0,0.0,0.99538,11.772522,0.0,0.0,0.0245,0
4.014749,6.997536,12.0,0.0,0.118287,0.597803,0.029512,18.87916,1.0,0.0,0.997972,10.471687,0.0,0.0,0.036,0
3.667917,9.940167,6.133628,0.04385,0.268961,0.620646,0.047643,29.004531,1.0,0.0,0.995675,10.930452,0.0,0.0,0.0239,0
2.031218,11.377294,12.0,0.0,0.275994,0.65412,0.439896,-14.682895,1.0,0.0,0.974673,10.347048,0.0,0.0,0.9389,1
1.330257,12.041857,3.251806,0.141425,0.459888,0.04918,0.056235,2.05466,1.0,0.0,0.937075,10.955938,0.0,0.0,0.0803,0
2.125881,8.635851,3.12286,0.103857,0.32433,0.307629,0.038025,-10.047631,1.0,0.0,0.998844,11.438843,0.0,0.0,0.0549,0
2.935027,4.685992,1.906637,0.071303,0.13595,1.198159,0.02338,0.212149,1.0,0.0,0.99998,10.817268,0.0,0.0,0.0315,0
4.025854,8.127208,12.0,0.0,0.169258,0.596288,0.053067,-5.491795,1.0,0.0,0.999972,11.045515,0.0,0.0,0.0406,0
3.166244,10.11522,12.0,0.0,0.22806,0.299107,0.038663,7.9348,1.0,0.0,0.999855,11.145909,0.0,0.0,0.0231,0
1.435459,4.122288,12.0,0.0,0.109864,0.15983,0.059722,-27.583925,1.0,0.0,0.98472,10.663415,0.0,0.0,0.8525,1
1.634771,3.555809,0.855406,0.028717,0.024565,0.432254,0.638018,25.738421,-0.373561,0.0,0.779016,10.062518,1.0,53.070866,0.0862,0
1.206957,4.324395,12.0,0.0,0.116832,0.111654,0.064667,16.342703,1.0,0.0,0.689864,10.855884,0.0,0.0,0.0821,0
1.666363,9.325098,3.169575,0.114561,0.363111,0.051539,0.028286,7.846708,1.0,0.0,0.787607,10.331724,0.0,0.0,0.0276,0
3.982551,22.242351,12.0,0.0,0.44082,0.295437,0.067798,2.632152,1.0,0.0,0.999123,10.989146,0.0,0.0,0.0287,0
3.362105,16.44639,6.460413,0.068893,0.445078,0.615241,0.05792,27.100197,1.0,0.0,0.996955,11.617783,0.0,0.0,0.0267,0
-2.985902,-2.985902,-0.517227,0.252352,-0.130523,0.732962,0.056855,-52.641872,1.0,7.0,0.985105,10.609104,0.0,0.0,0.6454,1
4.329861,9.822192,12.0,0.0,0.223694,0.626355,0.047547,-16.074969,1.0,0.0,0.998517,11.052323,0.0,0.0,0.0876,0
4.033096,11.076526,6.272084,0.048041,0.301318,0.630096,0.030522,-1.888878,1.0,0.0,0.999513,10.819031,0.0,0.0,0.0423,1
2.470493,2.470493,12.0,0.0,-0.001969,0.122448,0.073212,-17.895836,1.0,0.0,0.906965,10.48931,0.0,0.0,0.2166,0
1.360682,1.696948,1.362281,0.077366,0.105394,0.663549,0.05666,-30.550319,1.0,0.0,0.9934,10.321744,0.0,0.0,0.9642,1
2.545228,6.495941,2.123144,0.148536,0.315362,0.598858,0.070612,3.92564,1.0,0.0,0.999969,10.694872,0.0,0.0,0.027,0
1.239031,20.709063,12.0,0.0,0.461111,0.67524,0.516017,-22.740932,1.0,0.0,0.817165,11.399664,0.0,0.0,0.7536,1
-1.86058,-1.636621,0.244904,0.118187,0.028945,0.658057,0.099952,-30.315573,1.0,10.0,0.99309,11.173448,0.0,0.0,0.9925,1
0.381649,6.092498,4.575155,0.055791,0.255251,0.056132,0.066254,0.490987,1.0,0.0,0.966974,10.982734,0.0,0.0,0.227,0
3.190528,3.190528,0.974811,0.174071,0.169687,0.328643,0.088634,-9.020469,1.0,0.0,0.997572,11.580579,0.0,0.0,0.0987,0
0.60319,3.760577,3.634817,0.045536,0.165516,0.100445,0.095354,14.523677,1.0,0.0,0.691182,11.564337,0.0,0.0,0.1705,0
3.170352,10.975296,7.954049,0.036099,0.28713,0.115292,0.067005,16.829605,1.0,0.0,0.922177,11.127655,0.0,0.0,0.0255,0
-2.437404,-2.437404,-0.548647,0.189379,-0.103902,0.372275,0.035098,-33.649852,1.0,9.0,0.985664,9.94264,0.0,0.0,0.8379,1
-0.502399,3.12503,12.0,0.0,0.098602,0.730956,0.058503,-12.05105,1.0,3.0,0.997493,10.887231,0.0,0.0,0.9255,1
-4.903468,-4.903468,-0.751163,0.162776,-0.122272,0.750622,0.078057,-29.826937,1.0,24.0,0.982759,9.918997,0.0,0.0,0.9996,1
2.727923,5.770669,1.478074,0.130518,0.192915,0.725558,0.04024,0.165634,1.0,0.0,0.999458,11.065003,0.0,0.0,0.0249,0
2.39547,5.634647,2.900481,0.051246,0.148639,0.602574,0.533541,23.76975,1.0,0.0,0.986334,11.409075,0.0,0.0,0.234,0
2.043018,17.027951,12.0,0.0,0.395933,0.081506,0.050469,-9.450968,1.0,0.0,0.724569,10.557253,0.0,0.0,0.2657,0
2.717269,10.281485,12.0,0.0,0.231557,0.729745,0.973161,-17.90244,1.0,0.0,0.931043,11.873942,0.0,0.0,0.3376,0
-0.04959,11.549358,3.781291,0.108626,0.410747,0.481661,0.567956,27.25906,0.352471,1.0,0.796687,10.503214,1.0,57.364286,0.045,0
0.148711,0.772906,12.0,0.0,0.022257,1.105993,0.042396,-0.813814,1.0,0.0,0.999994,10.546354,0.0,0.0,0.216,0
2.560507,10.461001,6.647006,0.044991,0.299052,0.288921,0.032425,1.246824,1.0,0.0,0.997308,10.688596,0.0,0.0,0.0242,0
1.273299,1.81084,1.21444,0.02727,0.033118,0.610501,0.079533,-1.121883,1.0,0.0,0.999932,10.569579,0.0,0.0,0.0718,0
2.877429,16.279618,4.990801,0.088439,0.44138,0.727833,0.088758,-11.642185,1.0,0.0,0.986057,10.206856,0.0,0.0,0.0873,0
2.90029,5.348765,12.0,0.0,0.126869,0.655735,0.049578,-38.296105,1.0,0.0,0.9913,11.11362,0.0,0.0,0.4795,1
3.907503,13.447785,11.390042,0.028284,0.322157,0.314544,0.093912,-3.185725,1.0,0.0,0.995656,10.252201,0.0,0.0,0.0593,0
2.466959,10.8796,4.880452,0.067654,0.330182,0.187562,0.052083,32.097774,1.0,0.0,0.8129,10.655261,0.0,0.0,0.0248,0
0.371462,4.205611,1.988854,0.145447,0.289273,0.084878,0.065415,-13.310371,1.0,0.0,0.983029,10.793832,0.0,0.0,0.9301,1
-0.121819,-0.121819,0.260149,0.115616,0.030077,0.301901,0.05439,9.525891,1.0,2.0,0.998518,10.821098,0.0,0.0,0.4501,0
1.19253,5.258354,2.030178,0.144814,0.293999,0.272509,0.087109,-2.994028,1.0,0.0,0.999446,11.257571,0.0,0.0,0.0917,0
1.831585,5.161485,12.0,0.0,0.145037,0.610728,0.070021,-13.705828,1.0,0.0,0.999431,10.657268,0.0,0.0,0.1231,0
3.100872,20.247585,12.0,0.0,0.424536,0.299253,0.077595,5.717796,1.0,0.0,0.99821,10.716924,0.0,0.0,0.027,0
-3.170461,-3.170461,12.0,0.0,-0.222404,0.747525,0.036619,-27.476181,1.0,16.0,0.985587,10.142448,0.0,0.0,0.978,1
2.183396,16.035877,12.0,0.0,0.374576,0.292329,0.031756,3.946852,1.0,0.0,0.99944,9.822017,0.0,0.0,0.0222,0
0.704078,4.812909,2.453985,0.108225,0.265582,0.605053,0.102609,38.347658,1.0,0.0,0.989792,10.480883,0.0,0.0,0.1688,0
3.768715,15.923967,12.0,0.0,0.344729,0.039073,0.028082,4.410628,1.0,0.0,0.876812,10.693979,0.0,0.0,0.0218,0
4.519197,14.721153,12.0,0.0,0.320582,0.606305,0.041657,15.418942,1.0,0.0,0.998803,11.018919,0.0,0.0,0.0233,0
1.801847,5.715011,1.843713,0.168636,0.310916,1.153254,0.040295,-11.755898,1.0,0.0,0.999568,9.950359,0.0,0.0,0.136,1
4.157502,11.542504,12.0,0.0,0.240367,1.096575,0.020392,-6.795903,1.0,0.0,0.999803,10.230487,0.0,0.0,0.0374,0
1.392741,24.597891,12.0,0.0,0.490231,0.725825,0.730335,11.008864,1.0,0.0,0.967492,10.96621,0.0,0.0,0.3776,0
4.259004,16.051446,12.0,0.0,0.353464,0.591586,0.04326,1.210796,1.0,0.0,1.0,11.054017,0.0,0.0,0.0233,0
-1.325061,-1.325061,0.080389,0.103651,0.008332,0.603133,0.834046,-36.003503,1.0,7.0,0.826748,11.077375,0.0,0.0,0.9972,1
2.700918,2.854814,0.596621,0.131235,0.078298,0.652446,0.12486,-29.679179,1.0,0.0,0.995867,10.050116,0.0,0.0,0.1532,0
4.391891,4.999429,1.312885,0.099383,0.130478,0.141321,0.033576,-23.124309,1.0,0.0,0.970455,10.425674,0.0,0.0,0.1589,0
4.060438,10.586854,6.675737,0.041655,0.278081,0.606105,0.052974,-1.816907,1.0,0.0,0.99991,10.168444,0.0,0.0,0.0364,0
1.858872,12.407071,5.343596,0.06374,0.3406,0.444298,0.601043,28.090286,-0.261,0.0,0.400411,10.859064,1.0,55.217054,0.0519,1
1.163182,6.086081,12.0,0.0,0.174912,0.062417,0.079205,-2.976918,1.0,0.0,0.817301,10.383686,0.0,0.0,0.1077,0
2.483295,14.911738,12.0,0.0,0.349547,0.301129,0.021744,-3.108753,1.0,0.0,0.999725,10.435452,0.0,0.0,0.037,0
3.661757,11.821865,12.0,0.0,0.259678,0.099423,0.097214,11.462793,1.0,0.0,0.994692,11.529125,0.0,0.0,0.0271,1
3.530124,19.172559,7.356151,0.063278,0.465479,0.127411,0.053429,19.038753,1.0,0.0,0.99781,12.154093,0.0,0.0,0.0239,0
4.720249,5.525949,12.0,0.0,0.041106,0.617719,0.065161,-17.617563,1.0,0.0,0.999074,10.431301,0.0,0.0,0.0868,0
0.27415,6.334663,12.0,0.0,0.18319,0.727653,0.035766,-2.321426,1.0,0.0,0.997857,11.661251,0.0,0.0,0.1224,1
0.255897,0.431148,0.300876,0.162837,0.048994,0.604984,0.065773,-3.311919,1.0,0.0,0.999978,11.182187,0.0,0.0,0.1253,0
3.179606,13.752523,12.0,0.0,0.31977,0.144942,0.039392,-20.801535,1.0,0.0,0.959268,11.063989,0.0,0.0,0.1922,1
3.70363,4.878801,1.061065,0.243579,0.258453,0.761586,0.103923,-31.00194,1.0,0.0,0.976274,10.263859,0.0,0.0,0.5337,1
3.009127,9.930875,3.414344,0.101902,0.347929,0.587884,0.053777,2.231706,1.0,0.0,0.999959,10.367485,0.0,0.0,0.025,0
1.176363,6.077591,12.0,0.0,0.136928,0.73144,0.058306,7.905983,1.0,0.0,0.998144,10.17035,0.0,0.0,0.0268,0
3.12564,6.409226,12.0,0.0,0.129962,0.136287,0.049821,-24.347017,1.0,0.0,0.997061,10.847668,0.0,0.0,0.1364,0
4.636051,13.281692,12.0,0.0,0.300728,0.628385,0.016616,-14.507577,1.0,0.0,0.999098,9.903896,0.0,0.0,0.0637,1
2.041759,9.29326,12.0,0.0,0.238731,0.519801,0.518193,-27.683234,1.0,0.0,0.950315,10.876937,0.0,0.0,0.3138,1
-0.125283,-0.013016,-0.356454,0.122939,-0.043822,0.438164,0.499915,36.772284,0.244787,5.0,0.832027,11.119568,1.0,59.514493,0.6253,1
0.087813,10.667542,12.0,0.0,0.274596,0.443193,0.645811,54.132137,0.541314,0.0,0.754302,10.471057,1.0,56.19697,0.0231,0
1.099499,4.228496,1.738865,0.16305,0.283522,0.320879,0.053958,-10.662491,1.0,0.0,0.99147,11.531715,0.0,0.0,0.4274,0
1.406597,3.255885,1.261508,0.146848,0.18525,0.708582,0.052299,-12.474607,1.0,0.0,0.996806,10.424013,0.0,0.0,0.077,0
1.82717,5.967628,12.0,0.0,0.152945,0.61479,0.039251,32.609287,1.0,0.0,0.994548,10.468582,0.0,0.0,0.0327,0
1.779437,4.36546,12.0,0.0,0.123774,0.595106,0.018341,-5.427023,1.0,0.0,0.999786,10.726471,0.0,0.0,0.148,0
-0.81803,7.236341,4.193804,0.068968,0.28924,0.767924,0.078441,22.350993,1.0,4.0,0.987698,10.878607,0.0,0.0,0.147,0
-1.700914,0.521556,12.0,0.0,0.011014,0.97144,1.115692,-31.277634,1.0,10.0,0.825446,10.790768,0.0,0.0,0.9969,1
5.041694,19.619227,12.0,0.0,0.388687,0.327814,0.08678,-9.930257,1.0,0.0,0.999408,10.677995,0.0,0.0,0.0706,0
-0.711126,1.308888,1.224187,0.147667,0.180773,0.701942,0.128937,-7.729757,1.0,4.0,0.977759,10.587023,0.0,0.0,0.8304,1
2.528351,2.657812,0.773808,0.16994,0.131501,0.638599,0.051997,-27.520493,1.0,0.0,0.995355,10.655443,0.0,0.0,0.1731,0
1.549448,6.613526,6.36468,0.032018,0.203784,0.629298,0.407975,0.063444,1.0,0.0,0.986139,10.97635,0.0,0.0,0.277,0
2.505399,8.68049,10.192949,0.022648,0.230849,0.308756,0.075917,5.341143,1.0,0.0,0.990736,10.91633,0.0,0.0,0.0261,0
3.090483,16.755956,11.240899,0.035791,0.402319,0.352921,0.05131,39.926521,1.0,0.0,0.993478,12.368424,0.0,0.0,0.0272,0
1.85523,1.85523,0.671076,0.267014,0.179187,1.159191,0.038076,-21.665361,1.0,0.0,0.997913,10.1262,0.0,0.0,0.1178,0
-0.242983,2.551902,12.0,0.0,0.074133,0.72138,0.08548,-3.780621,1.0,2.0,0.996509,11.017997,0.0,0.0,0.4079,1
2.700031,2.700031,0.718717,0.20139,0.144743,1.136876,0.034714,-21.795034,1.0,0.0,0.998196,10.202598,0.0,0.0,0.1443,0
3.617891,11.223143,10.58448,0.026288,0.278249,0.622256,0.059913,46.013879,1.0,0.0,0.989042,10.741739,0.0,0.0,0.0248,0
0.600354,1.32968,1.300038,0.091927,0.119509,1.143546,0.045396,2.8601,1.0,0.0,0.999941,10.360708,0.0,0.0,0.2424,0
1.150794,12.746573,12.0,0.0,0.320137,0.729086,0.023233,1.362511,1.0,0.0,0.999223,11.074296,0.0,0.0,0.0374,0
1.657402,10.036465,3.142039,0.124318,0.390612,0.049489,0.046017,4.071815,1.0,0.0,0.999341,10.517373,0.0,0.0,0.0403,0
2.476179,5.092368,12.0,0.0,0.103302,0.041033,0.021397,-6.454794,1.0,0.0,0.993126,11.262159,0.0,0.0,0.0474,0
-0.826228,-0.582555,0.396296,0.169953,0.067352,0.738058,0.055289,-4.767527,1.0,8.0,0.994037,10.36126,0.0,0.0,0.0663,1
3.203953,5.899869,1.777758,0.132317,0.235228,0.062423,0.060944,6.475259,1.0,0.0,0.831094,11.032862,0.0,0.0,0.0275,0
3.721763,11.21237,12.0,0.0,0.243571,0.277893,0.072665,5.346557,1.0,0.0,0.991662,10.542255,0.0,0.0,0.0245,0
4.573467,10.445934,12.0,0.0,0.203544,0.333227,0.081771,-13.798685,1.0,0.0,0.995256,11.044768,0.0,0.0,0.0883,0
-4.449309,-4.449309,-0.413265,0.212087,-0.087648,0.718075,0.042866,-6.068861,1.0,22.0,0.99959,10.408404,0.0,0.0,0.6469,1
5.200968,12.416198,12.0,0.0,0.236169,1.119346,0.01974,-4.592131,1.0,0.0,0.999903,9.688128,0.0,0.0,0.0361,0
1.67423,4.686863,1.8618,0.130939,0.243783,0.09047,0.047204,15.204866,1.0,0.0,0.9536,11.279961,0.0,0.0,0.0336,0
2.531555,11.518732,12.0,0.0,0.297964,0.600041,0.023951,0.157679,1.0,0.0,0.999992,10.925507,0.0,0.0,0.0388,0
1.587011,5.418301,12.0,0.0,0.139042,0.311739,0.068211,14.389438,1.0,0.0,0.996608,10.551617,0.0,0.0,0.0414,0
1.509,3.073599,1.789756,0.080456,0.143997,0.053855,0.077274,0.173175,1.0,0.0,0.911962,9.867754,0.0,0.0,0.0378,0
1.660191,15.615783,11.676268,0.036723,0.428785,0.598733,0.029682,12.400093,1.0,0.0,0.99918,10.642392,0.0,0.0,0.206,1
3.661494,5.65223,2.414336,0.056309,0.135949,0.331582,0.063176,-1.944101,1.0,0.0,0.998348,10.962478,0.0,0.0,0.0372,0
-0.979518,4.153976,1.959249,0.126013,0.246892,0.464943,0.524472,15.573376,-0.046226,4.0,0.819822,10.84721,1.0,53.680851,0.6988,0
3.643326,17.476456,8.184451,0.054963,0.44984,0.599377,0.076259,0.51484,1.0,0.0,0.99989,10.703649,0.0,0.0,0.0265,0
4.710996,17.660729,12.0,0.0,0.361791,0.06484,0.024035,-10.717572,1.0,0.0,0.890577,10.854542,0.0,0.0,0.061,0
2.294155,15.218395,4.724784,0.092587,0.437452,0.731507,0.800621,-27.638145,1.0,0.0,0.928982,10.938753,0.0,0.0,0.4167,0
1.241664,3.167071,12.0,0.0,0.08786,0.600365,0.02765,-4.878845,1.0,0.0,0.999963,10.680855,0.0,0.0,0.233,0
0.89532,2.337669,1.099214,0.179575,0.197392,0.719394,0.026922,-9.680526,1.0,0.0,0.998665,10.782502,0.0,0.0,0.0814,0
0.099528,0.099528,0.457426,0.137374,0.062838,0.081451,0.08277,3.61546,1.0,0.0,0.894513,10.488671,0.0,0.0,0.1524,1
1.522043,5.568346,9.249823,0.01784,0.165019,0.136247,0.071063,22.039317,1.0,0.0,0.863373,11.154834,0.0,0.0,0.0407,0
-6.487782,-6.487782,-1.245539,0.197315,-0.245764,0.725086,0.019752,-11.113534,1.0,23.0,0.995235,10.415279,0.0,0.0,0.997,1
1.752105,1.752105,0.731559,0.124299,0.090932,0.035598,0.031311,-3.309192,1.0,0.0,0.907192,10.561732,0.0,0.0,0.0915,0
4.426607,20.095989,12.0,0.0,0.405845,0.041117,0.035697,-3.410543,1.0,0.0,0.94893,10.868135,0.0,0.0,0.0495,0
3.677593,7.972367,12.0,0.0,0.155807,0.104329,0.073625,16.430782,1.0,0.0,0.950243,10.705547,0.0,0.0,0.0432,0
3.016228,7.6749,3.599087,0.055043,0.198103,0.726357,0.070609,8.156425,1.0,0.0,0.995876,10.980987,0.0,0.0,0.0256,0
1.730475,1.730475,0.940625,0.14218,0.133738,0.080259,0.09058,-2.24148,1.0,0.0,0.944524,10.867606,0.0,0.0,0.0773,0
3.485641,5.960191,1.64316,0.14614,0.240132,0.589242,0.071762,15.007784,1.0,0.0,0.997913,10.589112,0.0,0.0,0.0252,0
1.730355,8.667504,12.0,0.0,0.180326,0.380627,0.379319,28.684482,0.164425,0.0,0.927294,11.013172,1.0,56.172932,0.0246,0
0.966334,12.892025,12.0,0.0,0.341093,0.330154,0.081301,-9.305399,1.0,0.0,0.998859,10.359927,0.0,0.0,0.3455,0
4.577542,16.682818,12.0,0.0,0.356753,0.609664,0.069785,24.024227,1.0,0.0,0.996169,10.743466,0.0,0.0,0.025,0
0.732334,11.002026,12.0,0.0,0.306914,0.288738,0.054082,1.798898,1.0,0.0,0.997118,10.2459,0.0,0.0,0.1555,0
0.867715,0.867715,0.493149,0.105499,0.052027,1.213827,0.04461,-42.02389,1.0,0.0,0.991517,10.289292,0.0,0.0,0.8473,1
1.119139,5.309477,5.035954,0.037959,0.191161,0.308308,0.043893,-7.852573,1.0,0.0,0.996357,9.884823,0.0,0.0,0.2434,0
-2.270451,-2.270451,12.0,0.0,-0.176883,1.101594,0.058603,-4.266069,1.0,12.0,0.999863,10.622418,0.0,0.0,0.1491,0
3.415508,12.106684,11.05692,0.027219,0.300961,0.065019,0.045734,7.44307,1.0,0.0,0.699855,10.757217,0.0,0.0,0.0235,0
1.991501,2.001204,0.215408,0.04617,0.009945,0.066362,0.06894,6.327098,1.0,0.0,0.999982,10.135831,0.0,0.0,0.291,0
2.344252,7.043485,1.630949,0.205738,0.335548,0.725769,0.105505,-2.438763,1.0,0.0,0.985187,9.762656,0.0,0.0,0.0696,0
4.240797,6.953354,12.0,0.0,0.105067,0.315512,0.048233,-12.286026,1.0,0.0,0.997733,11.133358,0.0,0.0,0.0703,0
3.009644,11.92171,12.0,0.0,0.276033,0.136281,0.02205,23.641101,1.0,0.0,0.937209,11.17352,0.0,0.0,0.0218,0
2.387994,8.963619,2.96001,0.112243,0.332241,0.307057,0.054186,-2.171502,1.0,0.0,0.999927,11.056729,0.0,0.0,0.0282,0
0.417637,4.461847,2.431145,0.099914,0.242905,0.303284,0.02881,25.181786,1.0,0.0,0.999358,11.933795,0.0,0.0,0.1751,0
1.164509,10.75185,12.0,0.0,0.294032,0.021084,0.016276,-0.289875,1.0,0.0,0.96984,10.920718,0.0,0.0,0.0815,0
0.478115,3.904293,12.0,0.0,0.112373,0.740436,0.771178,1.867881,1.0,0.0,0.936076,10.859328,0.0,0.0,0.647,1
2.142738,9.151702,2.762091,0.141755,0.391541,0.606747,0.089553,-0.97744,1.0,0.0,0.999734,10.132715,0.0,0.0,0.0565,0
-0.84598,-0.72201,12.0,0.0,-0.059306,0.636031,0.017425,-23.628356,1.0,6.0,0.997604,10.580492,0.0,0.0,0.9772,1
3.581659,14.488134,12.0,0.0,0.320588,0.298714,0.036099,-1.110007,1.0,0.0,0.999624,10.489929,0.0,0.0,0.025,0
1.057933,9.847886,12.0,0.0,0.264235,0.723788,0.033805,0.312143,1.0,0.0,0.999008,10.057651,0.0,0.0,0.057,0
2.952178,4.460262,12.0,0.0,0.056595,0.28942,0.03673,10.670958,1.0,0.0,0.996781,10.947278,0.0,0.0,0.084,0
1.132009,1.946631,1.554663,0.106314,0.165283,0.654649,0.090288,-19.050834,1.0,0.0,0.999313,9.679207,0.0,0.0,0.9653,1
2.805381,11.622618,12.0,0.0,0.278756,0.038375,0.042545,-3.248159,1.0,0.0,0.753156,10.569603,0.0,0.0,0.0387,0
1.046107,11.701953,12.0,0.0,0.314559,0.058967,0.015747,8.678583,1.0,0.0,0.991736,11.431247,0.0,0.0,0.0918,0
2.616767,9.339104,12.0,0.0,0.226309,0.101752,0.096458,12.585183,1.0,0.0,0.847766,11.097204,0.0,0.0,0.0261,0
4.826851,17.807487,4.300605,0.110756,0.476317,0.129252,0.06733,-18.886932,1.0,0.0,0.982125,11.524626,0.0,0.0,0.1326,0
2.531909,7.314262,2.256038,0.133704,0.301641,0.115243,0.068061,17.144435,1.0,0.0,0.983748,10.399795,0.0,0.0,0.0264,0
2.525718,11.256413,6.411948,0.050433,0.323376,0.063479,0.054837,7.368626,1.0,0.0,0.930078,11.570224,0.0,0.0,0.0249,0
1.317391,12.770124,10.036263,0.038143,0.382818,0.600903,0.038918,23.739992,1.0,0.0,0.997422,10.284782,0.0,0.0,0.2065,0
3.536926,5.356755,1.483257,0.195302,0.289684,0.622507,0.040898,-14.502861,1.0,0.0,0.999252,10.427011,0.0,0.0,0.0747,0
5.344498,8.711228,12.0,0.0,0.134708,0.435454,0.070706,-44.424768,1.0,0.0,0.972473,9.520816,0.0,0.0,0.5328,0
3.392671,14.039173,12.0,0.0,0.334926,0.584228,0.09762,12.518463,1.0,0.0,0.998521,11.547515,0.0,0.0,0.0265,0
-1.413404,3.752063,4.34694,0.037028,0.16096,0.406234,0.372764,3.900708,-0.149878,6.0,0.961992,10.743793,1.0,54.469697,0.7132,0
4.477477,7.865669,2.041729,0.138293,0.282357,0.595816,0.037127,-2.642867,1.0,0.0,0.999241,10.529239,0.0,0.0,0.0237,0
0.157158,0.376207,12.0,0.0,-0.066765,0.738384,0.09344,-5.686148,1.0,0.0,0.991018,10.987846,0.0,0.0,0.1129,0
2.366393,3.192936,1.068313,0.090778,0.096979,0.605429,0.041548,14.568631,1.0,0.0,0.998849,10.46246,0.0,0.0,0.0655,0
2.193086,7.024728,12.0,0.0,0.180534,0.621607,0.060581,30.592856,1.0,0.0,0.995208,11.894516,0.0,0.0,0.0265,0
0.600897,4.610603,2.59166,0.089849,0.232859,0.157278,0.060845,24.972423,1.0,0.0,0.827463,11.00829,0.0,0.0,0.1742,0
2.091213,5.86943,12.0,0.0,0.125294,0.846471,1.006923,22.233264,1.0,0.0,0.630171,10.539337,0.0,0.0,0.3671,1
0.94931,5.941244,12.0,0.0,0.194872,0.589992,0.03946,-1.152937,1.0,0.0,0.999982,10.63546,0.0,0.0,0.4727,0
2.483594,6.430872,2.587183,0.091331,0.23629,0.071864,0.064637,3.954036,1.0,0.0,0.933566,11.213973,0.0,0.0,0.027,0
-0.873678,1.657353,12.0,0.0,0.050409,0.718907,0.059713,-1.469797,1.0,7.0,0.997562,11.426464,0.0,0.0,0.3485,0
1.062808,10.215873,2.338189,0.192231,0.449473,0.717488,0.054928,-4.903248,1.0,0.0,0.995636,10.896841,0.0,0.0,0.0351,0
2.789829,2.789829,0.950575,0.137948,0.13113,0.077086,0.074675,-7.733877,1.0,0.0,0.967754,11.298984,0.0,0.0,0.0856,0
2.085429,11.277438,12.0,0.0,0.284212,0.030979,0.03904,2.189376,1.0,0.0,0.538147,10.266542,0.0,0.0,0.0229,1
0.456451,2.172743,12.0,0.0,0.073476,0.113396,0.028987,-18.66594,1.0,0.0,0.904467,11.076154,0.0,0.0,0.9664,1
0.768612,4.441988,2.154414,0.072757,0.15675,0.341011,0.31005,-2.048564,-0.1082,0.0,0.962247,11.048053,1.0,55.489209,0.0514,0
2.639766,4.685633,1.692022,0.100692,0.170374,0.738934,0.665659,9.85583,1.0,0.0,0.999567,10.179419,0.0,0.0,0.1965,0
0.497556,0.509613,1.006319,0.102081,0.102726,0.041164,0.032421,-4.576264,1.0,0.0,0.819843,11.820642,0.0,0.0,0.5342,1
2.863628,3.602849,12.0,0.0,0.031529,0.314696,0.059419,-12.15769,1.0,0.0,0.997671,11.250536,0.0,0.0,0.1318,0
2.700945,13.665928,12.0,0.0,0.32156,1.111095,0.025103,-13.716921,1.0,0.0,0.999183,10.013701,0.0,0.0,0.0617,0
1.352521,1.745446,12.0,0.0,0.016661,0.287131,0.057853,-10.197467,1.0,0.0,0.991318,11.186456,0.0,0.0,0.2605,0
2.69243,8.157975,12.0,0.0,0.18938,0.273216,0.105612,2.85566,1.0,0.0,0.984629,11.096186,0.0,0.0,0.0273,0
2.515118,10.457195,12.0,0.0,0.254453,0.132358,0.099596,21.586005,1.0,0.0,0.743391,11.385841,0.0,0.0,0.0266,0
-0.438138,0.249099,12.0,0.0,-0.052086,0.363598,0.445757,22.827201,-0.157862,9.0,0.903472,11.267938,1.0,54.442029,0.2158,0
2.391104,11.475684,12.0,0.0,0.280089,0.11051,0.01679,19.590635,1.0,0.0,0.997557,10.366999,0.0,0.0,0.0218,0
0.637668,7.417262,2.606851,0.141644,0.369244,0.044264,0.063289,1.418589,1.0,0.0,0.978931,11.46624,0.0,0.0,0.1614,0
2.124086,3.235151,12.0,0.0,0.047246,0.320719,0.043298,-16.975877,1.0,0.0,0.995295,11.784078,0.0,0.0,0.143,0
4.148603,11.065397,3.379109,0.106892,0.3612,0.609267,0.050348,-11.671312,1.0,0.0,0.999021,10.062751,0.0,0.0,0.059,0
4.147017,7.901866,2.436696,0.09726,0.236993,0.324421,0.064064,-6.715397,1.0,0.0,0.999817,11.510984,0.0,0.0,0.0834,0
3.125133,16.303011,12.0,0.0,0.352067,0.573909,0.55656,31.401728,1.0,0.0,0.897638,10.966732,0.0,0.0,0.2744,0
4.454127,15.08282,12.0,0.0,0.319383,0.107366,0.023217,-18.097986,1.0,0.0,0.892775,10.437132,0.0,0.0,0.1064,0
2.779075,3.422859,1.310216,0.072652,0.095189,0.284236,0.046856,6.98812,1.0,0.0,0.997606,11.12541,0.0,0.0,0.0836,0
1.5647,6.957457,12.0,0.0,0.187903,0.327382,0.079396,6.006622,1.0,0.0,0.999744,11.433623,0.0,0.0,0.0325,0
4.131189,16.077244,4.814733,0.09127,0.439441,0.671375,0.038973,61.541312,1.0,0.0,0.9795,11.071051,0.0,0.0,0.0254,0
1.225358,4.760817,12.0,0.0,0.139206,0.158315,0.070044,-23.353451,1.0,0.0,0.901544,9.978882,0.0,0.0,0.9344,1
3.482515,12.153793,7.223421,0.042959,0.310314,1.137483,0.069912,19.357503,1.0,0.0,0.999191,10.770449,0.0,0.0,0.0265,0
2.787779,17.651672,12.0,0.0,0.390351,0.29723,0.022774,11.581067,1.0,0.0,0.997583,11.121499,0.0,0.0,0.0227,1
-2.758389,-2.758389,12.0,0.0,-0.172219,1.121012,0.028369,-17.29441,1.0,13.0,0.998695,10.096684,0.0,0.0,0.8425,1
1.867585,7.250338,12.0,0.0,0.197606,0.604269,0.027784,28.740988,1.0,0.0,0.995605,11.301417,0.0,0.0,0.0308,0
0.922524,10.868247,3.522235,0.110994,0.390947,0.720797,0.046647,-2.307687,1.0,0.0,0.999293,9.444456,0.0,0.0,0.0785,0
0.260296,18.231802,12.0,0.0,0.42714,0.739066,0.037322,23.54224,1.0,0.0,0.984577,11.396914,0.0,0.0,0.1527,0
3.311005,7.314939,4.944426,0.036831,0.182109,0.292671,0.039935,12.109758,1.0,0.0,0.997587,10.505148,0.0,0.0,0.0251,0
3.044984,4.599761,2.345648,0.041919,0.098328,1.081002,0.038278,8.05986,1.0,0.0,0.999852,10.422229,0.0,0.0,0.0235,0
-0.170279,7.107167,3.587409,0.078586,0.281922,0.471701,0.384322,32.041944,0.321725,2.0,0.904771,11.302226,1.0,54.543307,0.0571,0
0.484515,1.265024,1.288578,0.02974,0.038322,1.081593,0.054622,25.51987,1.0,0.0,0.998396,10.74729,0.0,0.0,0.0935,0
1.815395,3.186525,1.915638,0.062057,0.118878,0.047654,0.046086,-3.338614,1.0,0.0,0.946395,11.304462,0.0,0.0,0.0515,0
2.318825,7.284735,3.856201,0.052362,0.20192,0.722955,0.122718,5.699677,1.0,0.0,0.977739,10.859847,0.0,0.0,0.0272,0
4.555933,10.506045,3.403982,0.092447,0.314689,0.594634,0.03997,14.344326,1.0,0.0,0.99954,10.75743,0.0,0.0,0.0246,0
1.609272,4.701309,5.183393,0.028273,0.146548,0.071567,0.081641,1.083482,1.0,0.0,0.937101,10.278388,0.0,0.0,0.036,0
0.817762,4.054492,12.0,0.0,0.105802,0.76682,0.535173,14.419886,1.0,0.0,0.94372,11.265182,0.0,0.0,0.4576,0
1.63786,4.761292,12.0,0.0,0.118618,0.756237,1.095002,-13.787918,1.0,0.0,0.839461,10.367726,0.0,0.0,0.2681,0
3.032697,5.33515,12.0,0.0,0.107879,0.640088,0.61379,-21.647534,1.0,0.0,0.994116,10.103627,0.0,0.0,0.2692,0
1.860406,1.860406,0.284513,0.164852,0.046902,0.130188,0.074434,-20.380279,1.0,0.0,0.924605,9.976666,0.0,0.0,0.3979,0
4.495188,11.781317,12.0,0.0,0.257906,0.597668,0.033402,-2.557885,1.0,0.0,0.999899,9.664576,0.0,0.0,0.029,0
3.62095,6.57755,12.0,0.0,0.122057,0.585805,0.071888,12.129918,1.0,0.0,0.999168,11.072636,0.0,0.0,0.0353,0
-1.971786,-1.971786,0.232712,0.227877,0.05303,1.142849,0.02207,-19.268035,1.0,8.0,0.998418,10.284169,0.0,0.0,0.4161,0
0.906253,0.906253,0.416787,0.172865,0.072048,0.737408,0.131304,-14.593194,1.0,0.0,0.983164,9.900939,0.0,0.0,0.2175,1
0.996796,1.00098,0.949733,0.118147,0.112208,0.09572,0.110865,-1.007233,1.0,0.0,0.978144,11.777606,0.0,0.0,0.1399,1
3.604167,7.792585,2.961804,0.06571,0.19462,0.718605,0.748294,77.101601,1.0,0.0,0.796652,10.436808,0.0,0.0,0.4285,0
0.015821,0.015821,12.0,0.0,-0.263882,1.068337,0.045827,1.582669,1.0,0.0,0.999952,10.35778,0.0,0.0,0.0779,0
3.122801,18.023681,6.555618,0.071048,0.465762,0.065691,0.043515,-8.726035,1.0,0.0,0.989943,10.208642,0.0,0.0,0.0568,0
0.904641,4.467241,12.0,0.0,0.147241,0.594357,0.038727,10.671503,1.0,0.0,0.999078,10.95458,0.0,0.0,0.1833,0
-0.127609,-0.127609,-2.62914,0.042408,-0.111497,1.128223,0.045079,-0.339685,1.0,1.0,0.999947,10.415184,0.0,0.0,0.0469,0
-0.506325,-0.372819,12.0,0.0,-0.077041,0.634723,0.058091,-25.960624,1.0,4.0,0.995473,10.134515,0.0,0.0,0.7247,1
2.944454,8.224485,12.0,0.0,0.184649,0.064228,0.063556,2.648794,1.0,0.0,0.961674,11.243245,0.0,0.0,0.0259,0
2.992522,8.615751,4.155044,0.054,0.224371,0.723081,0.080412,1.274738,1.0,0.0,0.995061,10.659158,0.0,0.0,0.026,0
2.139768,12.00773,3.218187,0.132829,0.427467,1.087076,0.045288,26.627328,1.0,0.0,0.997875,10.737493,0.0,0.0,0.0225,0
0.398927,0.398927,12.0,0.0,-0.026225,0.049544,0.032753,-7.480875,1.0,0.0,0.719644,11.03513,0.0,0.0,0.4785,1
0.191675,0.191675,-0.953743,0.064769,-0.061773,0.282118,0.062477,0.795949,1.0,0.0,0.99878,11.838502,0.0,0.0,0.6483,1
-1.706139,-1.706139,-0.433425,0.214115,-0.092803,0.718332,0.771503,-24.539491,1.0,8.0,0.555522,10.985113,0.0,0.0,0.7324,0
-1.172474,-1.172474,12.0,0.0,-0.096168,0.717395,0.087207,-11.811709,1.0,15.0,0.986736,9.796286,0.0,0.0,0.6176,1
1.722146,12.469219,5.67959,0.071239,0.404607,0.616593,0.064531,22.913963,1.0,0.0,0.99727,11.363735,0.0,0.0,0.1462,0
2.961423,9.800948,12.0,0.0,0.22586,0.145625,0.022641,24.715094,1.0,0.0,0.729356,11.816021,0.0,0.0,0.0221,0
4.498194,6.051671,1.375634,0.157974,0.217315,1.116157,0.084433,-7.026633,1.0,0.0,0.999901,9.998076,0.0,0.0,0.0652,0
0.175516,0.175516,-0.499677,0.124506,-0.062213,0.739067,0.034559,13.281846,1.0,0.0,0.992333,9.511903,0.0,0.0,0.5469,1
1.130993,15.44912,12.0,0.0,0.369273,0.744368,0.072994,14.864496,1.0,0.0,0.990207,11.414331,0.0,0.0,0.0408,0
1.945037,7.434715,2.673331,0.11058,0.295617,0.857615,0.816869,17.725902,1.0,0.0,0.91074,12.393692,0.0,0.0,0.6891,1
2.518045,3.970213,12.0,0.0,0.087908,0.628187,0.047216,-22.070275,1.0,0.0,0.996796,10.180506,0.0,0.0,0.2292,0
1.836055,7.998713,2.742464,0.119504,0.327735,0.364207,0.102813,-11.047179,1.0,0.0,0.992428,9.647169,0.0,0.0,0.0842,0
0.47622,4.848519,12.0,0.0,0.16054,0.086852,0.08044,-3.398316,1.0,0.0,0.976859,10.686619,0.0,0.0,0.2088,1
-3.48974,-3.48974,-0.494481,0.180515,-0.089261,0.360507,0.454888,18.77985,-0.281458,23.0,0.830099,11.794372,1.0,55.25,0.3577,1
2.613346,8.646057,2.58599,0.129077,0.333792,0.324714,0.080714,-1.63215,1.0,0.0,0.9992,10.737154,0.0,0.0,0.0333,0
0.683625,0.683625,0.098431,0.216496,0.02131,0.276144,0.021123,-47.89568,1.0,0.0,0.764745,10.509787,0.0,0.0,0.6295,1
-1.337499,-1.337499,0.4495,0.128886,0.057934,0.299511,0.068793,6.384878,1.0,22.0,0.99746,10.657586,0.0,0.0,0.6845,1
2.466843,4.657394,2.575989,0.056747,0.14618,0.064913,0.056629,-5.422036,1.0,0.0,0.927595,10.70047,0.0,0.0,0.055,0
1.723562,6.716308,12.0,0.0,0.206401,0.620562,0.058726,-19.445824,1.0,0.0,0.99824,10.752173,0.0,0.0,0.9078,0
4.859975,29.840936,12.0,0.0,0.535776,0.60671,0.045866,-10.122755,1.0,0.0,0.999347,10.765708,0.0,0.0,0.0482,0
2.186286,4.256946,1.646739,0.113359,0.186673,0.654514,0.616958,-17.426247,1.0,0.0,0.697992,10.510719,0.0,0.0,0.4295,0
1.870109,16.610697,4.299306,0.11864,0.510068,0.040539,0.026713,-6.099814,1.0,0.0,0.756519,10.522144,0.0,0.0,0.1089,1
3.546225,5.10895,1.623114,0.088875,0.144254,1.139406,0.05347,21.485485,1.0,0.0,0.998721,10.447874,0.0,0.0,0.0234,0
3.015786,14.922535,3.65305,0.131728,0.481209,0.617393,0.069967,38.238091,1.0,0.0,0.991652,10.464414,0.0,0.0,0.0236,0
4.945285,13.474991,12.0,0.0,0.293435,0.623073,0.10399,-13.927822,1.0,0.0,0.999181,10.908254,0.0,0.0,0.1208,0
3.42265,3.966458,12.0,0.0,0.016014,0.614064,0.057912,-10.232429,1.0,0.0,0.998806,9.927822,0.0,0.0,0.0866,0
-1.297999,-1.297999,-1.733865,0.076189,-0.132101,1.127437,0.078353,2.814524,1.0,5.0,0.999999,10.388173,0.0,0.0,0.0525,1
3.975544,16.636519,12.0,0.0,0.338207,0.703665,0.070383,-0.23537,1.0,0.0,0.991227,11.178097,0.0,0.0,0.0239,0
3.281133,4.299596,1.450663,0.082217,0.119269,0.319285,0.087188,15.288281,1.0,0.0,0.992028,11.703351,0.0,0.0,0.0933,0
3.636705,11.703786,5.869895,0.052405,0.30761,0.300134,0.020133,21.873276,1.0,0.0,0.994415,12.101944,0.0,0.0,0.0222,0
0.064163,3.551205,12.0,0.0,0.069301,0.416706,0.512505,19.958796,-0.132424,0.0,0.621951,11.025765,1.0,54.208955,0.098,0
3.418344,7.916921,12.0,0.0,0.161348,0.303123,0.064372,16.56669,1.0,0.0,0.997835,11.300894,0.0,0.0,0.0452,0
1.70321,8.393113,12.0,0.0,0.225877,0.295333,0.067565,-8.882309,1.0,0.0,0.987223,10.747946,0.0,0.0,0.0818,0
5.62829,11.616245,2.808562,0.13273,0.37278,0.662068,0.066632,-21.85278,1.0,0.0,0.995862,10.799853,0.0,0.0,0.1439,1
2.291498,20.451933,12.0,0.0,0.45221,0.610766,0.026348,16.859743,1.0,0.0,0.998907,10.589687,0.0,0.0,0.0984,0
1.73379,23.160096,7.498141,0.073758,0.553048,0.071791,0.074445,4.758424,1.0,0.0,0.759004,10.719638,0.0,0.0,0.0578,1
1.729694,10.818116,12.0,0.0,0.308082,0.614762,0.022992,-13.753907,1.0,0.0,0.998652,10.251452,0.0,0.0,0.9195,1
4.923133,15.206174,12.0,0.0,0.306027,1.107593,0.125448,-19.258906,1.0,0.0,0.998669,10.241217,0.0,0.0,0.1211,0
0.743977,0.743977,12.0,0.0,-0.144547,0.679829,0.021446,-41.275614,1.0,0.0,0.989792,10.073915,0.0,0.0,0.4526,0
0.995231,7.04787,3.803947,0.072647,0.276347,0.288918,0.024077,14.59943,1.0,0.0,0.999015,11.029691,0.0,0.0,0.059,0
3.19033,19.275458,12.0,0.028437,0.439711,0.019302,0.024153,0.669267,1.0,0.0,0.557767,11.066769,0.0,0.0,0.0216,0
3.206098,8.907964,2.294746,0.172361,0.395525,0.596654,0.063345,-5.390022,1.0,0.0,0.99983,10.48181,0.0,0.0,0.0431,0
1.632745,9.619365,3.122483,0.122992,0.38404,0.083181,0.061086,-12.384944,1.0,0.0,0.971471,11.490654,0.0,0.0,0.3002,1
3.893058,10.465683,12.0,0.018657,0.248045,0.608085,0.034292,37.441108,1.0,0.0,0.991741,10.606433,0.0,0.0,0.0253,0
3.284857,16.077736,7.393919,0.055817,0.412705,0.07907,0.0748,-5.674896,1.0,0.0,0.882359,10.11656,0.0,0.0,0.0444,0
3.287946,16.646488,4.960603,0.092343,0.458076,0.061097,0.074752,1.798125,1.0,0.0,0.763412,11.250073,0.0,0.0,0.0247,0
2.644565,11.024536,3.357639,0.116493,0.391142,0.614841,0.045467,38.880542,1.0,0.0,0.994079,10.686146,0.0,0.0,0.0251,0
1.520522,10.03222,12.0,0.0,0.263914,0.26865,0.030126,46.094308,1.0,0.0,0.694629,11.463146,0.0,0.0,0.031,0
2.848654,4.971156,12.0,0.0,0.067029,0.61441,0.056476,22.10792,1.0,0.0,0.996455,11.012,0.0,0.0,0.0602,0
3.116667,21.791601,12.0,0.0,0.447642,0.0515,0.068588,-1.38425,1.0,0.0,0.442113,10.831755,0.0,0.0,0.0317,0
3.257064,3.290178,12.0,0.0,0.005034,0.106225,0.039811,-17.080837,1.0,0.0,0.941779,11.276383,0.0,0.0,0.173,0
1.520407,2.851052,2.764311,0.029192,0.080695,0.304306,0.05755,6.961138,1.0,0.0,0.997292,10.992743,0.0,0.0,0.0567,0
4.009716,10.217375,12.0,0.0,0.23454,0.670948,0.07796,-38.231638,1.0,0.0,0.992654,11.486708,0.0,0.0,0.3119,0
4.742793,5.921935,1.758811,0.077478,0.13627,0.429784,0.018877,-45.10975,1.0,0.0,0.981276,11.188057,0.0,0.0,0.5061,0
1.095872,3.139948,1.579431,0.139894,0.220953,0.07816,0.086222,5.94872,1.0,0.0,0.753138,10.728746,0.0,0.0,0.0822,0
1.121101,1.803511,12.0,0.0,0.020804,0.568382,0.108971,-4.996914,1.0,0.0,0.999855,10.788958,0.0,0.0,0.0987,0
-4.836796,-4.836796,-1.273303,0.216199,-0.275287,1.108054,0.054185,-3.168299,1.0,15.0,0.999963,10.973276,0.0,0.0,0.4829,0
0.642129,6.411577,4.965988,0.050466,0.250615,0.02719,0.025627,1.248262,1.0,0.0,0.868664,11.259868,0.0,0.0,0.1434,0
-0.740643,0.110256,-0.145765,0.030192,-0.004401,0.738748,0.073301,-0.543931,1.0,8.0,0.99276,10.39243,0.0,0.0,0.1395,0
2.292747,5.052734,12.0,0.0,0.12229,0.601369,0.066159,2.632456,1.0,0.0,0.999996,10.492109,0.0,0.0,0.0269,0
-1.431468,-0.940965,0.534833,0.099985,0.053475,0.592748,0.028762,13.457615,1.0,19.0,0.999108,11.745903,0.0,0.0,0.6491,1
-0.927298,-0.893375,-0.625706,0.049004,-0.030662,1.049475,0.079105,21.580858,1.0,10.0,0.99851,10.154396,0.0,0.0,0.0983,0
0.99978,21.572381,12.0,0.0,0.470453,0.111054,0.040004,17.720777,1.0,0.0,0.554403,11.645788,0.0,0.0,0.1728,0
1.670427,1.827056,0.607734,0.227617,0.138331,0.730412,0.052404,-13.733491,1.0,0.0,0.991856,9.696779,0.0,0.0,0.1227,0
0.152214,0.152214,12.0,0.0,-0.049147,1.167706,0.137837,-28.331771,1.0,0.0,0.994913,9.993759,0.0,0.0,0.7336,0
3.400096,15.1604,12.0,0.0,0.33436,0.175452,0.039729,30.465406,1.0,0.0,0.952531,12.336167,0.0,0.0,0.024,0
1.043054,8.885759,12.0,0.0,0.253195,0.342138,0.070251,-13.172658,1.0,0.0,0.999857,11.052032,0.0,0.0,0.8318,0
0.887252,0.887252,1.157454,0.168816,0.195397,0.642999,0.434345,-68.030943,1.0,0.0,0.951501,9.810279,0.0,0.0,1.0,1
3.763373,18.84272,4.885365,0.101267,0.494724,0.076965,0.068921,9.31098,1.0,0.0,0.900915,11.731568,0.0,0.0,0.0252,0
2.720847,2.720847,0.498778,0.114248,0.056984,0.093452,0.02921,-14.832213,1.0,0.0,0.985758,11.429932,0.0,0.0,0.1623,1
1.410661,1.949158,1.409144,0.058493,0.082425,0.048028,0.032959,-5.494015,1.0,0.0,0.966249,11.534031,0.0,0.0,0.124,1
3.842163,5.482365,12.0,0.0,0.060603,1.053107,0.028712,12.5697,1.0,0.0,0.999452,10.486552,0.0,0.0,0.023,0
2.319389,6.081842,12.0,0.0,0.156224,0.571107,0.072624,10.198602,1.0,0.0,0.998658,10.701466,0.0,0.0,0.0276,0
-0.120703,3.625855,3.50503,0.045395,0.15911,0.739556,0.092458,6.224866,1.0,2.0,0.984643,10.620388,0.0,0.0,0.131,0
2.479967,13.7631,12.0,0.0,0.324077,0.328472,0.063716,29.042423,1.0,0.0,0.999011,11.214393,0.0,0.0,0.0271,0
5.465966,18.381911,12.0,0.0,0.379536,0.612522,0.036449,-6.806808,1.0,0.0,0.999742,10.595795,0.0,0.0,0.0361,0
-2.03452,-2.03452,-0.343384,0.122926,-0.042211,0.664355,0.039549,-36.781106,1.0,8.0,0.993891,9.981172,0.0,0.0,0.9371,1
0.274388,3.813276,12.0,0.0,0.127421,0.329704,0.043729,28.095697,1.0,0.0,0.992336,11.63938,0.0,0.0,0.3538,1
1.505792,12.853496,3.083202,0.158314,0.488114,0.300881,0.092651,-10.770199,1.0,0.0,0.997852,10.510338,0.0,0.0,0.1864,0
3.107508,16.297388,7.912185,0.052933,0.418812,0.071536,0.053348,-6.677911,1.0,0.0,0.972743,9.916469,0.0,0.0,0.0376,0
0.512903,10.297225,12.0,0.0,0.273113,0.725768,0.082647,-0.796458,1.0,0.0,0.992451,10.980504,0.0,0.0,0.1224,0
1.616921,1.7276,12.0,0.0,0.008189,0.129155,0.032599,-23.134588,1.0,0.0,0.930644,10.931741,0.0,0.0,0.5348,0
3.313524,10.15897,3.167453,0.103741,0.328596,0.289667,0.086018,22.648713,1.0,0.0,0.984031,11.513923,0.0,0.0,0.0266,0
0.343804,1.825462,1.533645,0.12313,0.188838,0.1586,0.061994,-23.303525,1.0,0.0,0.990362,9.798918,0.0,0.0,0.9972,1
4.285125,25.140697,12.0,0.031449,0.522857,0.619081,0.103598,-2.198817,1.0,0.0,0.999487,9.708841,0.0,0.0,0.0264,0
0.195997,2.428151,12.0,0.0,0.082423,0.734457,0.932766,-29.552404,1.0,0.0,0.822657,10.777352,0.0,0.0,0.8666,1
3.05103,22.112132,12.0,0.0,0.464616,0.626448,0.076384,31.324902,1.0,0.0,0.994217,10.779036,0.0,0.0,0.0341,0
0.745376,10.158089,12.0,0.0,0.245942,0.463017,0.611433,44.697951,0.313621,0.0,0.91139,10.370106,1.0,54.120301,0.0271,0
2.43452,4.385967,1.238755,0.156615,0.194007,0.723793,0.037026,5.103869,1.0,0.0,0.995264,11.616795,0.0,0.0,0.0222,0
1.070754,10.167672,12.0,0.0,0.272338,0.780595,0.688283,-30.537047,1.0,0.0,0.992151,11.01254,0.0,0.0,0.4085,0
0.599122,10.883215,12.0,0.0,0.297846,0.725889,0.052938,17.896156,1.0,0.0,0.996831,11.103226,0.0,0.0,0.0966,0
3.670359,8.417833,12.0,0.0,0.169389,0.295497,0.082782,-6.50518,1.0,0.0,0.999403,9.87034,0.0,0.0,0.0447,0
-1.385359,-1.385359,12.0,0.0,-0.091254,0.147076,0.045604,-24.241913,1.0,10.0,0.704364,10.428943,0.0,0.0,0.9925,1
2.388518,7.621834,12.0,0.0,0.182544,0.113885,0.060732,14.182877,1.0,0.0,0.984407,10.816659,0.0,0.0,0.0308,0
3.322599,12.340971,2.95209,0.150275,0.443624,0.598306,0.025384,22.922616,1.0,0.0,0.997488,10.78362,0.0,0.0,0.0222,0
4.206651,18.013072,12.0,0.0,0.381752,0.668513,0.730472,-23.879696,1.0,0.0,0.866099,10.777562,0.0,0.0,0.3792,0
1.369689,9.318028,12.0,0.0,0.20305,0.509245,0.504286,40.401746,0.307609,0.0,0.977473,10.625022,1.0,53.485294,0.0242,0
3.584985,23.974989,12.0,0.020192,0.495138,0.690029,0.699021,13.116079,1.0,0.0,0.843765,10.591477,0.0,0.0,0.3769,0
2.344552,13.745886,12.0,0.015366,0.341019,0.206666,0.046721,35.912542,1.0,0.0,0.831775,10.671888,0.0,0.0,0.0245,0
2.004938,5.27742,12.0,0.0,0.127009,0.06279,0.06418,-5.841598,1.0,0.0,0.899224,11.51904,0.0,0.0,0.0441,0
2.506361,5.423292,2.439947,0.082775,0.201966,0.166863,0.020052,-28.47447,1.0,0.0,0.860344,9.580688,0.0,0.0,0.2259,0
-1.552288,-1.552288,0.361966,0.135388,0.049006,0.093884,0.096396,9.045263,1.0,21.0,0.751982,11.924665,0.0,0.0,0.7617,1
2.952124,15.314436,12.0,0.0,0.348218,0.097114,0.083695,15.679902,1.0,0.0,0.875811,10.744772,0.0,0.0,0.0254,0
-0.20587,16.689783,4.000452,0.131993,0.52803,0.392632,0.549759,43.396304,0.55103,2.0,0.778301,10.853787,1.0,54.924812,0.0604,0
4.110345,9.752532,4.416946,0.058274,0.257392,0.078614,0.027245,-13.502431,1.0,0.0,0.854816,10.205209,0.0,0.0,0.0799,0
3.233191,4.123171,12.0,0.0,0.01227,0.609494,0.046039,15.523722,1.0,0.0,0.998814,12.000007,0.0,0.0,0.069,0
2.099971,5.019514,2.689203,0.063019,0.169471,0.225353,0.051948,38.725335,1.0,0.0,0.989104,11.842973,0.0,0.0,0.15,0
2.332385,28.629078,12.0,0.0,0.532151,0.073878,0.066189,5.026419,1.0,0.0,0.947115,10.941878,0.0,0.0,0.0363,0
-1.155255,-0.027589,0.672736,0.072883,0.049031,0.356923,0.343889,2.505338,-0.153482,18.0,0.987487,10.013566,1.0,54.8125,0.9591,1
4.763317,22.662228,12.0,0.0,0.437857,0.020482,0.020921,-0.980823,1.0,0.0,0.691415,10.751965,0.0,0.0,0.022,0
-3.228221,-3.228221,-0.531205,0.2325,-0.123505,1.104004,0.020829,-1.172221,1.0,11.0,0.999989,10.060235,0.0,0.0,0.0525,0
0.107699,0.758731,0.29099,0.139771,0.040672,0.732339,0.040841,17.445668,1.0,0.0,0.991724,11.603019,0.0,0.0,0.2352,1
5.937585,29.124452,12.0,0.0,0.512056,0.591249,0.039165,15.173414,1.0,0.0,0.99926,11.205823,0.0,0.0,0.0226,0
2.009348,11.999406,12.0,0.0,0.306381,0.138776,0.030315,-23.288337,1.0,0.0,0.998612,10.042084,0.0,0.0,0.5868,1
2.597257,10.131067,6.343807,0.048912,0.310286,0.611154,0.049096,21.934606,1.0,0.0,0.998354,11.381821,0.0,0.0,0.0248,0
1.722111,12.708077,12.0,0.0,0.323817,0.070252,0.050946,-1.672412,1.0,0.0,0.952057,10.445567,0.0,0.0,0.165,0
-1.882345,-1.768344,-0.579186,0.079537,-0.046067,0.616113,0.035497,-17.847492,1.0,10.0,0.998439,10.695612,0.0,0.0,0.8608,1
1.852678,9.646125,3.060677,0.120811,0.369763,0.165184,0.081204,25.540683,1.0,0.0,0.784974,11.388331,0.0,0.0,0.0255,0
3.693242,4.922246,2.043636,0.048244,0.098593,0.077509,0.068826,1.337219,1.0,0.0,0.938256,10.430163,0.0,0.0,0.058,1
-2.346333,-2.346333,-1.274705,0.118977,-0.151661,1.084546,0.045503,-21.699171,1.0,6.0,0.997447,11.121725,0.0,0.0,0.1449,0
1.535668,12.238218,12.0,0.020715,0.350342,0.608156,0.038698,13.856856,1.0,0.0,0.998756,10.995999,0.0,0.0,0.1502,0
2.0095,16.282478,12.0,0.0,0.382618,0.327638,0.041745,-13.512964,1.0,0.0,0.999596,10.537381,0.0,0.0,0.2684,1
0.575785,1.77987,1.542292,0.072299,0.111507,0.149083,0.056017,24.730716,1.0,0.0,0.969364,10.96808,0.0,0.0,0.4913,0
3.307651,8.079699,12.0,0.0,0.177877,0.169749,0.072204,-26.58845,1.0,0.0,0.968006,10.751227,0.0,0.0,0.2508,0
1.721133,17.53932,12.0,0.0,0.401265,0.746164,0.532467,-40.582205,1.0,0.0,0.982393,11.086946,0.0,0.0,0.3651,0
2.683955,8.673767,3.011264,0.10331,0.311094,0.048547,0.046707,-3.674378,1.0,0.0,0.758307,9.793967,0.0,0.0,0.0495,0
-0.351756,12.406526,6.048955,0.063816,0.386018,0.47166,0.462356,46.624865,0.473314,1.0,0.742307,11.18596,1.0,55.658915,0.05,0
2.385942,12.699758,12.0,0.0,0.307068,1.125618,0.024371,-3.091846,1.0,0.0,0.999985,10.051935,0.0,0.0,0.0537,0
-2.533713,-2.518519,12.0,0.0,-0.146161,0.660435,0.048636,-33.689638,1.0,14.0,0.994089,9.687657,0.0,0.0,0.9979,1
4.657237,11.670578,12.0,0.0,0.250943,0.623845,0.055554,-14.85053,1.0,0.0,0.999084,9.808279,0.0,0.0,0.0978,0
-0.318049,-0.318049,0.022929,0.260379,0.00597,1.170769,0.055376,-16.765062,1.0,2.0,0.998976,10.35558,0.0,0.0,0.1011,0
-0.43959,2.429005,1.453207,0.099133,0.144061,0.443745,0.303495,-1.045554,-0.109804,2.0,0.992797,11.28952,1.0,56.986395,0.885,1
3.659464,9.801249,5.213973,0.050016,0.26078,0.305264,0.050387,-10.768053,1.0,0.0,0.995521,10.551675,0.0,0.0,0.0839,0
3.847814,15.507033,12.0,0.0,0.335988,0.090574,0.076768,-7.666399,1.0,0.0,0.828871,10.596398,0.0,0.0,0.0401,0
4.667849,28.732875,12.0,0.0,0.511324,0.055389,0.060227,-6.501195,1.0,0.0,0.910961,11.274545,0.0,0.0,0.0379,0
-5.224772,-5.224772,-0.50267,0.221966,-0.111576,0.67252,0.024289,-38.488095,1.0,18.0,0.991294,10.677133,0.0,0.0,0.9967,1
2.233158,20.658972,12.0,0.0,0.448079,0.38644,0.028964,-36.757399,1.0,0.0,0.98614,11.059029,0.0,0.0,0.9834,1
3.491667,15.808497,12.0,0.0,0.343684,0.32852,0.101782,25.634447,1.0,0.0,0.999947,10.730365,0.0,0.0,0.0264,0
0.693736,10.40127,12.0,0.0,0.294861,0.289823,0.032804,2.571939,1.0,0.0,0.998927,11.267242,0.0,0.0,0.1474,0
2.280184,2.466427,0.358713,0.140303,0.050328,0.601936,0.047593,-12.605045,1.0,0.0,0.998801,10.155924,0.0,0.0,0.1292,0
-1.05569,-0.433006,0.423298,0.108905,0.046099,0.372948,0.483319,13.648987,-0.082343,23.0,0.965601,11.095866,1.0,57.459677,0.2293,0
-0.025833,0.515964,0.477096,0.137823,0.065755,0.720271,0.026877,-1.553697,1.0,1.0,0.999669,10.807857,0.0,0.0,0.0312,0
2.098917,9.837573,4.08394,0.083486,0.340954,0.197315,0.047094,-32.781642,1.0,0.0,0.805342,10.523867,0.0,0.0,0.7652,0
2.151113,11.965193,12.0,0.0,0.291477,0.708745,0.710537,-4.413336,1.0,0.0,0.83574,11.798287,0.0,0.0,0.2081,1
-0.259996,3.097661,12.0,0.0,0.079,0.733147,0.039428,1.555638,1.0,2.0,0.998542,10.936776,0.0,0.0,0.0686,0
3.418096,11.407653,12.0,0.0,0.25802,0.081717,0.068844,4.800838,1.0,0.0,0.875508,11.974361,0.0,0.0,0.027,0
3.142696,12.995268,12.0,0.0,0.294569,1.149579,0.09151,12.658902,1.0,0.0,0.999527,10.835806,0.0,0.0,0.0274,0
-3.243866,-3.243866,-0.728827,0.118603,-0.086441,1.179425,0.053575,-23.303434,1.0,12.0,0.997464,10.586914,0.0,0.0,0.9342,1
0.651868,1.476634,12.0,0.0,0.030812,0.093689,0.06722,11.913425,1.0,0.0,0.71387,12.549368,0.0,0.0,0.296,0
3.024271,24.725914,12.0,0.0,0.49491,0.598304,0.074693,23.707228,1.0,0.0,0.996834,12.208033,0.0,0.0,0.042,0
4.027509,12.817128,12.0,0.0,0.283807,0.623528,0.129354,27.542233,1.0,0.0,0.997965,11.313105,0.0,0.0,0.0272,0
1.892173,14.189837,8.726594,0.04482,0.391126,0.070079,0.024724,11.399993,1.0,0.0,0.986542,11.413111,0.0,0.0,0.0225,0
3.045825,3.045825,0.967164,0.225535,0.21813,1.144181,0.022735,-17.298535,1.0,0.0,0.998942,10.532071,0.0,0.0,0.1035,1
3.719485,16.766207,12.0,0.0,0.372972,0.715846,0.781995,-73.120508,1.0,0.0,0.880416,11.502612,0.0,0.0,0.7839,1
2.582561,2.582561,12.0,0.0,-0.07856,1.11671,0.025007,-12.506172,1.0,0.0,0.999508,10.400434,0.0,0.0,0.0784,0
4.943539,12.93817,4.439103,0.080394,0.356876,0.609181,0.051807,7.889465,1.0,0.0,0.999176,10.692506,0.0,0.0,0.0266,0
3.398979,16.010533,12.0,0.021368,0.372902,0.145431,0.029188,24.388078,1.0,0.0,0.756916,11.37479,0.0,0.0,0.0227,0
-0.296882,0.825918,12.0,0.0,-0.02067,0.711113,0.046169,5.078571,1.0,3.0,0.999312,11.075881,0.0,0.0,0.1065,0
2.407768,12.366856,3.514281,0.118483,0.416384,0.315335,0.081892,10.666291,1.0,0.0,0.99926,10.560772,0.0,0.0,0.0261,0
1.05195,1.162118,0.744167,0.204915,0.152491,0.661936,0.074475,-31.299639,1.0,0.0,0.99398,10.449207,0.0,0.0,0.221,0
1.436324,9.372356,12.0,0.0,0.254577,0.309928,0.047295,-0.206424,1.0,0.0,0.997791,10.37391,0.0,0.0,0.0491,0
0.933153,0.933153,0.621327,0.209873,0.1304,1.093113,0.021958,8.47543,1.0,0.0,0.999812,10.593596,0.0,0.0,0.0216,0
4.367909,24.525065,12.0,0.0,0.466261,0.091499,0.0656,10.519724,1.0,0.0,0.96169,10.905979,0.0,0.0,0.0256,0
3.572481,10.237103,5.517355,0.051768,0.285623,0.60239,0.041085,24.818106,1.0,0.0,0.997011,10.150814,0.0,0.0,0.0238,0
1.828339,6.443094,2.455296,0.112032,0.275072,0.29099,0.055631,13.638381,1.0,0.0,0.999746,11.375138,0.0,0.0,0.0272,0
4.034041,12.012443,12.0,0.0,0.263372,0.16655,0.034729,-27.524127,1.0,0.0,0.93438,9.358588,0.0,0.0,0.2461,0
3.602416,5.568405,1.851358,0.097126,0.179815,0.060686,0.027054,-8.732165,1.0,0.0,0.999183,10.051122,0.0,0.0,0.0522,0
1.106631,22.279042,12.0,0.0,0.466344,0.748532,0.074101,3.710916,1.0,0.0,0.996887,12.036606,0.0,0.0,0.0501,0
1.281255,2.824539,12.0,0.0,0.086897,0.627553,0.041807,-13.916866,1.0,0.0,0.999143,11.085564,0.0,0.0,0.8931,1
1.587341,7.544224,2.797084,0.125487,0.350998,0.596729,0.01981,-2.253741,1.0,0.0,0.999991,11.206684,0.0,0.0,0.1558,0
0.237601,9.241114,3.29697,0.117431,0.387168,0.630901,0.858638,25.160557,1.0,0.0,0.707156,11.568712,0.0,0.0,0.5946,0
0.784219,16.946285,12.0,0.0,0.405535,0.640667,0.750613,19.663556,1.0,0.0,0.94698,11.453779,0.0,0.0,0.599,0
4.285769,15.793513,12.0,0.0,0.35228,0.608192,0.053907,-0.271593,1.0,0.0,0.999985,10.219938,0.0,0.0,0.0245,0
2.637311,6.155462,12.0,0.0,0.128147,0.311148,0.035248,19.011035,1.0,0.0,0.998444,11.005505,0.0,0.0,0.0553,0
2.968988,4.848934,1.119653,0.174298,0.195153,0.726584,0.023357,-6.348895,1.0,0.0,0.998227,10.181791,0.0,0.0,0.0434,0
3.544383,11.797841,2.927574,0.134684,0.394299,0.309054,0.095137,17.10835,1.0,0.0,0.999993,11.14541,0.0,0.0,0.0266,0
0.875813,1.917045,12.0,0.0,0.032822,0.144213,0.031552,23.247408,1.0,0.0,0.980643,11.920501,0.0,0.0,0.1941,0
-0.031226,9.91206,12.0,0.0,0.267648,0.392006,0.387754,26.288485,0.185743,2.0,0.903716,11.780619,1.0,53.585185,0.046,0
4.04436,13.115645,3.602346,0.108653,0.391405,0.056328,0.067765,-0.974685,1.0,0.0,0.767273,10.801129,0.0,0.0,0.0266,0
3.401735,8.03399,12.0,0.0,0.193178,0.594775,0.030866,-4.767085,1.0,0.0,0.999752,10.646287,0.0,0.0,0.0304,0
1.194845,1.426519,1.002701,0.199342,0.199881,1.108743,0.035759,7.041512,1.0,0.0,0.999869,9.743965,0.0,0.0,0.0547,0
3.7045,12.652269,3.968906,0.0942,0.373872,0.305266,0.037087,-9.71778,1.0,0.0,0.999073,10.772586,0.0,0.0,0.0649,0
3.316493,8.157326,2.799932,0.097105,0.271887,0.056265,0.066295,1.954464,1.0,0.0,0.576658,10.847524,0.0,0.0,0.0259,0
1.345386,12.601061,3.795456,0.113553,0.430987,0.685124,0.520538,-14.288856,1.0,0.0,0.973888,11.142752,0.0,0.0,0.5842,0
1.498575,19.192277,12.0,0.0,0.435095,0.037078,0.054026,-1.699871,1.0,0.0,0.947925,10.721268,0.0,0.0,0.1125,0
2.838363,14.957005,12.0,0.0,0.324912,0.885218,0.810198,-22.0899,1.0,0.0,0.998956,10.940409,0.0,0.0,0.8401,1
0.564123,5.147539,12.0,0.0,0.142203,0.727439,0.023924,11.756169,1.0,0.0,0.995704,10.395226,0.0,0.0,0.0502,0
2.677399,9.444666,12.0,0.0,0.247525,0.616704,0.04385,-12.586452,1.0,0.0,0.999656,10.418252,0.0,0.0,0.2674,0
3.547592,7.771596,2.828402,0.085145,0.240823,0.045163,0.066842,0.288858,1.0,0.0,0.666277,10.977427,0.0,0.0,0.0322,0
4.263084,10.168515,12.0,0.0,0.204885,0.395834,0.049548,-29.117138,1.0,0.0,0.988233,10.774859,0.0,0.0,0.2085,0
2.068591,10.640336,2.342559,0.184785,0.43287,0.719022,0.042402,-2.808877,1.0,0.0,0.997968,10.309539,0.0,0.0,0.0277,0
3.229042,12.867052,3.045185,0.144993,0.441531,0.064818,0.032681,-9.389046,1.0,0.0,0.781401,10.157085,0.0,0.0,0.0562,0
4.580267,16.957591,8.043495,0.048069,0.386645,0.741555,0.085831,-14.810918,1.0,0.0,0.996552,9.831577,0.0,0.0,0.1352,0
1.418434,2.630395,1.000728,0.161528,0.161646,0.728928,0.029779,3.994808,1.0,0.0,0.999909,10.766957,0.0,0.0,0.0249,0
2.513117,10.208382,12.0,0.0,0.201045,0.436099,0.456538,-1.85457,-0.066013,0.0,0.764114,11.22403,1.0,55.317568,0.1267,0
0.327803,0.951602,0.833414,0.167875,0.139909,0.721151,0.044126,-13.192129,1.0,0.0,0.999292,10.529664,0.0,0.0,0.2501,0
1.627018,6.925639,12.0,0.0,0.183082,0.308517,0.036544,5.32478,1.0,0.0,0.998247,11.800743,0.0,0.0,0.0225,0
1.460495,3.57282,1.9744,0.081133,0.16019,0.125128,0.032137,19.607143,1.0,0.0,0.974666,10.245122,0.0,0.0,0.0892,0
0.542296,11.508638,7.93368,0.046437,0.368416,0.355294,0.056281,-17.20414,1.0,0.0,0.998584,10.208793,0.0,0.0,0.9908,1
-0.139781,3.142178,1.529986,0.095542,0.146178,0.376337,0.416613,24.529754,-0.175806,1.0,0.928678,11.193014,1.0,56.044444,0.0253,0
3.531891,4.292244,1.296503,0.113032,0.146546,0.07507,0.084913,1.086507,1.0,0.0,0.9764,11.584557,0.0,0.0,0.0416,0
4.85151,9.884249,3.03658,0.086708,0.263297,1.100301,0.038466,-11.962609,1.0,0.0,0.999611,10.917192,0.0,0.0,0.1079,0
0.138008,2.974566,1.893298,0.119041,0.22538,0.294637,0.019982,7.506011,1.0,0.0,0.999098,11.828306,0.0,0.0,0.219,0
1.966119,17.969999,4.332642,0.122977,0.532814,0.30276,0.03526,-7.980245,1.0,0.0,0.999431,10.417415,0.0,0.0,0.1725,0
0.570842,0.570842,0.334107,0.156355,0.052239,0.204321,0.071466,-32.881041,1.0,0.0,0.983217,10.642381,0.0,0.0,0.2804,0
1.31158,15.550414,12.0,0.0,0.381062,0.068197,0.064969,7.685805,1.0,0.0,0.702479,10.782013,0.0,0.0,0.0834,0
4.973861,12.853305,12.0,0.0,0.259374,0.381933,0.048175,-31.70822,1.0,0.0,0.987581,11.266806,0.0,0.0,0.3074,1
2.89363,15.718448,9.653589,0.041063,0.396408,0.082337,0.055019,9.44535,1.0,0.0,0.982312,11.130848,0.0,0.0,0.0245,0
2.736581,3.245451,1.040877,0.093327,0.097142,0.295075,0.022214,15.192274,1.0,0.0,0.998436,11.169089,0.0,0.0,0.1299,0
0.52119,1.939487,2.108244,0.049948,0.105302,0.30509,0.053211,-0.193461,1.0,0.0,0.999627,10.954351,0.0,0.0,0.3117,1
1.183969,1.183969,0.144255,0.119129,0.017185,0.066294,0.062395,-4.522786,1.0,0.0,0.908833,10.897812,0.0,0.0,0.2643,0
1.613737,15.198505,6.34212,0.066912,0.424365,0.864396,0.816696,13.787699,1.0,0.0,0.932336,11.75354,0.0,0.0,0.1636,0
1.963029,2.722885,1.37759,0.037229,0.051287,1.133344,0.036797,13.963247,1.0,0.0,0.99943,10.180057,0.0,0.0,0.0237,0
0.765172,1.228595,12.0,0.0,0.020114,0.323545,0.089634,-8.907124,1.0,0.0,0.987993,11.102406,0.0,0.0,0.7118,1
1.727551,2.184484,0.370105,0.113662,0.042067,0.6047,0.032733,14.77977,1.0,0.0,0.998488,10.503994,0.0,0.0,0.1605,0
1.520114,4.599967,12.0,0.0,0.139042,0.60218,0.034839,-5.632788,1.0,0.0,0.999522,10.245441,0.0,0.0,0.1709,1
4.559904,13.867459,12.0,0.0,0.305716,0.596499,0.064963,0.543212,1.0,0.0,0.999729,10.236803,0.0,0.0,0.0238,0
0.722632,0.722632,12.0,0.0,-0.185062,0.785666,0.066501,-35.362741,1.0,0.0,0.96126,10.018992,0.0,0.0,0.7045,1
0.959994,0.959994,-0.130645,0.07887,-0.010304,0.047268,0.066374,-3.123266,1.0,0.0,0.552715,11.683221,0.0,0.0,0.3536,0
4.430384,5.041741,12.0,0.0,0.019149,1.098936,0.037542,9.445449,1.0,0.0,0.999703,10.618641,0.0,0.0,0.0229,0
3.167112,3.167112,0.78994,0.222301,0.175604,1.130089,0.015947,-4.143445,1.0,0.0,0.999926,10.515453,0.0,0.0,0.0359,0
1.862123,13.631587,12.0,0.019172,0.342914,0.819392,0.848024,22.926612,1.0,0.0,0.972541,11.459344,0.0,0.0,0.2988,1
3.741001,4.83164,12.0,0.0,0.045019,0.369729,0.131279,-24.095814,1.0,0.0,0.97936,11.246455,0.0,0.0,0.1568,0
3.702852,14.836124,12.0,0.0,0.325726,0.331436,0.040687,-15.938469,1.0,0.0,0.996782,11.340647,0.0,0.0,0.1052,0
-0.864693,2.327348,1.354882,0.20107,0.272426,0.721497,0.04638,-5.977237,1.0,4.0,0.996388,11.742574,0.0,0.0,0.6295,1
2.948494,5.237153,1.920107,0.100427,0.19283,0.094582,0.091581,-9.481367,1.0,0.0,0.907214,11.053974,0.0,0.0,0.0539,0
4.017469,5.42246,2.067535,0.042854,0.088603,0.616745,0.061304,5.444051,1.0,0.0,0.999378,11.042739,0.0,0.0,0.0344,0
0.045764,1.111605,0.780256,0.157474,0.12287,0.718424,0.057243,1.427693,1.0,0.0,0.999263,10.167251,0.0,0.0,0.0252,0
2.612609,7.227776,12.0,0.0,0.157805,1.076862,0.039661,37.509893,1.0,0.0,0.996105,10.754225,0.0,0.0,0.0235,0
1.024432,1.680112,0.692797,0.14592,0.101093,0.724924,0.019435,-10.420704,1.0,0.0,0.997413,10.610447,0.0,0.0,0.0768,0
2.116844,3.260337,12.0,0.0,-0.017454,0.424856,0.353849,31.685896,0.194288,0.0,0.987799,11.972901,1.0,54.430769,0.0566,0
2.514159,25.732355,12.0,0.0,0.491647,0.730225,0.078791,17.264329,1.0,0.0,0.976821,10.250183,0.0,0.0,0.0246,0
0.930318,6.395068,12.0,0.0,0.158409,0.722809,0.047075,-2.251115,1.0,0.0,0.999847,10.752424,0.0,0.0,0.0365,0
0.718631,3.188729,1.64434,0.152006,0.249949,0.377158,0.078238,-25.443806,1.0,0.0,0.989105,10.63221,0.0,0.0,0.9752,1
0.944615,2.403613,1.57911,0.096954,0.153101,0.116847,0.081251,15.759182,1.0,0.0,0.742182,10.652811,0.0,0.0,0.1945,0
2.828209,14.030977,12.0,0.0,0.327662,0.101058,0.084518,8.365389,1.0,0.0,0.921081,11.497801,0.0,0.0,0.0272,0
1.769828,12.79764,12.0,0.0,0.325659,0.056152,0.010994,-9.660471,1.0,0.0,0.993512,10.575384,0.0,0.0,0.1815,0
2.72516,2.72516,12.0,0.0,-0.09582,1.069468,0.072908,2.767177,1.0,0.0,0.999875,10.201191,0.0,0.0,0.046,0
1.058328,5.05292,12.0,0.0,0.148201,0.318919,0.062136,-7.552085,1.0,0.0,0.994941,10.739749,0.0,0.0,0.4111,0
1.846002,4.431501,3.086335,0.047395,0.146277,0.097188,0.043787,15.405708,1.0,0.0,0.725502,11.341275,0.0,0.0,0.0417,0
1.818523,2.330556,1.459263,0.055996,0.081713,0.084454,0.05097,-12.737198,1.0,0.0,0.783831,11.363333,0.0,0.0,0.0887,0
2.71465,11.414363,2.607789,0.153267,0.399689,0.737773,0.035684,7.32635,1.0,0.0,0.994471,10.751582,0.0,0.0,0.0268,0
1.385803,4.166534,12.0,0.0,0.095441,0.612948,0.054832,29.461068,1.0,0.0,0.996097,11.22356,0.0,0.0,0.0583,0
4.589111,22.853142,12.0,0.0,0.458523,0.597385,0.071132,1.615609,1.0,0.0,0.999921,10.421052,0.0,0.0,0.0455,0
1.031463,17.775607,12.0,0.0,0.412883,0.75311,0.958203,0.287781,1.0,0.0,0.845367,11.673477,0.0,0.0,0.479,1
1.03127,9.013944,12.0,0.0,0.209835,0.439309,0.448036,29.386361,0.364391,0.0,0.86184,11.024002,1.0,54.956204,0.0268,0
0.287212,4.052353,2.579029,0.086582,0.223298,0.593265,0.743253,-20.268712,1.0,0.0,0.872702,10.760381,0.0,0.0,0.689,1
1.611919,12.070912,12.0,0.0,0.31109,0.091529,0.027007,14.573006,1.0,0.0,0.996993,10.869329,0.0,0.0,0.0319,0
3.455409,4.720964,1.592956,0.084603,0.134768,0.329758,0.055289,-9.43473,1.0,0.0,0.997075,10.815245,0.0,0.0,0.0741,0
3.632695,12.757982,3.031853,0.140626,0.426356,0.086247,0.04404,-13.669293,1.0,0.0,0.704249,11.106467,0.0,0.0,0.0832,0
3.252923,25.678567,12.0,0.0,0.493005,0.293166,0.023821,-6.599849,1.0,0.0,0.999109,10.35262,0.0,0.0,0.0384,0
2.711265,7.990023,12.0,0.0,0.185992,0.037929,0.040991,-1.060726,1.0,0.0,0.719689,11.08526,0.0,0.0,0.0304,0
3.099273,18.107474,7.487197,0.063379,0.474529,0.607686,0.035531,-2.97918,1.0,0.0,0.999928,11.218225,0.0,0.0,0.0877,0
2.922708,10.140375,5.902733,0.049039,0.289465,0.070069,0.055825,-9.777749,1.0,0.0,0.965076,10.468627,0.0,0.0,0.0596,0
3.871555,17.226463,12.0,0.0,0.354934,0.718083,0.026148,-5.745344,1.0,0.0,0.997947,10.753407,0.0,0.0,0.0364,0
2.784699,13.139588,12.0,0.023362,0.33108,0.137431,0.041984,22.787785,1.0,0.0,0.669326,11.833361,0.0,0.0,0.0236,0
1.639012,3.015621,1.356995,0.143477,0.194697,1.105418,0.014932,3.060497,1.0,0.0,0.99995,10.31347,0.0,0.0,0.031,0
0.56039,0.56039,-1.143349,0.067891,-0.077624,0.128124,0.055804,-22.205678,1.0,0.0,0.978904,11.025972,0.0,0.0,0.6486,1
4.678521,21.887908,6.351435,0.079886,0.507388,0.051417,0.060796,0.994715,1.0,0.0,0.842396,10.94457,0.0,0.0,0.0249,0
0.691065,1.820998,0.703389,0.150714,0.10601,0.739146,0.036575,20.674845,1.0,0.0,0.991691,10.92559,0.0,0.0,0.0869,0
2.469279,17.065258,12.0,0.0,0.385818,0.289039,0.056862,3.538499,1.0,0.0,0.997653,10.674008,0.0,0.0,0.0226,0
1.988562,6.084978,5.494234,0.025792,0.141706,0.719765,0.02433,4.288374,1.0,0.0,0.999372,11.349331,0.0,0.0,0.0226,0
3.235876,9.132853,9.237738,0.025219,0.23297,0.135522,0.039325,-21.857382,1.0,0.0,0.83456,10.545339,0.0,0.0,0.1489,0
0.51006,0.65389,-0.307542,0.050177,-0.015432,0.731058,0.050291,-18.55568,1.0,0.0,0.988444,10.148368,0.0,0.0,0.1553,0
0.102657,3.351194,3.2059,0.024839,0.079632,0.42978,0.509628,22.351769,-0.058479,0.0,0.752622,10.683377,1.0,56.083333,0.0248,0
-0.500867,-0.500867,-1.390738,0.099258,-0.138041,0.664523,0.04064,-37.738485,1.0,3.0,0.992237,9.960267,0.0,0.0,0.6502,0
3.796561,15.447583,5.480777,0.074122,0.406244,0.290418,0.030211,14.963318,1.0,0.0,0.999835,11.750546,0.0,0.0,0.0223,0
1.300383,15.275878,12.0,0.0,0.37763,0.311535,0.070435,-1.190169,1.0,0.0,0.996297,10.739431,0.0,0.0,0.1216,0
3.652755,12.249336,6.933068,0.0462,0.320307,0.103141,0.059126,-12.830602,1.0,0.0,0.802013,11.237677,0.0,0.0,0.111,0
2.533477,9.557353,6.146635,0.045485,0.279582,0.057165,0.06791,-2.854611,1.0,0.0,0.774631,10.866654,0.0,0.0,0.0336,0
1.720894,14.208087,3.858445,0.123153,0.475181,0.068289,0.041908,9.642094,1.0,0.0,0.906641,11.310228,0.0,0.0,0.0437,0
2.737207,11.845255,4.435434,0.08179,0.362775,0.133421,0.068165,20.667942,1.0,0.0,0.959731,11.59891,0.0,0.0,0.0254,0
2.983919,6.42646,3.28217,0.036844,0.120927,0.727357,0.041707,-8.216054,1.0,0.0,0.992243,10.052765,0.0,0.0,0.0622,0
2.848126,13.668908,12.0,0.0,0.318801,0.294134,0.105977,-6.399487,1.0,0.0,0.995628,10.226812,0.0,0.0,0.0683,0
-2.842569,-2.842569,0.176428,0.186309,0.03287,0.726587,0.049168,-10.597679,1.0,23.0,0.99975,11.581394,0.0,0.0,0.9473,1
-0.386879,6.930264,12.0,0.0,0.210261,0.728162,0.05527,12.940579,1.0,3.0,0.994617,10.789775,0.0,0.0,0.1426,1
2.323293,8.390978,12.0,0.0,0.186543,0.732623,0.037,-5.235268,1.0,0.0,0.996334,10.464238,0.0,0.0,0.0308,0
2.585437,10.126531,12.0,0.0,0.269219,0.598881,0.017151,-0.428561,1.0,0.0,0.99994,10.822627,0.0,0.0,0.0409,0
3.203063,7.831576,2.586794,0.102439,0.264989,1.082495,0.011813,8.139941,1.0,0.0,0.999807,10.363721,0.0,0.0,0.0217,0
0.222811,2.515934,2.246134,0.072372,0.162557,0.37481,0.124065,-20.147782,1.0,0.0,0.996207,11.691014,0.0,0.0,0.9958,1
-1.597095,19.142781,12.0,0.0,0.44159,0.439567,0.55762,-3.397657,-0.040753,4.0,0.833251,10.893222,1.0,57.465116,0.9925,1
2.243062,6.903128,2.27021,0.125,0.283777,0.745836,0.844082,-21.278306,1.0,0.0,0.712495,10.449269,0.0,0.0,0.2088,1
3.660088,6.350433,1.978666,0.103078,0.203958,0.294851,0.061136,10.825155,1.0,0.0,0.996017,11.454506,0.0,0.0,0.0256,0
4.81273,14.310078,6.025463,0.061294,0.369325,0.591092,0.0548,8.917035,1.0,0.0,0.999315,11.069014,0.0,0.0,0.0254,0
1.228852,4.635515,12.0,0.0,0.12698,0.099634,0.07012,13.455975,1.0,0.0,0.875887,11.696278,0.0,0.0,0.0938,0
1.089527,6.560992,12.0,0.0,0.187553,0.155408,0.088023,25.979841,1.0,0.0,0.535655,11.21221,0.0,0.0,0.0916,0
0.821677,8.626352,12.0,0.0,0.257409,0.360826,0.068485,-21.874068,1.0,0.0,0.992923,10.459555,0.0,0.0,0.9967,1
-1.142135,-1.142135,12.0,0.0,-0.127883,1.104818,0.065053,-3.271469,1.0,4.0,0.999955,10.747106,0.0,0.0,0.242,1
3.921857,18.099866,12.0,0.0,0.37939,0.084775,0.019636,13.639318,1.0,0.0,0.99516,10.728438,0.0,0.0,0.0238,0
0.543267,0.543267,0.838945,0.151701,0.127269,0.101654,0.063648,-16.231898,1.0,0.0,0.648293,11.911277,0.0,0.0,0.5176,0
-3.36745,-3.36745,-1.944668,0.063422,-0.123335,1.085421,0.059233,7.098734,1.0,17.0,0.999835,11.475872,0.0,0.0,0.3035,1
-1.575151,-1.356762,-0.516116,0.073622,-0.037997,0.432915,0.530325,22.001452,0.284024,23.0,0.940411,10.718719,1.0,51.991935,0.5712,1
1.35285,5.104373,7.851881,0.020437,0.160465,0.032662,0.036186,1.779864,1.0,0.0,0.860305,10.859327,0.0,0.0,0.0441,0
1.122848,3.467186,1.68926,0.131301,0.221801,0.103115,0.050035,19.206455,1.0,0.0,0.950995,11.232522,0.0,0.0,0.0642,0
3.683857,10.129822,12.0,0.0,0.218067,0.061448,0.058085,3.621352,1.0,0.0,0.660744,11.551015,0.0,0.0,0.025,0
2.310525,11.402935,11.158506,0.023877,0.266427,0.399551,0.509857,38.258487,0.085465,0.0,0.553311,11.481076,1.0,56.870968,0.0239,0
6.274713,11.799776,5.11643,0.054408,0.278373,0.656239,0.094669,-38.983157,1.0,0.0,0.991521,11.09561,0.0,0.0,0.3186,0
-0.759022,-0.506793,12.0,0.0,-0.053508,0.721198,0.049988,-10.372714,1.0,11.0,0.999826,10.490579,0.0,0.0,0.7958,0
3.045542,4.812415,12.0,0.0,0.067777,0.640801,0.574079,42.977001,1.0,0.0,0.937949,11.004019,0.0,0.0,0.5483,0
-0.796818,0.016386,0.62783,0.117454,0.073741,0.731772,0.044841,5.720654,1.0,8.0,0.994231,10.190145,0.0,0.0,0.1215,0
1.076433,2.773399,1.44494,0.173727,0.251025,0.198172,0.057909,-31.027825,1.0,0.0,0.830654,11.551961,0.0,0.0,0.9843,1
1.640243,9.687933,12.0,0.0,0.257027,0.128284,0.079564,20.475688,1.0,0.0,0.910532,10.741893,0.0,0.0,0.0267,0
2.106251,9.069899,12.0,0.0,0.228687,0.327387,0.11077,3.20007,1.0,0.0,0.997703,10.75289,0.0,0.0,0.0262,0
1.341847,6.059413,7.616294,0.0252,0.19193,0.278393,0.043707,-1.126988,1.0,0.0,0.999831,10.595511,0.0,0.0,0.0475,0
2.833382,7.27302,2.05432,0.114872,0.235983,0.728593,0.051765,-4.355888,1.0,0.0,0.998704,11.408976,0.0,0.0,0.0279,0
2.74696,2.74696,0.942855,0.077535,0.073104,0.303089,0.022784,-4.821764,1.0,0.0,0.999933,11.215423,0.0,0.0,0.0921,0
4.333021,11.320176,3.288619,0.106657,0.350754,0.599809,0.072947,35.138516,1.0,0.0,0.994485,11.233959,0.0,0.0,0.0252,0
2.097358,10.260509,3.572858,0.098811,0.353036,1.121435,0.041875,49.499347,1.0,0.0,0.994099,10.569676,0.0,0.0,0.0258,0
2.15324,5.355465,12.0,0.0,0.09661,0.880848,0.900134,4.223646,1.0,0.0,0.910476,11.095189,0.0,0.0,0.4438,1
2.790207,8.908733,12.0,0.0,0.207925,0.085855,0.061831,9.202661,1.0,0.0,0.891058,10.260386,0.0,0.0,0.0253,0
4.608325,11.241003,12.0,0.0,0.242808,0.598207,0.053893,7.615388,1.0,0.0,0.999735,10.850092,0.0,0.0,0.0245,0
3.101568,10.157387,3.167015,0.113279,0.358757,0.633728,0.061825,27.949584,1.0,0.0,0.995199,10.266695,0.0,0.0,0.0274,0
1.484122,13.38165,12.0,0.0,0.335565,0.344528,0.084743,28.797587,1.0,0.0,0.993397,10.819966,0.0,0.0,0.0332,0
1.135264,6.517282,12.0,0.0,0.182331,1.119828,0.053893,40.991213,1.0,0.0,0.995616,11.085825,0.0,0.0,0.0574,0
3.34594,12.051706,3.905819,0.093476,0.365102,0.126124,0.025364,22.990353,1.0,0.0,0.895166,10.059515,0.0,0.0,0.0219,0
1.779403,2.136175,12.0,0.0,-0.035984,0.612972,0.05087,-6.997833,1.0,0.0,0.999843,10.990748,0.0,0.0,0.1014,1
4.454096,9.404842,12.0,0.0,0.178697,0.323928,0.069853,-18.827434,1.0,0.0,0.989552,10.700227,0.0,0.0,0.1037,0
4.360411,6.279069,1.666334,0.126266,0.210401,0.229306,0.055322,-37.831586,1.0,0.0,0.91731,10.934864,0.0,0.0,0.3411,0
2.979261,10.021231,12.0,0.0,0.232806,0.30972,0.057802,5.276872,1.0,0.0,0.994786,10.074578,0.0,0.0,0.0252,0
3.746383,9.390051,12.0,0.0,0.195515,0.288212,0.037256,-5.981961,1.0,0.0,0.999605,10.504579,0.0,0.0,0.0454,0
-0.021852,11.141953,12.0,0.0,0.299793,0.504358,0.34732,68.516405,0.745619,1.0,0.857411,10.116767,1.0,55.507463,0.0379,0
